lang,text
fra,Je parie que vous ne saviez pas ça.
eng,Sami is talking to a customer.
spa,"La fiesta terminó temprano, pero Vladimir se divirtió."
ita,Il loro colore preferito non è l'indaco.
deu,Ich bin ein japanischer Literat.
eng,He renovates old houses in Spain.
deu,Ich gehe mit Opa angeln.
deu,Ich werde zum Mond fliegen.
deu,Das Meer kann tief sein.
ita,Ci disse della sua giornata.
ita,Lo so che vuoi ancora essere con me.
deu,Maria und Tom gehen getrennte Wege.
spa,Siento haberla herido.
eng,Carry these tangerines to Igoufaf.
eng,Somebody wants to kill me.
eng,I don't want to eat lunch now.
eng,The damage of the disaster has been enormous.
fra,Tom demanda plus de café.
spa,Cuando le saludé me ignoró.
deu,Die Übersetzung ist originalgetreu.
ita,Non sapevamo niente.
eng,Jugurtha conducted a war against the Romans.
ita,Ha un enorme appetito.
eng,I didn't realize Tom was having trouble breathing.
ita,Mark si è laureato ad Harvard nel 1991.
ita,Tom iniziò a confessare.
deu,Die Anzahl der in der Stadt fahrenden Autos hat sich erhöht.
eng,What time are you leaving tomorrow morning?
eng,Sami's doctor came in.
fra,Le roi est mort. Longue vie au roi !
ita,Ti piace andare ai concerti?
ita,Mia sorella soffre di un forte raffreddore.
deu,"Es besteht die Möglichkeit, dass Tom hier irgendwo im Park ist."
eng,You'll recognize it when you see it.
fra,Où est leur voiture rouge ?
eng,Are you sure Tom isn't here?
ita,Mary sta aspettando che la aiuti.
ita,Dove posso comprare un reggiseno?
spa,Me siento incómodo en esta silla.
deu,Ich will weiter Französisch lernen.
fra,Mon mensonge me pesait sur la conscience.
deu,Tom ist gestern nach Australien abgereist.
fra,Tom devrait probablement dire à Marie qu'il est désolé.
deu,"Ich glaube, Tom ist verliebt."
spa,Te extrañé mucho.
spa,Tom probablemente sabe la respuesta.
ita,Mary ha temperato la sua matita.
fra,À eux.
ita,Tom fu ucciso con una chiave per lo smontaggio dello pneumatico.
deu,Es hat drei Tage durchgeregnet.
spa,Tom necesita altiro la plata.
ita,Abbiamo fissato il prezzo a quindici dollari.
ita,"Siete veramente pazienti, vero?"
spa,"Perder el tiempo, si te gusta hacerlo, ¡no es una pérdida de tiempo!"
fra,C'était à mon tour de nettoyer la salle.
ita,Siete passati dalla finestra.
fra,Sa santé a empiré la nuit dernière.
fra,Tom a pris un grand verre d'eau.
spa,¡Quién lo iba a pensar!
spa,¿Ese edificio gris?
deu,"Hast du die Angewohnheit, gleich den Fernseher einzuschalten, sobald du nach Hause kommst?"
ita,Sono in pausa.
spa,"SIDA significa ""Síndrome de InmunoDeficiencia Adquirida""."
fra,"Malheureusement, cette revue n'a pas de page de sommaire."
eng,Tom has calmed down a bit.
ita,Spero avesse tutte le cartine in regola.
eng,I am acquainted with the chairman of that club.
deu,Der Schneemann ist von unserem Hof verschwunden.
eng,My chest is aching.
fra,Nous devons régler ça.
fra,Tes chaussures sont usées à force de marche.
eng,Mary told everybody she was bored.
fra,Elles sont déjà rentrées à la maison.
fra,Je parle français avec mes associés.
spa,Es una grasa.
eng,Tom said he had to talk to me.
deu,"Ich glaube, dass Tom und Maria in Schwierigkeiten sind."
deu,Kannst du mir das hier übersetzen?
ita,Mary mi disse che non fumava.
ita,Tutte le persone alte più di un miglio devono allontanarsi dalla Corte.
spa,Me siento orgulloso al ver nuestra bandera verde ondeando al viento.
ita,Lei ha incontrato qualcuno.
deu,Sie schreit noch nicht.
ita,"Tom è aggressivo, però Mary non lo è."
deu,Was halten Sie von dem Film?
fra,Le voilà dans de beaux draps !
ita,Si è divertito con i suoi amici?
deu,"Ich hoffe, Tom ist interessiert."
spa,Tom tuvo una cita con Mary el viernes pasado.
spa,Las habéis puesto de lado.
fra,C'est une théorie controversée.
eng,I'm nothing like him.
spa,Sami es un pianista elogiado.
eng,The problem is not solved.
deu,Daniel starb an akutem Stress.
fra,Je ne voulais pas que tu sois impliqué.
eng,Mary likes to shop at Macy's.
spa,¿Puedes reunirte con él?
ita,Spero non sia così.
deu,"Ich war im Haus, als das passierte."
fra,Il n'aura pas raison.
ita,Stai ancora guardando questo?
ita,"Di che nazionalità erano i suoi nonni? ""Brasiliana."""
spa,¡Me voy de compras!
fra,Pourquoi certains oiseaux peuvent-ils voler très haut dans le ciel ?
ita,Mary mi disse che era ubriaca.
spa,Tom ha dicho que tiene un día libre.
spa,Voy a hacer un truco con solo cuatro cartas.
eng,Ziri has come to milk the ewe.
deu,Die Grammatik des Esperanto ist sehr einfach.
ita,Io non ho voglia di correre fino alla stazione.
deu,Seine Beine und Füße sind stark geschwollen.
spa,El corazón está repleto pero la boca muda.
deu,Wer hat dir diese Information zukommen lassen?
ita,Resta idratato!
spa,Gastaron mucho dinero en esta mezquita.
deu,"Wenn es wie eine Ente aussieht, so schwimmt und so quakt, dann ist es vermutlich eine Ente."
fra,Vous n'êtes pas retournées à Oued Ghir.
deu,Wann treffen Sie sich mit ihr?
spa,¿No te gusta?
spa,"Ellos venden frutas, pan, tortas y muchas otras cosas."
deu,Wo schwimmst du normalerweise?
spa,Los caminos son largos.
spa,Túmbese en la camilla.
eng,She was truly scared by the horror movie and even screamed several times during the screening.
spa,Me gusta donde vivo.
deu,Bestimmt haßt sie mich jetzt.
fra,Ce livre a été écrit par deux personnes.
eng,"Shut up, bitch!"
ita,Quella donna morì.
ita,Tra due ore devi cliccare il link.
eng,I've only read the first part of the book.
eng,"Tom, I want to have a little word with you."
ita,Mi conciliano troppo il sonno.
fra,Tom attendait nerveusement.
deu,Toms Großvater war ein Sklave.
deu,"Sorge dafür, dass er sich nicht dorthin begibt!"
ita,La Sardegna non delude mai!
ita,Volevo darci un'occhiata dentro.
ita,Mary mi disse che ci avrebbe guardato.
deu,Tom hat völlig recht.
spa,Yo sabía que esto iba a pasar.
deu,Letzten Endes kam er nicht wieder.
spa,Pon las luces.
deu,Das ist ein sehr wichtiges Meeting. Sie sollten es nicht verpassen.
ita,Andiamo a fare nuove conoscenze in Irlanda del Nord.
spa,No me gusta que vengas cansado todos los días.
ita,Penso che andrò per amore in Lettonia.
spa,La librería está a dos cuadras de aquí si sigues adelante.
deu,Wiederholung ist die Mutter allen Lernens.
spa,¿Sabes dónde vive la señorita Hudson?
eng,April fools!
ita,È la prima volta di Tom qua.
spa,El río ya no es tan limpio como solía ser.
ita,È stato convertito dal Buddismo al Cristianesimo.
eng,"No, he's our business manager."
fra,Tu as dû dire la vérité.
eng,"By 2030, twenty-one percent of its population will be over sixty-five."
fra,"Oui, c'est moi. Êtes-vous M. Nakano ?"
fra,Leur vie d'époux fut un bonheur absolu.
eng,May I try this jacket on?
fra,"Quelque soit le genre, on se fait quand même baiser."
ita,Siete scesi al suo livello.
ita,Ho detto a Tom che non lo avrei voluto fare mai più.
spa,Todo el mundo sabe que la suerte y la riqueza provocan la envidia.
spa,Me encanta aprender otras lenguas.
ita,Ti rispondo in tempo reale.
ita,"Potrei tornare fra cinque giorni? — Va bene, torni fra cinque gioni."
spa,Va a volver a pasar otra vez.
ita,Adesso è completamente diversa.
deu,Ich bin stolz auf meinen Vater.
fra,Je vous ai dit que j'ai une petite amie.
eng,There's someone at the doorway.
fra,Tom est rentré à Boston pour Noël.
eng,Tom said he thought I might have to do that soon.
spa,¿Esto es un bolígrafo o un lápiz?
ita,Il supermercato non aveva quello che volevo.
fra,J'ai un presse-orange.
ita,Io ho un brutto mal di testa.
deu,Schulde ich dir nicht etwas?
deu,"Es war kleiner, als ich erwartet hatte."
spa,Hubo un gran terremoto en Tokio.
spa,Es rubio.
ita,"Ottenemmo un prezzo equo, in linea con il mercato."
eng,That cat looks just like Cookie.
eng,Our country abounds in products.
deu,"Obwohl der Wecker klingelte, bin ich nicht aufgewacht."
spa,¿Cuándo estuvo en Londres?
fra,Ne parlez pas trop fort ! Vous allez la réveiller.
fra,En êtes-vous sûres ? Pourquoi pas ?
deu,"„Wer sagt denn jetzt die Wahrheit, Tom oder Maria?“ – „Schwer zu sagen.“"
eng,Mosques need to be kept clean.
fra,Il va lui prêter le sien.
eng,You must be Tom's parents.
deu,Das ist in London so Sitte.
fra,Je sais maintenant ce que vous aimez et ce que vous détestez.
deu,"Du bist der Einzige, der das tun möchte."
fra,Je n'ai pas pris conscience que vous étiez éveillée.
fra,Elle kiffe cet acteur.
eng,It is not as good as it looks.
ita,Si è fatto giustizia da solo.
fra,"Ensemble, nous pouvons changer cet état de fait."
deu,"Es ist leichter gesagt als getan, auf den Gipfel des Mont Blanc zu steigen."
ita,Ho sentito dire che Tom e Mary non nuotano più.
deu,Halte deine Versprechen und sei verlässlich!
deu,Natürlich bin ich einverstanden.
deu,Das ist deine Handtasche.
ita,Avete detto loro la verità?
fra,Elle t'attendait tellement !
deu,Wir drehen uns schon wieder im Kreis.
deu,Tom blieb die ganze Nacht hellwach.
eng,Birds began flying away in droves.
deu,Ich habe den Vorhang heruntergelassen.
ita,Tom si vestì per la festa.
fra,De quelle couleur sont vos yeux ?
deu,Sie kann fließend Englisch sprechen.
deu,"Er war verzweifelt, wusste sich keinen Rat mehr."
ita,Tutti la conoscono.
deu,Das sind die Folgen des süßen Lebens.
fra,Je n’oublierai jamais la réponse de Tom.
deu,Das Positiv wurde im Altarraum aufgestellt und begleitete den Chor.
deu,Diese liegt auch in Apotheken aus.
ita,Il ramo si spezzò e lei cadde.
fra,Cachez le gâteau.
deu,Mein Onkel ist Arzt.
deu,Ich bin glücklich hier zu sein.
spa,Algunas personas parecían pensar que los buenos tiempos iban a durar para siempre.
fra,Merci pour le cadeau.
spa,"Quería vivir solo, no en una casa de retiro."
eng,I think that's going to happen very soon.
fra,Je pense qu'on s'est fait avoir.
fra,Il y a beaucoup de crime dans les grandes villes.
deu,Wissenschaftler wollen mit der Plasmatechnik Energie erzeugen.
fra,Qui héritera de ce qu'il a laissé ?
deu,Tom hat Mary fast zu Tode geprügelt.
ita,"Di che nazionalità erano i vostri fratelli? ""Slovacca."""
fra,L'assemblée se tiendra dans la matinée de dimanche.
ita,Sono bisognoso.
ita,La teoria non è accettata.
ita,A me piace lo zucchero a velo.
ita,Le sue figlie sono belle.
deu,"Tu’s nicht für andere, sondern für dich selbst!"
spa,¿Cuándo llegó usted a China?
spa,No sé por qué estoy malhumorado esta mañana.
deu,Wessen Pullover ist das?
spa,¿Dónde y cuándo llegaste a conocerla?
spa,Aquí no hay nada.
deu,Seid ruhig!
fra,Elle souhaite porter plainte.
spa,Vosotras no podéis confiar en él.
eng,I'd like to make a collect call to Los Angeles.
fra,Assurez-vous d'éteindre la lumière quand vous quittez la pièce.
ita,Ci lamentiamo se danno la colpa ai videogiochi.
eng,"I'm not racist, but humans make me uncomfortable."
fra,Je suis désolée de vous avoir blessée.
deu,"Wir fahren um elf los, wenn du in den Berliner Zoo mitkommen willst."
ita,Non vai a costruire scuole in Irlanda?
ita,Tom ci comprò del cibo.
ita,"In questa materia, una guida professionale è d'importanza cruciale."
fra,Profitons-en tant qu'il est absent.
fra,Vous êtes-vous entiché d'elle ?
eng,Tom put on his pajamas and got into bed.
eng,"When Tom told Mary that he'd kissed Alice, she got upset."
fra,Tu ne manges pas de bananes ?
spa,El arma se disparó.
spa,Está en buenas manos.
deu,Danke fürs Über-die-Straße-Helfen.
ita,Perché non vai allo zoo con Tom oggi?
deu,"Thomas will, dass du es für ihn machst."
fra,J'ai acheté une vieille voiture.
spa,Con trabajo todo se alcanza.
fra,On est toujours l'imbécile d'un autre.
spa,Me tendré que cambiar de gafas.
deu,Male die Bäume gegen den Hintergrund des blauen Himmels.
deu,Ich wünschte ihm einen guten Abend.
fra,Le mont Everest est haut de huit mille huit cent quarante-huit mètres.
deu,Tom könnte entlassen werden.
spa,Muchos niños mueren de hambre en África.
deu,Du sprichst ja wie Eco.
eng,Mary was unable to explain herself.
ita,"Dove vai per lavoro? ""In Romania."""
spa,Vivimos en un mundo multilingüístico.
eng,Which materials absorb water?
spa,Ella tuvo que ir parada en el tren.
fra,Il a négligé ses devoirs.
eng,I don't like being told to hurry.
ita,Non getto i suoi libri.
spa,"De pequeño, mi hermano creía que los vencejos del atardecer eran murciélagos."
ita,"Di che nazionalità sono i tuoi cugini? ""Peruviana."""
deu,Verbeugt euch!
fra,C'est un combat de tous contre tous.
deu,"Er konnte Uigurisch schon, bevor er nach Kaschgar kam."
deu,Das ist nicht nur ein einfacher Streit: die führen Krieg miteinander.
ita,"So di saperlo, ma non riesco a ricordarlo."
eng,Layla is never going to see Sami again.
deu,"Achtung, keine Panik!"
fra,Ce chien pourrait avoir le bon tempérament pour travailler dans une ferme.
eng,When was Tom's trial?
ita,"Ora, da dove sei arrivato?"
spa,Soy carpintero desde hace diez años.
spa,"Es mi vecino, pero no le conozco demasiado bien."
spa,Apague su cigarro. Está prohibido fumar aquí.
fra,"Je n'arrive pas, seule, à faire ce travail."
spa,Ese armario no tiene barra.
spa,Vimos tu camión en la carretera.
ita,Non ucciderti.
spa,Mi respuesta es sí.
ita,Tom catturò tre pesci.
spa,"Descálzate antes de entrar, llevas las zapatillas sucias."
deu,"Nur deswegen habe ich euch alle um Rat gebeten, wir müssen einen Ausweg finden!"
ita,Usa Facebook?
ita,Non vado a costruire moschee in Galles?
deu,Möchten Sie nicht meine Seite der Geschichte hören?
deu,Der Minister hat sich bisher nicht dazu geäußert.
ita,Erano vestite.
fra,Nous avons juste peur.
eng,This is a heavy-duty machine.
fra,Il n'a pas pris soin de lui-même.
spa,Entra ya.
eng,I don't know what to do with my leisure.
ita,La deposizione del signor Moon è oggi. Presumo che tu sia preparata per la deposizione di oggi.
spa,"¡Cámarero, cóbrese, por favor!"
ita,Va a costruire stadi in Islanda.
ita,Il lavoro è tutto per me.
spa,A Jon le apasiona la música pop.
eng,I'll have someone show you to your room.
deu,Wir radeln zum See.
ita,"Dove andrai fra un mese? ""In montagna."""
ita,"Di che nazionalità erano i suoi professori? ""Egiziana."""
ita,Il terremoto non è sufficiente.
ita,Tom ha raccomandato Maria.
deu,Hörst du richtig zu?
spa,Eso no fue un error.
ita,La mostra d'arte ha affascinato grandi e piccini.
fra,Les forces de l'ordre étaient en parfait désordre.
ita,Perché non è andato a scuola?
deu,"Das ist eine Frage, die uns ziemlich oft gestellt wird."
spa,A veces damos un paseo en el coche.
eng,Adriano felt the wind blow through him.
ita,Fa abbastanza schifo.
fra,Je vous demande de vous arrêter !
eng,Tom doesn't know if he will come or not.
fra,Viens par ici m'aider.
ita,Penso che non andrai per amore in Estonia.
eng,I don't think Tom and Mary could do that even if they tried.
fra,Salut mon frère et à Dieu.
spa,Sacudí mi cabeza.
ita,Mi riempie di orgoglio.
eng,Tom should have waited for us.
deu,Du musst vor zehn zurück sein.
ita,Andate a costruire edifici in Turchia?
fra,Elle ne peut pas m'arrêter.
ita,Sarà là lunedì?
deu,Niemand hat ihn bedroht.
spa,Vine a besarte.
spa,Esa falda cuesta doscientos dólares.
eng,Tom wasn't aware Mary was in the hospital.
eng,I don't know what time I'll be home.
eng,I'm 25 years old and I've never had a girlfriend.
deu,"Schau, was ich für dich gemacht habe."
spa,¿Qué películas has visto últimamente?
spa,El Sol también brilla por la noche.
spa,No he tenido la oportunidad de ver esa película.
fra,Mike a une jolie raquette.
spa,No debemos aguantar más.
deu,Der Polizist gab dem Fahrer die Schuld an dem Unfall.
eng,I love jokes.
spa,Confío en que podamos hablar antes.
deu,Ich habe dieses Thema eröffnet.
eng,Keep practicing Berber numbers.
eng,Football is the most popular sport in Brazil.
eng,It upset me.
deu,Sie kümmert sich immer um ihre Kinder.
eng,Tom doesn't want Mary there.
deu,Zieh dir was über. Du erkältest dich sonst noch.
fra,Demander ne coûte rien.
fra,Qu'est-ce qui est bon ?
eng,Never say that again.
deu,Du hast alles kaputtgemacht!
deu,Es hat mich an dich erinnert.
spa,Él llevaba un arma consigo.
deu,"Da sie um fünf Uhr losgingen, sollten sie bis sechs Uhr zu Hause ankommen."
ita,Cos'è successo ieri?
deu,"Entschuldigen Sie die Störung, aber mein Auto ist kaputt. Könnten Sie mir wohl helfen?"
ita,Ho portato il brandy.
spa,"Por favor, no me distraiga de mi trabajo."
spa,Quitaos los calcetines.
spa,He perdido mis bongos allá.
deu,Esperantisten feiern gerne.
fra,Eugènie a des grosses fesses.
spa,El neumático de mi bicicleta se ha reventado
fra,Tom a arrêté de boire de l'alcool.
deu,"Was gegen die Natur ist, das ist gegen Gott."
fra,La tour Eiffel est une curiosité touristique.
ita,Io non riesco a risponderle immediatamente.
ita,"Di che nazionalità sono i vostri vicini? ""Statunitense."""
eng,"You've told them, haven't you?"
fra,"Il a plu beaucoup, la route est encore mouillée."
spa,Él me dio no menos que 10000 yenes.
eng,Tom told everyone he was glad that that was going to happen.
spa,No entiendo por qué Alemania ha ganado Eurovisión.
spa,Ella me miró con una sonrisa pícara en su rostro.
fra,"L'ennui, la routine, le manque de curiosité sont les grands ennemis de notre cerveau."
eng,I thought you'd be late.
ita,I pipistrelli sono animali che volano di notte e talvolta dormono nelle caverne.
spa,"Como no había taxis, volvimos caminando."
spa,Fuimos a divertirnos al parque.
eng,I don't do that with anyone but Tom.
spa,Él tiene nueve años.
deu,Freundliche Gedanken sind Blüten des Herzens.
fra,Le coiffeur barbe son client avec précision.
ita,Ha mangiato delle lasagne ieri?
ita,Non voleva vendere la sua auto.
deu,Reiche Leute sind überall daheim.
ita,Il ducato è scomparso.
spa,Deja de jugar con ese tiburón que te va a arrancar la pierna.
eng,Tom and Mary are still looking for a house they can rent.
eng,Tom is a former champion.
ita,Puoi cucinare?
ita,Non scrivermi!
spa,No contéis con nosotros. No vamos a tomar parte en algo tan peligroso.
eng,He gave me tea without sugar.
spa,No puedo escuchar nada cuando estoy usando estos auriculares.
eng,He's capable of doing it.
spa,¿Recuerdas el nombre de tu primer maestro?
eng,Mary said she'd definitely do that.
fra,Sortez-lui la carte.
eng,The man was wearing a striped shirt.
fra,On a eu un été sec.
fra,Vous vous affairiez à préparer le dîner.
eng,I like this one best.
spa,El edificio fue totalmente destruido por el terremoto.
eng,Why don't you come to the party with us?
spa,¿Es hoy su cumpleaños?
eng,Tom filled his glass with wine.
ita,Non vado a costruire università in Libano.
fra,Tom est actuellement en service.
eng,I'm not leaving with him.
fra,Avez-vous à votre connaissance une maladie allergique ?
spa,Llegué a la casa y lo primero que hice fue quitarme los zapatos.
fra,Je suis maladroit avec les femmes.
eng,I speak Kabyle.
spa,¡Para ya o te pegaré!
spa,Ella se cocinó una rica comida.
eng,How would you stop us?
eng,May I speak to you outside?
eng,"A single mistake, and you are a failure."
spa,Él me puso en contacto con los secuestradores.
eng,You cannot light this candle.
eng,How large was the judgment against you?
eng,Tom didn't know Mary had gotten married.
spa,¡El sabor es maravilloso!
deu,Jeden Monat am Zahltag gebe ich meiner Mutter 50.000 Yen.
ita,Ho delle cose che voglio fare.
deu,"Ich bezweifle, dass Tom Interesse daran hätte, den Streitkräften beizutreten."
eng,Tom left for Australia as soon as he got Mary's call.
spa,Tengo una foto tuya en mi billetera.
fra,Le jeune couple mangeait dans la même assiette.
fra,"Le mot ""algorithme"" vient de la langue arabe."
deu,Ich stecke in der Tinte.
ita,Ti mette in imbarazzo la cosa?
spa,A los niños les gusta jugar al aire libre.
deu,Ich träume noch immer von Tom.
eng,"Losing his respect isn't easy, but neither is earning it back."
spa,Sami sigue interesado en Laila.
spa,Hubo una tormenta violenta en el mar.
ita,Sei sicuro di avergli confermato la tua visita?
deu,Ich wurde von meiner Lehrerin ausgeschimpft.
eng,Do you have any interest in sports?
eng,He must stay there.
fra,Promène-toi chaque jour.
fra,J’améliore mon breton.
fra,Tom est parti pêcher peu avant l'aube.
spa,¿No os gusta jugar conmigo?
ita,Io sono pronta! Possiamo andare?
spa,¿Quién está acompañando a Alicia?
eng,Let's have a moment of silence.
fra,Pourquoi penses-tu que je vais suivre Tom ?
fra,"Étant donné la pluie et un hôtel pourri, nous n'avons pas vraiment goûté nos vacances."
deu,Warum bist du so ungeschickt?
ita,Agli uomini piace parlare.
eng,I want to hire a helper.
deu,Ich muss heute mit Ihnen tanzen.
ita,Non si paragoni a lui.
fra,Resterez-vous ?
eng,Let's not get into that right now.
deu,"Kunst ist nicht Luxus, sondern Notwendigkeit."
spa,No quiero hacerlo otra vez.
deu,"Sie werden Sie fragen, warum Sie Lehrer werden wollen."
fra,On dirait que tu veux dire quelque chose.
ita,Lui è molto timido. Dice che vuole vedervi.
fra,Je comble le vide.
deu,Sei nicht so leichtgläubig!
eng,I think Tom is strong.
ita,L'ha appena vista.
deu,Tom trinkt nicht gerne Milch.
fra,L'effet de congruence émotionnelle facilite le rappel d'informations de même valence affective.
eng,It would be depressing to do that again.
deu,Zum Tee wurde Gebäck gereicht.
ita,Avevo la stessa sensazione.
deu,Sami aß die Suppe.
eng,Don't be mistaken.
ita,Tom è molto occupato in questo momento.
deu,"Es regnete so stark, dass alle Schweine rein und alle Menschen dreckig wurden."
ita,Ti giuro che non so come ho fatto a non morire lì dal ridere.
fra,La fenêtre est là.
spa,La película que Tom y Mary vieron juntos tuvo un final feliz.
fra,Ça fait 4 ans que j'ai commencé à faire ce travail.
ita,Non mi sono mai sentito meglio.
ita,Non ti avvicinare alla luce!
fra,Qui sont les Latins ?
ita,Sami vuole dell'acqua.
eng,Tom shouldn't have spent so much money.
fra,Que penses-tu de sa proposition ?
eng,I'll tell him you came by.
fra,N’a-t-il donc pas promis qu’il reviendrait ?
deu,Mit jedem neuen Buch wird unsere Literatur reicher.
deu,Meiner Meinung nach hätte er es besser gekonnt.
ita,Mi dispiace di non essere potuto venire.
fra,Elle se balade à Boudafal.
ita,Ho avuto successo per via del suo consiglio.
eng,Did you think I'd give up so easily?
fra,Elles ne sont pas obligées de trahir leurs frères.
ita,Il suo imbarazzo era evidente sul suo viso arrossato dal rossore.
ita,Per il momento sono libera.
spa,Los agricultores obtuvieron buenas cosechas.
spa,Me ha hecho quedar como un mentiroso.
fra,"Ils ne trouvent que des excuses, fiston !"
deu,"Grade das Gegenteil tun heißt auch nachahmen, es heißt nämlich das Gegenteil nachahmen."
fra,Tom a torturé un prisonnier.
spa,Dicen que está enferma.
deu,Wir haben viel Geld verloren.
spa,Tom abrió la lata con un abrelatas.
spa,Está prohibida la entrada a personas que consuman bebidas alcohólicas.
deu,Sie wohnen nebenan.
deu,Ich hätte das nicht ohne Ihre Hilfe geschafft.
eng,Tom said that he didn't know that Mary was going to do that.
ita,Lei è razionale.
fra,Tom prend plaisir à tout ce qu'il fait.
eng,What else do you need to put in your suitcase?
spa,"Quién siembra vientos, recoge ciclones."
fra,Tom se masturbe.
fra,Nous avons des pistolets dans la maison.
ita,La sofferenza che si cagiona è l'ultima di cui ci si accorge.
ita,Nel 1923 l'Iraq diventa indipendente.
eng,I met a novelist and a poet.
deu,"Ich wünschte, es gäbe eine bessere Übersetzung von diesem Buch."
spa,"¡Oh vaya, mis pantalones blancos! Eran nuevos."
fra,Je n'ai jamais eu d'ami comme toi auparavant.
ita,Vai a costruire ospedali in Irlanda del Nord.
spa,Le pedí que hicieran las paces.
fra,Tu t'es tu.
eng,I don't know what's happening in there.
deu,Diese Geschichte müssen wir erzählen.
eng,I'm a Swiss.
eng,Pull the other one.
ita,Sta mettendo a dura prova la mia pazienza.
deu,"Tom und Maria haben sich scheiden lassen — ganz so, wie du voraussagtest."
eng,Yeast makes beer ferment.
ita,Yanni si è convertito all'Islam lo scorso aprile.
eng,Would you come to my quarters?
spa,Has oído lo que ha dicho mi madre.
eng,I am in Berlin.
deu,Ich kann ihm alles erzählen.
deu,Die Einbrecher kamen am helllichten Tag.
spa,Atacó de repente.
fra,La séduction devient intéressante lorsque l'un des protagonistes se fait désirer.
ita,Siamo stati costretti ad andarcene.
deu,"Es bringt überhaupt nichts, dass wir jetzt aufeinander herumhacken."
spa,Le mostraré el interior de la casa.
fra,Il y a plusieurs choses à voir là-bas.
spa,Él pagó 1.000 yenes por este libro.
spa,Estaría contento si pagaras en efectivo.
deu,Ich werde das sagen: ich bin unschuldig.
spa,Hace un buen rato que está lloviendo y no tiene pinta de parar.
eng,A plane emerged from who knows where.
eng,Why are you annoying your sister?
deu,"Könnt ihr wenigstens eine Vermutung äußern, wo Tom zu finden sein könnte?"
spa,Ella pasa tiempo con su abuela todos los domingos.
deu,Toms Hunde teilten sein Bett und seine Tafel. Sie folgten ihm überallhin nach.
spa,Hay más de 100 personas en la habitación.
spa,Tengo la sensación de que ella vendrá hoy.
eng,"In the Netherlands, I sometimes miss the variety of landscapes you see in other countries."
deu,"Messer, Gabel und Schere sind nichts für ein Baby."
ita,Sto perdendo la ragione.
ita,"Dove andrete fra un mese? ""In Messico."""
ita,Perché dovrei fidarmi di lei?
fra,Il est très en colère.
fra,Il rentra chez lui sans dire quoi que ce soit.
spa,Es absolutamente injustificable e inaceptable.
spa,Ahora mismo no está lloviendo.
fra,Il peut faire ce qu'il veut.
spa,Él tomó el avión para América.
eng,Tom probably doesn't know why Mary is doing that.
fra,Qu'est-ce que t'as fait bâtard ?
ita,Siete stati bravi soldati.
ita,Sto cominciando a mangiare.
fra,Je suis plus qu'une amie.
eng,There's a degree of stress in every job.
ita,Lo comprerei.
deu,Kumi spielt gerade Tennis.
deu,"Die Soldaten sind fortgegangen, das Gewehr ist verstummt, nun herrscht auf den Straßen wieder Ruhe."
spa,Apareció un hombre detrás de la puerta.
ita,Tre amici di Tom sono già in prigione.
fra,Retourne là où tu as commencé.
fra,Tom est de garde.
spa,¿Cómo puedes leer tan rápido?
ita,Non voglio discutere dei problemi di Tom con te.
deu,Habt ihr in diesen Umschlag geschaut?
spa,Gracias por el consejo. Lo voy a probar.
ita,Vuole andare a Malta?
fra,Nous sommes des danseuses du ventre.
eng,Does anyone else use your account?
ita,La scuola è vicina alla moschea.
spa,La necesidad no respeta la ley.
eng,Tell her you're not ready.
fra,Elle n'a pas autant de patience que toi.
eng,Tom says Australia is his favorite place to visit in October.
ita,"Le fragole sono una delizia estiva, dolci e succose."
spa,No tienes más que pedirlo.
ita,Che cosa fisserà?
eng,We think we can do it.
ita,Tom non sarà ferito.
spa,¿Quién es la persona sentada en la otra esquina de la mesa?
eng,He has the faculty to learn languages easily.
deu,Tom hasst seine Eltern.
spa,Sueño con hacerme profesor.
deu,"Wir wussten nicht, was wir machen sollten."
fra,Il a une mauvaise écriture.
deu,Du bist ganz anders.
fra,Il y a beaucoup de langues ergatives dans le monde et le basque en fait partie.
deu,"Es gibt niemanden, der ihn ersetzen könnte."
eng,It's really going to help you in your career.
eng,His wife kicked him out of the house.
deu,Herr Jackson ist ein sehr schlechter Lehrer.
spa,Hice muchos amigos.
deu,Noch nie hörte ich eine so traurige Geschichte.
deu,Entsetzen stand ihm im Gesicht geschrieben.
deu,Sex ist Unterhaltung für die Armen.
eng,Let me ask Tom about it.
spa,Me sobra de todo.
ita,"Di che nazionalità erano le loro sorelle? ""Statunitense."""
deu,Ignorieren Sie nicht die wichtigste Frage!
eng,It's really dark in here.
ita,Mi affaccio alla finestra.
fra,"Si tu vois que j’oublie, rappelle-moi."
fra,Je suis fier de mes enfants.
ita,L'ho vista ballare.
spa,Estoy estudiando francés por mi cuenta.
fra,Mark Twain était un romancier américain.
eng,They only made things worse.
ita,Vanno a insegnare qualcosa a Cipro.
deu,Erinnerst du dich an nichts?
deu,Die Fortsetzung folgt.
deu,Lebt die Schlange?
ita,Lui probabilmente non verrà.
fra,"Au cours de ma vie, j'ai fait beaucoup d'erreurs."
deu,Ich bin ein Allesfresser.
deu,"Wir müssen mit dem auskommen, was wir haben."
ita,Ha un po' di confusione in testa.
fra,Vous les expliquera-t-il ?
deu,Kein Instrument ist versnobter als die Piccolotrompete.
deu,Lasst die Kinder Kinder sein.
spa,Él exageró malamente su capacidad para lograr un gran avance.
deu,"Er hat mir erzählt, daß er gerne schwimme."
eng,Everyone was screaming.
spa,Nos besamos el uno al otro.
fra,Quelle est la bonne chose à faire ?
fra,« Ça ne me dérange pas de continuer à bosser après le mariage. » dit-elle.
fra,Tu es sur le point de pleurer.
deu,Tragen die Mädchen da weiße Kleider?
fra,On dit qu'il était très riche.
eng,This has been an enlightening experience.
ita,Non andiamo a costruire università in Scozia?
ita,Cosa gli faranno?
fra,À quoi cela servira-t-il ?
spa,El capitán es el último en abandonar el barco.
eng,"Sorry, I can't reach it."
spa,Tiene muchos amigos.
ita,Era un grande periodo per Hollywood.
eng,Colonia is a Uruguayan department situated in the south-west of the country.
eng,The children's area is over there.
fra,Je voulais juste m'excuser.
spa,Rezumas amargura.
ita,Hai anche socializzato?
eng,She was observing the way that butterflies fly.
ita,Che cosa è successo ieri notte?
fra,"En cas de canicule, buvez beaucoup d'eau pour éviter la déshydratation."
spa,Ojalá me dejaras usar tu coche.
fra,Regardez l'image sur le mur.
fra,"Vite échauffé, vite refroidi."
ita,Fatevi la valigia!
fra,Ce chapitre du livre décrit le crime vu par les yeux du criminel.
fra,Les girafes se sont regroupées et tenues ensemble.
ita,Penso che tu conosca tutti qui.
ita,"Di che nazionalità erano le tue alunne? ""Camerunense."""
fra,J'ai dû beaucoup courir pour attraper le train.
fra,La liberté est plus précieuse que l'argent et l'or.
fra,Je vis une maison au toit rouge.
eng,The man stole my wallet.
deu,Tom hat echt Glück.
ita,"Sì, adesso lo riconosco!"
ita,Steven Spielberg è un regista.
eng,I have two watches.
eng,Mary takes a bus to her office.
deu,Völlerei ist eine Sünde.
deu,"Es ist schwierig, der Versuchung zu widerstehen."
deu,"Was tust du, wenn nichts zu tun bleibt?"
spa,Tom sabe mucho de historia americana.
fra,Je ne te lâche pas d'une semelle.
spa,Él sentía demasiada vergüenza para poder pronunciar una sola palabra delante de la multitud.
fra,Vous voulez une pomme ?
eng,I don't like it as much as taking care of children.
deu,Er stieg auf sein Fahrrad.
fra,Je crois qu'il convient de patienter encore un moment.
spa,Bordó su presentación.
fra,Tom a dit qu'il cherchait quelqu'un qui parle français.
ita,Disegni un cerchio.
eng,Tom said he wished I was more like Mary.
spa,Albergamos las mismas esperanzas.
spa,Deberías demandar a Tom.
spa,Traeme la revista.
deu,"Ich dachte, ich habe ein Geräusch gehört."
spa,Tom se resbaló.
ita,Voi potreste morire.
deu,Hey du! Was hast du da in der grünen Tasche?
fra,Je ne ferai pas de sieste.
fra,Au bureau nous sommes douze personnes.
eng,I've never had to go there before.
spa,No podía mentirle a Tom.
ita,Io spero che marciscano in prigione.
fra,"Tous les hommes sont mortels, Socrate est un homme, donc Socrate est mortel."
spa,"Para salvar la Tierra, todos tenemos que hacer algo."
eng,Tom wanted to buy an egg timer.
deu,Seeländisch ist eine Regionalsprache.
deu,"Ein gutes Pferd grast niemals da, wo es gelaufen ist."
eng,I'm not here just to look good.
ita,Amavo quell'episodio.
eng,Sami said that to his manager.
eng,How many species of birds do you think there are?
spa,Estoy buscando novelas eróticas de ciencia ficción.
spa,Me pregunto cuánto tiempo se quedará allí Tom.
deu,Warum kannst du die Dinge nicht nehmen wie sie sind?
ita,Chiuderesti la finestra?
spa,Ella tiene tantos libros como yo.
fra,Le hibou est un oiseau nocturne.
deu,"Deine Sache wird gefährdet, wenn das Nachbarhaus brennt."
spa,¿Dónde están tus papeles?
fra,"Celui qui dort, tout dort pour lui aussi."
ita,La capisce.
deu,"Es ist lange her, dass ich einen richtigen Urlaub hatte."
eng,Tell him what you want.
spa,Mentir está mal.
fra,Marie a les yeux noisette.
fra,Voir Paris et mourir !
deu,Ich würde ihm eigentlich seinen eigenen Weg überlassen.
deu,"Heute noch wird hier so getöpfert, wie die Ureinwohner das getan haben."
deu,Das kannst du dir aus dem Kopf schlagen.
ita,Mi piacciono prosciutto e uova.
spa,"Mientras dormimos, el cerebro está más activo que en ningún otro momento."
ita,Che cosa farete durante le vacanze estive?
eng,I was just looking for a job.
spa,"Desde la mañana, no hemos comido nada."
spa,La concentración es una cuestión de respeto.
eng,Why are Western leaders all afraid of Putin?
eng,Tom has a friend who's a wrestling coach.
fra,Il s'en fiche pas mal !
deu,Maria ist Toms Sekretärin.
ita,Non va a cercare qualcuno in Turchia.
spa,Nada parece bueno.
eng,Let's go in here.
spa,"Si Jason me llama, dile que no estoy."
deu,"Was gestern war, es ist vorbei, kommt erst der neue Tag herbei."
eng,He could stay here for a whole week.
deu,Auf diesem Grab liegen immer frische Blumen.
deu,In diesem Lande ist das Leben lustig! Wohin du schaust: Lachende Dritte.
spa,Esto no convenció a nadie.
spa,Tom y Mary cuelgan sus fotos en internet.
deu,Ich habe nur Augen für dich - ehrlich.
eng,Have you two met before?
ita,Io ho un brutto mal di denti.
fra,Il admit que j'avais raison.
deu,Ein Tag ohne Lachen ist ein verlorener Tag.
spa,¡Vengan sin falta!
eng,I know that Tom knows that Mary should do that.
fra,Qu'as-tu fait de cette voiture ?
ita,Io mi sono sentita isolata.
ita,Mi disse di stare molto attento.
deu,Leider darf man Bösewichter nicht zum Mond schießen.
ita,Dovreste provarlo!
deu,"Mögest du leben, so lange du willst, und es wollen, so lange du lebst."
fra,La nourriture japonaise va te manquer aux États-Unis.
ita,"Sono innamorato di te, ragazza."
fra,Les phoques peuvent-ils se défendre contre les ours polaires ?
spa,Estos días has trabajado mucho. ¿No estás cansado?
eng,Tom tried to ignored the dog that was begging for food.
deu,Ich hätte noch eine Frage.
fra,Sami rigolait à propos de ça.
eng,The city hall is very old.
eng,We respect Tom a lot.
ita,È stato arrestato per omicidio.
deu,Heute scheint der Mond außergewöhnlich groß zu sein.
deu,Wie ist hier das Wasser?
deu,"Wählen Sie eine Partei nicht nur deshalb, weil Ihre Eltern oder Freunde die Partei wählen."
deu,"Ich weiß nicht genau, wo."
eng,I think he's a serious and reliable person.
eng,I'm having an allergic reaction.
deu,"Tom hat mich geschickt, daß ich Sie beschütze."
spa,"¿Qué te gusta más, los perros o los gatos?"
deu,Ich will Tom sagen daß du es gesagt hast.
deu,Tom wohnt in einer verkehrsreichen Straße.
ita,Il motore si è acceso.
fra,Une enquête récente révèle que la densité d'habitation dans la capitale diminue.
deu,Wenn der Arzt nur etwas früher gekommen wäre!
fra,Elle nous les a bien expliquées.
spa,¿Cuántos días usualmente toma llegar allá?
eng,Sami is your aunt's ex-husband.
spa,Mi apartamento es acogedor.
deu,"Denken ist die schwerste Arbeit, die es gibt, deshalb beschäftigen sich auch nur wenige damit."
ita,Hanno tolto l'ultima speranza al paese?
deu,"Alte Häute sind zäh und bedürfen viel Gerbens, das sie aber nicht leiden."
eng,I knew Tom knew why Mary had to do that yesterday.
eng,There is a time and place for everything.
ita,Mi fu detto di andare a casa.
ita,Li voglio stringere.
deu,Meine Muttersprache ist Luxemburgisch.
ita,Dicono che non sono ancora assonnate.
eng,What do you think Tom is going to do?
fra,Je ne parle qu'un peu l'espagnol.
fra,Tom était visiblement épuisé.
fra,Il me paraissait sympathique.
fra,Est-ce que vous êtes malheureux ?
deu,Ich muss mir die Hände waschen und mir die Zähne putzen.
fra,J'en donnerais plus mais je n'en ai plus.
eng,Sami was in front of the school.
ita,Io ho visto un cane attraversare il fiume a nuoto.
spa,La estupidez humana es internacional.
deu,Ich möchte ihn wirklich beeindrucken.
fra,Tom a décidé qu'il était temps d'apprendre à danser.
eng,Tom's life was destroyed.
ita,Voi siete perfette in tutto.
fra,Il partira en voyage à Ait Hella.
ita,Dissi a Tom di non urlare.
deu,Maria trat auf den Karton ein.
eng,There are trees on both sides of the street.
fra,Je ne partage pas votre point de vue.
fra,On n'est pas censé boire dans ce théâtre.
spa,Iba a ascender al trono.
fra,C'est lui qui vous a encaissé.
spa,Soy un hombre muy religioso y creo en la vida después de la muerte.
eng,"You like to hunt, don't you?"
deu,Alles ist bloß ein Zufall? Ich glaube nicht.
fra,Tom a trouvé cela un peu bizarre.
ita,È un'immagine molto bella.
eng,Mary said that she was motivated to do that.
eng,Dates are good.
fra,Donnez-moi une minute avec elle.
ita,La odiavano.
ita,Ho bisogno di uno strumento per strappare le erbacce nel mio giardino.
spa,Estoy lleno de alegría.
spa,No lleva mucho tiempo.
fra,Je devrais déjà y être.
ita,Ordinai l'agnello.
fra,"De toute façon, elle est la seule fautive."
spa,Inicié el trabajo de liberación e instauré el régimen de libertad social.
eng,I thought Tom and Mary were going to ask everyone not to do that.
fra,Il est en train de dessiner une image.
ita,Sono cresciuta qui a Boston.
spa,Puede ser fatal.
deu,Er lag auf dem Bett.
deu,Ich lerne zwei Sprachen.
ita,I cani cominciarono ad abbaiare.
deu,Er geht schnell.
ita,Vi dovreste scusare con lei.
ita,Donald era terrorizzato dai ragni.
spa,¿Puedes venir a mi casa cuando termines?
spa,"No eres bueno en topología. Por supuesto, el sur de un globo podría estar en la cima."
eng,My daughters Hanako and Svetlana are experts in ikebana.
eng,Yanni drove off.
ita,Rimandai.
spa,El bebe dormía profundamente en los brazos de su madre.
fra,"Cette chaise est très agréable, elle est confortable et soutient bien le dos."
fra,Quel beau poupon !
spa,Ellos no pueden protegernos para siempre.
eng,Your smile makes my day brighter.
spa,Solo soy un mensajero.
spa,Puedo cuidarme a mí misma.
fra,Je ne sais où je dois aller.
ita,Escono?
spa,No lo consultes con la almohada.
fra,Je ne peux plus marcher.
spa,Este año es bisiesto.
ita,Perché sei così bello?
eng,She washes her own dress.
ita,Conoscete l'indirizzo di casa di Tom?
deu,Wie lange wird diese alte Bruchbude noch hier an der Straße stehen?
eng,One of my friends can speak French fairly well.
deu,"Für dich, damit du auf andere Ideen kommst."
eng,Flavio had some homework to do that day.
deu,Maria hat ihr Make-Up im Spiegel überprüft.
ita,Voglio che la chiamiate adesso.
deu,Die Polizei wird Sie ins Gefängnis stecken.
eng,Tom already knows why Mary did that.
deu,"Wie würdest du vorschlagen, daß wir dieses Problem beheben?"
deu,"Du hast dich im Datum vertan, als du den Scheck ausgefüllt hast."
deu,"Ich scheue mich davor, Löcher in eine frisch verputzte Wand zu machen."
spa,¡Nunca antes había visto yo una medusa tan grande y larga! ¿Es peligrosa?
fra,Il est jésuite.
ita,Dan lo cercherà.
fra,Je suis l'esprit qui conduit le bateau de mon cœur.
ita,Loro non frastorneranno gli studenti.
spa,Fui al supermercado y compré tres naranjas además de dos botellas de refrescos.
ita,"Tom è abbastanza romantico, vero?"
ita,Loro stanno mangiando del pane.
spa,Lo mejor es ir regularmente al dentista.
ita,Sono un idiota.
spa,¿Por qué no te levantas y caminas un poco?
eng,Tom usually eats breakfast in the kitchen.
spa,Estamos deseando ayudaros.
spa,Debo estar ahí antes de las siete.
spa,No deberíamos juzgar a la gente por su apariencia.
ita,Partecipavano agli eventi di beneficenza organizzati dalla moschea.
ita,Noi abbiamo tutte finito qua.
spa,¿Detecto un poco de sarcasmo en tu respuesta?
spa,Estás tan sudado.
fra,"En général, tu préfères les rayures ou les pois ?"
ita,Non dobbiamo ridere dei poveri.
ita,Adora i suoi genitori.
ita,Si chiamano quasi ogni giorno.
fra,Débrouillez-vous pour trouver une solution rapidement.
ita,Mio nonno era un mugnaio.
deu,Wir haben diese Stadt gebaut.
ita,"Spegni il telefonino, per favore."
ita,La chiave che stai cercando è questa?
eng,Stand by for my orders.
deu,Sie stand inmitten der Schlossruine.
spa,La botella está llena.
deu,Der Junge ist mir absichtlich auf den Fuß getreten.
deu,"Ich glaube, dass Tom vor dem Dunkeln Angst hat."
deu,Sie kehrte nach Afrika zurück.
ita,"Non ascoltare le critiche, vai dritto per la tua strada."
deu,"Tom trägt normalerweise eine Brille, wenn er liest."
ita,Io non faccio questo genere di lavoro.
eng,Is she looking at me?
fra,Vous êtes très vive.
deu,Es ging rein.
fra,Merci de me montrer comment on fait ça.
eng,How is Tom?
fra,Il y a une souris dans le cellier.
fra,Cette coutume est devenue très répandue.
deu,"Tom entschied, allein zur Arbeit zu gehen."
spa,La cesta estaba llena de fresas.
fra,Il est vexé.
fra,C'était vraiment mauvais.
ita,Leggete la sinopsi.
ita,Tom vuole andare con lei.
fra,"C'est une très bonne danseuse, n'est-ce pas ?"
spa,Quedé perplejo.
eng,All of this is your fault.
eng,He throws himself headlong into everything he undertakes.
deu,Wessen Kleid ist blau?
deu,Sie mag jedes Gemüse außer Kohl.
deu,"Bitte tu, was du kannst!"
deu,"Du hast verloren, gib auf!"
spa,Hablamos japonés.
ita,Vedete la stella?
fra,"Nous avons toutes sauté dans l'eau, au même moment."
spa,¿Por qué te los prestaron?
ita,Il treno si è fermato.
deu,Darf ich einen Moment das Fenster aufmachen?
fra,"S'il pleut demain, elle ne viendra pas ici."
fra,Mon chien est intelligent.
ita,Ho dato loro tutti i miei soldi.
deu,Packe es bitte ein.
fra,Qu'elle apprenne l'espéranto.
deu,"Als Gastschüler ist es sehr wichtig, sich an die Gegebenheiten im anderen Land anzupassen."
fra,Elles ont porté l'eau dans des seaux.
ita,Mary mente sulla sua età.
ita,Tu capisci il finlandese?
deu,"Sage mir, wenn Rosi anruft."
eng,We're all housewives.
deu,Hast du deine Frau gestern Nacht in der Küche eingeschlossen?
fra,Le chien leur aboie dessus.
fra,Quand décida-t-il de rester ici ?
fra,Je le regarde.
ita,Lei aveva paura di attraversare la strada.
ita,Forse dovrebbe vedere un dottore.
ita,Tom ha raccontato a Mary una storia divertente.
eng,Tom hurt his back while shovelling snow.
deu,Ich bin nicht sehr alt.
eng,Tom said that he's done all of that.
eng,You've got to trust me on this.
eng,Tom seems to know what he's talking about.
deu,Er fuhr mit dem Auto nach Boston.
deu,Die Dorfbewohner nahmen eine Flurbereinigung vor.
fra,Ces choses sont-elles les tiennes ?
spa,¿A quiénes te refieres con esas palabras tan despreciativas?
spa,Aquí hay un antiguo museo.
ita,"Non hai messo il sale nella pasta, che devo fare con te? Bisogna insegnarti tutto!"
fra,Ta mère est à la maison ?
spa,El tren ya se marchó.
deu,Mein Plan ist anders als deiner.
fra,Il étudie.
spa,"Él no sabe nadar en absoluto, pero esquiando es el número uno."
deu,Ich esse eine Banane.
spa,La puerta cedió a mi presión.
fra,On n'a pas déménagé à Afensou.
fra,Il a l'air d'un insecte.
eng,Karl let go of Amelia.
deu,Ich liebe den Sohn des ärgsten Feindes meines Vaters.
eng,Yanni left the theater.
ita,Andrebbe comunque bene la mia proposta?
deu,Möchtest du noch einen Keks?
deu,Sieh mal das Mädchen dort mit den langen Haaren.
spa,En los muros de la caverna aparecen varias figuras teriántropas.
spa,La lámpara vieja dio una luz tenue.
deu,Ich bräuchte ein paar Ratschläge.
fra,Il ne peut pas détourner les yeux d'elle.
eng,The father went fishing.
spa,Las ardillas rojas del parque tiene el pecho completamente blanco; parece como si llevaran mandil.
spa,La policía culpó al taxista del accidente.
fra,J'ai transmis un message à Tom.
deu,Ihm gefällt der neue Wagen.
ita,Io non penso che Tom e Mary abbiano molti weekend liberi.
ita,Cosa ti fa piangere?
deu,Es ist jetzt 14:30 Uhr.
ita,Io non voglio morire qui.
ita,Non sentite la mancanza di vostro padre?
deu,Die Wahrheit kam schließlich bei seinem Prozess heraus.
deu,Tom ist sehr ruhig.
fra,Elle a recruté les deux cuisiniers pour le restaurant.
ita,Perché dovrei fermarli?
ita,Avete visto Blackadder?
fra,Les chenilles sont des larves de papillons.
deu,"Tom trinkt seinen Tee ungezuckert, aber mit Milch."
fra,Tu finiras sûrement par trouver.
deu,Die Katze wird gemocht.
eng,There were only three boys in the room.
deu,"Ich wohne in Weißrußland, und darauf bin ich stolz."
deu,Er ist ungenießbar.
deu,Dieser Stift ist rot.
spa,Tom tenía dificultad para pensar con claridad.
eng,Damiano caused the fire.
spa,¿Puedes parar de gritar?
spa,"Te sientes sola, ¿verdad?"
fra,J'ai été incapable de résoudre le problème pour le moment.
spa,¿Quiénes son tus padres?
eng,Ziri and Rima were inseparable.
eng,My room has only one window.
deu,Ich stahl den Ring.
ita,Sa che ore sono?
eng,You're angry.
deu,"Er fängt bald diese, bald jene Arbeit an."
deu,In Ägypten ist kein Ende der Proteste in Sicht.
deu,Wie findest Du dieses Haus?
deu,"Sie sind nicht allzu hungrig, oder?"
eng,When was it purchased?
spa,No puedo rehuir dicha posibilidad.
spa,Para mí también ha sido un placer haberte visto.
fra,Nous n'allons pas nous faire pincer.
deu,Nach dem zweiten Newtonschen Gesetz wird durch Beschleunigung einer Masse eine Kraft erzeugt.
ita,Signor Roberto? Lei è in arresto.
deu,Sie gehören jetzt dazu!
fra,Notre arrière-grand-mère est la mère de notre grand-père.
deu,Er besitzt dieses Auto.
fra,Tom a dit que Marie était seule.
deu,"Weißt du, warum sich Tom und Maria umgebracht haben?"
deu,Er war nicht dort.
eng,I understand your French.
deu,"Ich habe dir alles gesagt, was ich über Deutschland weiß."
eng,Tom got an A on the exam.
spa,El blanco de las nubes refulgía en todo su glorioso esplendor.
ita,"Inizialmente quel suono mi infastidiva, però ora mi ci sono abituato."
eng,These Islamic books are targeted towards the African American community.
deu,"Sie ist nicht nur schön, sondern auch sanftmütig und überdies noch intelligent."
deu,Sie ist eher weise als intelligent.
deu,"Nach dem Unfall pflegte Maria ihren Hund sehr liebevoll, doch dieser starb dennoch schon bald."
eng,I feel that Tom will do that.
ita,Piaciamo alla gente.
deu,"Glaubst du, dass Fische nachts schlafen?"
spa,Escuché que te gusta ir a la playa.
deu,Der alte Mann zog sich vor zehn Jahren vom öffentlichen Leben zurück.
spa,Esto es realmente interesante.
spa,El diccionario está sobre el escritorio.
eng,Tom said that Mary was over thirty.
spa,Con esta niebla no veo las señales de tráfico.
ita,Non vanno a costruire fabbriche in Portogallo.
fra,Papa est parti à la casse avec la voiture.
deu,Heute hast du aber eine lange Leitung!
spa,Es placentero dormir bajo el árbol.
ita,Perché avete un coltello in mano?
spa,Debajo puede leer las instrucciones que se le darán durante el examen final.
spa,El me mandó limpiar la habitación.
deu,"Man sagt, der Bürgermeister soll bestechlich sein."
fra,Elle dressa la table.
deu,Wohin soll man das Tablett stellen?
fra,J'ignorais qu'il neigeait.
ita,"Tom e Mary vanno con voi, vero?"
eng,You're still just a kid.
fra,J'ignore s'il éprouvera du remords ou pas.
eng,Sami lived on the other side of the island.
deu,Meine Mutter raucht eine Zigarette nach der anderen.
deu,Die Leute kennen Tom.
eng,It's an exciting proposition.
ita,"Quindi, lo capisce?"
ita,È la loro unica occasione.
ita,Il guaio è che mio figlio non vuole andare a scuola.
eng,Tom and Mary wished they'd been invited to the party.
ita,Aoi balla bene.
ita,Riesci a nuotare come loro?
fra,Il s'est agrippé à elles.
eng,You already know too much.
deu,"Ich hoffe, es funktioniert noch."
deu,"Wenn eine Schnittwunde blutet, wende Druck an!"
spa,Aprendí inglés online.
deu,Die Maßeinheit des elektrischen Stromes ist das Ampere.
ita,Tom parlava molto di Mary.
ita,Lei è segretamente innamorata di lui.
spa,¿Qué es aquel edificio?
deu,Zum Glück war ich damals nicht da.
spa,Ve a bañarte.
spa,No volvió para Dergina.
deu,Wie viele Sprachen kannst du in einer Minute nennen?
eng,She doesn't know where she was born.
spa,"Mira bien el comprobante, porque puede ser de otro producto diferente al tuyo."
fra,Nous ne pouvons pas dormir à cause du bruit.
ita,"Dove andrà l'anno prossimo? ""In Nuova Zelanda."""
fra,Je les appréciais avant qu'ils ne deviennent populaires.
fra,J'admire ta force d'âme.
deu,"Glaubt ihr, daß ihr das geschafft hättet?"
fra,Il nous faut le faire à nouveau.
deu,Er reiste um den ganzen Erdball.
spa,Aún recuerdo cuando llegué a esta ciudad por primera vez.
deu,Wen hast du getroffen?
ita,"Siediamoci lì, dove c'è ombra."
fra,Pourriez-vous venir avec moi ?
spa,¡Ojalá lo hubiera sabido!
ita,In una lettera di presentazione bisogna evidenziare i caratteri evidenziati dall'offerta di lavoro.
fra,Ça doit être dur pour toi.
spa,¿Realmente son gemelos?
eng,Paul stepped on the gas a little more.
ita,Noi quando arriviamo?
eng,Now you learn.
spa,Los periódicos airearon la noticia.
fra,Elle a couru son premier marathon.
ita,Dmitri ha lasciato dei fiori ad Anna.
deu,Das Mädchen war sich der Gefahr bewusst.
deu,Warum wolltet ihr mit Tom reden?
deu,Tom macht das für sein Leben gern.
deu,So viele Buchstaben kann ich mir nicht merken.
eng,You're stuck no matter what you do.
spa,¡Ellos están todos muertos! ¡Todos muertos! ¡Todos muertos!
fra,Je suis enfin arrivé à une explication plausible.
eng,I stayed in Japan only a few months.
spa,Mary escribió su número de teléfono y se lo pasó a Tom.
deu,Bist du der Sekretär des Esperanto-Klubs?
deu,Lass mich dir zu deinem Erfolg gratulieren.
eng,A stranger came up to us and asked as the time.
eng,He handed in his English homework to the teacher.
deu,Das ist etwas völlig Lächerliches!
ita,Non dovresti mangiare niente di piccante.
deu,Ich habe mir vor Angst fast in die Hose gemacht.
spa,Improvisen más.
deu,"Tom will ein anderes Land besuchen. Welches, ist ihm eigentlich egal."
deu,Vertraue Tom nicht!
deu,"Tom mahnte Maria, vorsichtig zu sein."
eng,This is normal in my country.
eng,Sami put his trust in the Lord.
ita,Non le ho attaccate.
eng,Maybe I'd better tell Tom.
fra,"Elisabeth et moi étions dans la crypte, située sous l'église."
ita,Avete il vostro appartamento?
deu,"Der Staatshaushalt ist ein Haushalt, in dem alle essen möchten, aber niemand Geschirr spülen will."
eng,Sami was a goofy funny guy.
deu,Tom parkt sein Auto oft hier.
eng,Mary knit Tom a sweater.
deu,Wohnst du hier in der Umgebung?
eng,The collection of the ballots took ten minutes.
ita,Siamo tutte delle sante.
eng,Algeria isn't an impoverished nation.
spa,Iremos a Tazmalt.
spa,A Marina le encanta llevar ropa y complementos de colores fosforito.
fra,Avez-vous vu la carte du Roi des drônes ?
spa,¿Hay un límite al conocimiento humano?
fra,Pourquoi me regardes-tu comme ça ?
fra,Je ne vous laisserai pas entrer.
fra,Ne casse pas la branche.
deu,Sie ist meine Nachbarin. Wussten Sie das nicht?
eng,How many states does his country have?
fra,Avez-vous quelque chose d'autre ?
fra,Elle est pleine de livres.
spa,Muchas gracias por haberme advertido.
deu,Die waren doch so ein schönes Paar!
deu,Tom hätte sich schützend vor Maria stellen können.
fra,"Je me suis vraiment bien amusé, hier au soir."
spa,Me habían dicho que no lo hiciese.
deu,Es wurden mehr als zwanzig Millionen Exemplare ihres Buchs verkauft.
spa,Sólo imita lo que haga él.
fra,Il est arrivé le premier.
deu,Wir sind Tatarinnen.
spa,No tengo preocupaciones.
spa,"Cuanto más temprano me acuesto de noche, más temprano me levanto a la mañana."
fra,C'est un miracle.
eng,I have some errands to run.
deu,Ich hätte lieber ein altes Auto als ein Motorrad.
eng,Dad says the most important thing is that I'm alive.
eng,How much field experience do you have?
eng,Tom likes carrots.
deu,Viele Häuser wurden durch die Flut fortgespült.
ita,"Di che nazionalità è? ""Greca."""
spa,Mi padre ni bebe ni fuma.
spa,¿Por qué te empeñas en mantener posturas tan incoherentes?
deu,Können wir mal kurz miteinander reden?
eng,I woke up with a headache.
fra,Le gouvernement a promis d'éradiquer la pauvreté.
fra,"Donne le bonjour à ta tante, s'il te plaît."
fra,Je te dis de me lâcher !
deu,Wohin in Japan fährst du am Liebsten in Urlaub?
deu,Sie kamen rein.
spa,Estoy deseando que empiece el fin de semana.
spa,Bill y su hermano más jóven no se parecen.
fra,"Si j’avais du temps, je bavarderais avec vous par messagerie instantanée."
ita,Non ho tempo di tradurre questo testo.
ita,Lui è alla sua scrivania.
fra,Elle l'a exhorté à considérer la demande.
eng,You don't need to go if you don't want to.
deu,"Wenn ich mit dieser Arbeit fertig bin, will ich erstmal einen Monat Urlaub machen."
deu,Hast du Höhenangst?
fra,C'est tout ce que tu peux vraiment faire.
deu,Es war kaum zu glauben.
ita,Tom è estremamente veloce.
ita,Oggi è il primo giorno del resto della vostra vita.
eng,I don't know how to play the piano.
ita,Hanno detto che non hanno sete.
deu,Können Sie den Auftrag in zwei Tagen abarbeiten?
fra,Ils sont accoutumés au climat humide de l'été.
ita,"Di che nazionalità erano le vostre amiche? ""Croata."""
ita,Non pensi che sia una brutta cosa?
fra,Je suis né dans cette ville il y a soixante ans.
spa,¿Conocéis al Sr. Brown?
eng,I doubt that Tom is the only one who knows Mary's phone number.
fra,Tom s'intéresse aux mathématiques.
spa,Lávate bien los dientes antes de ir a la cama.
eng,I knew he was ill.
eng,Tom says I'm very gullible.
deu,"Nicht nur Tom war müde, sondern auch Maria."
eng,Tom and Mary went to the aquarium together.
eng,Tom says he's never seen Mary.
fra,Les persécutions politiques ont commencé.
fra,C'est ainsi que Dieu a façonné le monde.
deu,Sie haben breite Schultern.
fra,Je l'ai frottée.
eng,Sports are effective to cultivate friendship.
deu,Tom hat einen kurzen und leicht auszusprechenden Namen.
eng,Yanni is trying to figure out what Rima likes to eat.
deu,Sie dürfen es niemanden sonst wissen lassen.
fra,Nous ne devrions jamais juger les gens sur leur apparence.
ita,Me ne dia un po'.
spa,Me gusta el olor a pizza.
ita,"Un cuor magnanimo vuol sempre il bene, anche se il premio mai non ottiene."
eng,Sami was given a raise.
fra,Il lui fallut partager sa chambre avec son frère.
eng,Matthew's grandmother used to knit woolen sweaters for him when he was a child.
deu,"Ich glaube nicht, dass Tom mich mag."
eng,Can you look after my dog?
ita,Suppongo che vogliate andare a casa.
ita,Noi abbiamo molto gradito la vostra visita.
fra,Je veux que tu l'essayes.
deu,Toms Übersetzungen aus dem Russischen sind in einem geschliffenen Deutsch geschrieben.
deu,"Weiß er, dass du ihn liebst?"
eng,Those are the sunglasses I thought I'd lost.
spa,No quiere hacer nada.
ita,"Riuscite a farla, vero?"
deu,Toms neues intelligentes Telefon ist sehr groß. Es sieht noch nicht einmal mehr wie ein Telefon aus.
eng,"Some children broke the window, which made Mother very angry."
eng,"As his lips got bluer, I nervously waited for the ambulance."
deu,"Warum sprechen viele Menschen über Spiritualismus, ohne ihn wirklich zu kennen?"
deu,Geh ins Geschäft!
spa,Hay mucha estrategia en el juego de Go. Puede verse como una gran batalla entre dos ejércitos.
fra,Jetons un coup d’œil sur les faits.
spa,¿Acaso no tienes hambre?
fra,Je ne suis pas fait pour la vie de berger.
eng,Tom told Mary why he needed to buy a new car.
eng,Children think they're invincible.
eng,How many kilograms have you lost so far?
fra,J'apprenais le berbère activement.
spa,"Así como los tigres se aproximaban, nos preguntábamos quién sería devorado primero."
spa,Creo que todo lo que aprendí en la escuela eran tonterías.
fra,Tom a attendu là-bas.
ita,Nuotammo nel lago.
eng,You shouldn't speak to your parents that way.
deu,„Dieser Mensch lehrt mich noch das Fürchten.“ – „Du liebtest ihn einst.“ – „Du nicht?“
eng,"She's a very good coach, isn't she?"
ita,"Dove andrete per lavoro? ""In Giappone."""
fra,Je me suis fait très mal au majeur.
spa,Caminé por la ciudad adondequiera que me llevaran mis pies.
deu,Das Haus ist abgebrannt.
eng,When was the last time you mopped the kitchen?
eng,This is a Meccan verse.
spa,¡Ponte de pie!
spa,Acude primero a aquellos de los que estás seguro de que te ayudarán.
deu,"Er beeilte sich, um den Zug noch zu erreichen."
deu,"Man merkt, dass man alt wird, wenn man einem Griechen erklären muss, wer Melina Mercouri war."
ita,Non vanno a lavorare in Pakistan?
fra,Vous avez refusé de payer.
ita,"Di che nazionalità erano le loro vicine? ""Norvegese."""
fra,"Les feuilles, sur l'arbre, ont viré au rouge."
eng,"We live in a peaceful, prosperous time, but we can make it better."
deu,"Du hast Glück, dass er nicht gebissen hat."
fra,En avez-vous parlé avec Tom ?
ita,Crede di sapere tutto.
deu,Grüße deine Gattin.
ita,Perse la sua matita.
spa,Hay 187 888 lagos en Finlandia.
fra,Il semble que beaucoup de dégâts aient été causés par la bataille d'hier.
spa,El muro está lleno de grafitis.
deu,Man muss es nur machen.
spa,"Él, entró en su descanso eterno."
spa,Akira puede jugar bien al tenis.
spa,Ese médico es un menguele.
ita,Condividi quello che sai con tutto il mondo!
deu,"Diese seltene Gehirnfresseramöbe dringt über die Nase ins Gehirn vor und beginnt, es zu fressen."
eng,Are you wearing a condom?
spa,Nada más alégrate de que estés bien.
eng,William's relationship with his therapist has helped him work through his issues.
deu,Ich werde ihn unterstützen.
ita,"Sono desolato, però dove sono le uova?"
eng,Sami brought the kids early from daycare.
ita,Va a costruire moschee in Cile?
eng,"Tom will be here next week, I hope."
fra,Ça sent bizarre.
eng,Tom and Mary quit their jobs last month.
eng,I want to eat a piece of cake.
eng,"He understands French, doesn't he?"
eng,I thought she was extremely pretty.
fra,Nous nous sommes assis sur l'herbe.
ita,"Mary è una brava giocatrice di scacchi, vero?"
ita,Questa sala era piena di persone.
fra,Je suis avec mon petit ami.
deu,Tom hat sich entschieden zu gehen.
fra,La connexion Internet est instable ici.
spa,Dámelo.
ita,Lo state turbando.
ita,Puoi anche stare a casa allora.
fra,Je ne devais pas y aller.
deu,"Ich hoffe, uns sieht niemand."
eng,"He's very quiet, isn't he?"
eng,You saved all your baby teeth in this matchbox? That's gross!
fra,Le leadership repose sur bien plus que le charisme.
spa,He comprado una televisión nueva.
spa,Hoy está lloviendo fuerte y hace viento.
fra,N'a-t-il pas senti le poulet ?
eng,I should be back here by 2:30.
fra,Un arc-en-ciel apparaît après la pluie.
fra,L'écho de la sirène du navire nous pénétra jusqu'à la moelle des os.
ita,Chi vuole divertirsi?
deu,Tom kann nicht so gut schwimmen wie Mary.
ita,Le parole esprimono pensieri.
ita,"La tavola era imbandita con una varietà di formaggi, tra cui un gustoso pecorino stagionato."
deu,"Maria sagte Tom, sie glaube, Johannes sei unten."
fra,Je l'ai quasiment fait de la même manière que Tom.
ita,Il cane sta masticando qualcosa.
fra,« Aimez-vous le style de chant de Tom ? » « Certainement. Pas vous ? »
spa,¿Saliste de Argel?
spa,Os enseño las mías si me enseñáis las vuestras.
spa,"No me lo puedo creer, ¡todo encaja perfectamente!"
deu,Tom hat Mary gegen den Bauch geschlagen.
ita,"Di che nazionalità sono le sue vicine? ""Lituana."""
fra,Suis-je une femme ?
eng,One hundred dollars is just chicken feed.
deu,Warum habt ihr nicht gefrühstückt?
fra,"Si je tombe, tu tombes avec moi."
eng,"I knew Tom was a guitarist, but I didn't know he could play so well."
fra,C'est assez facile une fois qu'on a pigé le truc.
spa,¿Qué viste?
spa,"Todas las familias felices se parecen unas a otras, cada familia infeliz es infeliz a su modo."
fra,Je trouvais cela tout à fait normal à l'époque.
fra,Il participa au concours de dressage hippique.
deu,Avocado ist reich an Nährstoffen.
deu,Ich werde dort warten.
fra,Les troupes étasuniennes furent retirées.
deu,Wir dürfen uns keinen Fehler erlauben.
fra,Ils sont tous allés au restaurant.
eng,Tom and Mary are still waiting for John.
ita,Vedo una donna.
deu,Sie fand es nicht lustig.
deu,Das Gulasch in diesem Restaurant ist sehr würzig.
deu,"Er sagt, er kenne sie nicht."
ita,Voi siete favorevoli o contrarie a ciò?
eng,"One beer, please!"
eng,I phoned Tom for details.
spa,En Yemen nos sentimos acogidos con extraordinaria hospitalidad.
deu,Diese Sprache hat eine sehr komplizierte Grammatik.
ita,L'ho usata soltanto una volta.
fra,J'ai les pieds qui sentent mauvais.
eng,Sami's hands smell of shit.
eng,All you have to do is answer this one question.
eng,This is why I was late for school.
spa,Quiero un helado de vainilla.
eng,How do you know Tom and Mary were the ones did that?
spa,Yo le convencí para ir a la fiesta.
eng,We should see more of each other.
eng,That's nothing more than big talk.
eng,I'm going to get Tom to do that.
fra,Deux chiens sont plus forts qu'un chacal.
spa,El caballo está comiendo ahora.
deu,Sie hat große Titten.
ita,Li toccai.
spa,Tom bajó corriendo las escaleras.
deu,Tom schrieb ein Sonett.
deu,Unsere Konversation wurde durch sein Niesen unterbrochen.
fra,Je permets à mon copain de copier mes devoirs.
eng,I belong with my family.
eng,Tom wasn't the one who told me Mary wanted to do that.
spa,Mi sobrino está ocupado con una videollamada.
deu,Ich träume immer noch von Deutschland.
fra,C'est ce dont j'ai toujours eu besoin.
fra,Il est passé sous les roues d'un train en marche et est décédé.
spa,Tu ayuda nos va a ahorrar mucho trabajo.
ita,Credeva loro.
eng,Every possible permutation of our world exists in a separate universe.
eng,What are you shopping for?
ita,Quale borsa è la vostra?
deu,Die Sonne scheint im klaren Wasser des Flusses wider.
spa,Mi cumpleaños cae un domingo este año.
eng,How many sentences did you add today?
eng,Here's their address.
deu,Er stellte sich zur Wiederwahl.
eng,It's not cold in the house.
spa,Me encantó la colorida portada del libro.
spa,Esta cerveza es amarga.
ita,Mary disse che non invitò Tom alla sua festa.
eng,She was alone most of the time.
spa,No comieron aceitunas.
fra,Ne t'engage pas là-dedans.
spa,Ella se hizo rica.
deu,"Tom wollte nicht, dass ich Soldat würde."
ita,Bisogna che loro si battano.
fra,Elle est ouverte.
spa,Él fue fácilmente influenciado.
eng,We'll fight back.
fra,"Si tu veux épouser ma fille, tu dois respecter nos traditions familiales."
deu,Durch den Tonfall kann man viel mehr zum Ausdruck bringen als mit den Worten selbst.
deu,Lass uns dorthin mit dem Zug fahren.
eng,Tom said that he's not alone.
fra,Ma maison est en bois.
eng,Tom really appreciated that.
deu,"Sei Herr über deinen Mund, um nicht Sklave deiner Wörter zu sein."
fra,"S'il te plaît, dis-moi que c'est dingue !"
ita,"Lei capisce il francese, giusto?"
spa,"De vez en cuando, vamos a Londres por trabajo."
eng,We couldn't agree.
fra,Ce fut autrement plus difficile que je ne l'avais imaginé.
eng,"You're fluent in Berber, aren't you?"
ita,Allora ci vediamo in facoltà.
spa,No fue hasta esta mañana que dejó de llover.
spa,Camina de forma elegante.
fra,Une bonne gestion du stress est cruciale pour préserver la santé mentale des employés.
ita,Sami è diventato cieco.
eng,I want to be your boyfriend.
eng,She became a true friend of mine.
fra,Je veux aller skier avec Tom.
eng,I didn't agree with that decision.
spa,No llores. Te quiero.
spa,Al fin se puede escribir en esperanto en iPhone.
fra,Nous nous tenions au sommet de la montagne.
spa,Te enseñaré hausa y tú me enseñarás coreano.
deu,Die ganze Stadt war mit gelbem Staub bedeckt.
ita,La salute è tutto ciò che mi importa.
deu,Sie sind stärker als sie.
spa,Me topé con tu hermano en la calle.
deu,Ich kann wirklich nicht kochen.
fra,William a mis la caméra en marche.
fra,Il n'avait pas l'air très convaincu.
deu,Ich habe furchtbare Schmerzen.
fra,Ça me rend triste que tu quittes cette ville.
eng,Where has Dad gone?
eng,Gabor and Martha spent the day together.
ita,Tom non ha fatto niente finora.
eng,Separating the rubbish is no small matter.
spa,Sami tenía una vida cómoda.
deu,Hast du „dreizehn“ oder „dreißig“ gesagt?
eng,He's still trying to get over the shock of being made redundant.
deu,Seid ihr alt genug zum Autofahren?
fra,Nous nous rencontreront à Tizi Ouzou demain.
deu,Tom sieht das nicht so.
deu,Tom roch Gas.
eng,Just then Tom heard someone laughing.
deu,Was macht sie hier?
spa,Me agrada el hecho de que siempre te parece importar tanto.
deu,Ich kann nicht den ganzen Tag hierbleiben.
fra,Ce n'est pas moi qui vous ai établi la carte.
deu,"Beeil dich, Kind!"
ita,Tom ha bevuto decisamente troppo ieri sera.
fra,Elle insista pour qu'il reste où il était.
ita,Decise di testare questa teoria.
fra,"Tes ennemis, c'est nous."
eng,Learning English has a very soothing effect on me.
eng,Everyone is master in his own house.
spa,¿Cuál es tu letra de una canción favorita?
fra,Moi en personne je n'accepte pas.
ita,Il treno era pieno di passeggeri.
ita,Non ho denaro adesso.
fra,Je l'ai vu écrire.
ita,Sono amato da mia madre.
ita,Tu pensi che potresti riconoscere Tom?
fra,Mon grand-père se lève tôt.
fra,Pourquoi es-tu fâché avec lui ?
ita,Noi copiavamo una frase.
deu,"Er tadelte mich für das, was ich getan hatte."
eng,It's a classic case of sibling rivalry.
deu,Der Fisch war nicht frisch.
fra,Vous devez écouter.
ita,Tu studiavi.
eng,Shao's therapist taught him some techniques for recognizing and stopping an anxiety spiral.
spa,Vladimir deshizo la cama.
spa,Estoy aburrido. No tengo nada interesante que hacer.
ita,Tom non ha ancora trovato Mary.
spa,"Cuando tenías dos años, sabías contar hasta diez."
deu,Koalas schlafen 18 bis 22 Stunden pro Tag.
eng,Tom showed me his picture.
spa,Ayer tuve que ir al médico.
spa,Desistieron.
deu,Sind Sie Amerikaner?
ita,Mi invitarono alla loro festa.
spa,Él tenía una gran familia que sostener.
fra,Je ne veux pas dire ça à ma petite amie.
deu,Morgens zum Frühstück trinke ich Kaffee.
deu,"Tom glaubt, daß Maria gekommen wäre, wenn sie jemand eingeladen hätte."
deu,"Ich weiß nicht, warum sie nicht kommt."
spa,Evaluaremos la situación.
fra,Nous avons quelque chose.
eng,Tom knew he didn't have to do that again.
ita,"La soluzione è semplice, non votare più chi ha ridotto così il paese."
fra,Je n'ai pas encore reçu mon carton d'invitation.
ita,Lava il tuo piatto!
spa,Se la has incendiado.
deu,Wer ist Ekrem Imamoglu?
fra,"S'il vous plait, ouvrez votre sac."
eng,Please understand my feelings.
eng,My gut is finally rebelling.
fra,Mon père aime beaucoup la musique.
fra,C'est trop clair.
ita,Hanno acceso la miccia?
fra,Ils connaissent la vérité.
eng,Sandra finally realized that there was one person more important than any boy in her life: her.
ita,È una bellissima immagine.
deu,"Gehe ich recht in der Annahme, dass ihr wünscht, ihr hättet das nicht getan?"
eng,The only thing we need is water.
fra,Il a accordé de la valeur aux biens des autres.
ita,Tom lavorato a Boston.
deu,Noch heute gilt sie als eine der schönsten Frauen von Paris.
spa,Las personas de la habitación de arriba vuelven tarde de noche.
ita,Sono sicura che deve essere stata molto inquietante.
ita,Tom non avrà la nausea.
deu,Es geschieht wieder.
ita,Vuoi dire che gli somigli?
spa,No lo hagáis a la carrera.
fra,Personne ne fait grève par plaisir.
ita,Comprai un regalo a Tom.
eng,Tom is pretty good at doing that.
eng,Do you have a cheaper room?
ita,Non va a costruire biblioteche in Danimarca?
deu,Lassen Sie mal Ihren Personalausweis sehen!
ita,Non preoccupatevi.
spa,Sencillamente él no me agrada.
eng,Mary said that's what she's always wanted.
spa,Os tenéis el uno al otro.
ita,Voi siete rimasti.
ita,Cominciamo a tradurre!
deu,Tom ist jetzt drei.
deu,Wo sind die Teller?
ita,A me non piace il cibo italiano.
fra,Personne n'a entendu Tom crier.
eng,Be careful not to make a mess.
fra,"J’ai cuisiné une tarte aux pommes, elle sent si bon."
deu,Tom hat hier für drei Jahre gelebt.
deu,Es kommt auf die ehrliche Absicht an.
ita,Si è tagliato barba e capelli.
fra,Une mouche vole.
spa,"La nieve es blanca, el hollín es negro."
fra,Je ne sais juste pas comment vous retourner la faveur.
deu,Maria drückte Tom ganz doll und gab ihm einen Kuss.
spa,De pequeño me encantaban los dibujos animados de Jonny Quest.
fra,Le requin-marteau devient marteau.
ita,Il mio professore di solito dà molti compiti.
deu,Ich habe ein paar Freunde in Australien.
eng,Sami started to make a lot of assumptions about Layla.
deu,Das Gasthaus bietet ein reichhaltiges Frühstück.
eng,I recognized Tom from the billboard.
eng,"It seems OK on paper, but I wonder if it's going to work."
fra,Je vois une église.
fra,Je ne leur en veux pas.
fra,"Tous mes amies se sont mariées, l'une après l'autre."
deu,"Wer nicht im Wasser versinkt, ist eine Hexe."
fra,J'utilise Twitter.
ita,Trovo che questa sia la risposta migliore.
eng,You have to forget her.
eng,Tom entered the empty room and immediately noticed a lit cigarette in the ashtray.
ita,Il computer di Yanni è riparato adesso.
deu,Er scheint krank zu sein.
spa,Ella es de Somalia.
spa,Si te caes por las escaleras llegas rápido abajo.
fra,Il les a finies ?
ita,David era seduto al pianoforte.
deu,Macht alle Fenster auf!
deu,Es wurde in China hergestellt.
spa,¿En qué se diferencian las progresiones geométricas de las aritméticas?
ita,Che belle ragazze che siete!
ita,Andate a imparare qualcosa in Australia.
eng,I haven't seen it.
deu,Nimm deine Hand aus der Hosentasche!
deu,Ich spiele Geige.
eng,Tom and Mary shouldn't have walked home by themselves.
ita,Sono ancora molto malato.
spa,Date prisa porque nos urge.
spa,No se debe hacer el mal para alcanzar el bien.
deu,"Es tut mir leid, dass Tom nicht hier sein kann."
deu,Zeitreisen haben was.
spa,Hablarán con nosotros mañana por la mañana.
fra,Avec qui désirerais-tu t'entretenir ?
deu,Ich bin nicht so beschäftigt wie Tom und Maria.
eng,You're too impulsive.
spa,Me duele el pie derecho.
eng,Say what your soul sings to you.
fra,Répétez après moi.
spa,Su triunfo es el resultado de muchos años de perseverancia.
spa,¿Cómo has dicho que se llama la madre de Tom?
ita,Noi in Italia lo vediamo diversamente.
eng,Haruki and Machiko were very happy to see each other again.
ita,"Le ganasce della pinza si chiusero saldamente attorno all'oggetto, bloccandolo in posizione."
spa,Su coche no tendría más de catorce millas.
eng,Tom said that he wanted to meet Mary's family.
spa,Se pueden ver algunos conejos salvajes en el bosque.
eng,We have to tell Tom what has happened.
fra,Elle vit les enfants retourner à l'école.
eng,He let me in.
eng,Cut my food up for me.
fra,Il a voulu récupérer ses enfants.
fra,L’identification des dangers est la première étape dans la prévention des accidents.
fra,Vous auriez dû rester à Boston.
deu,Tom war genau pünktlich.
deu,"Als ich morgens aufwachte, war niemand im Haus, und ich war den ganzen Tag über alleine."
spa,Veré en qué puedo aun ayudar.
spa,Continúa pronto.
spa,¿Podría hablar con el Sr. Brown?
ita,"Lei era vostra amica, vero?"
ita,Va a studiare in Nuova Zelanda.
spa,"Si lo acabase, sería estupendo."
ita,Quanto sei ridicolo?
eng,I like chocolate ice cream.
ita,Farò tutto il possibile per aiutare.
spa,Nos la cambiaron.
ita,Si pensa che la vittima abbia ingerito una grande quantità di veleno per errore.
eng,We're not friends anymore.
fra,J'ai obtenu ce que j'ai demandé.
deu,Testen Sie es an uns.
ita,La sera Tom o legge o guarda la televisione.
eng,Tom told me that he thought that Mary was new.
spa,Nuestros hijos quieren bicicletas como las de los hijos del vecino.
ita,Tutto quello che devi fare è lavare i piatti.
ita,Io ti auguro il meglio.
ita,Gli hamburger sono un'esplosione di gusto e soddisfazione in ogni morso.
spa,¿Dónde se usa el francés?
ita,Noi siamo storici.
spa,Ella sólo puede confiar en él.
spa,El complot de asesinato fracasó.
ita,Consideriamo la questione chiusa.
deu,Wir trinken kein Leitungswasser.
ita,"Mary è una ballerina molto brava, vero?"
spa,Quiero ver los resultados.
fra,Ils savent que nous sommes ici.
fra,Comment s'appelait le grand jeune homme dégingandé ?
fra,Elle a une allergie aux chats.
deu,Er kaufte einige Bücher in dem Buchladen.
fra,Tu te comportes comme un monstre avec elle.
eng,Do you know where Tom plays golf?
spa,Nadie te obligó a hacer nada.
deu,"Heute gibt es keinen Salat, sondern nur eine große Portion Pommes frites."
fra,Nous avons pris un taxi pour arriver là-bas à l'heure.
eng,Tom is a skater.
ita,Mi ispiri a essere migliore in tutto.
deu,„Ich bin rausgeflogen.“ – „Ernsthaft?“
ita,Non va a costruire baracche in Niger?
eng,Tom and Mary said that they had three dogs at home.
deu,Tom lief direkt an Maria vorbei.
spa,El cielo está cubierto hoy.
deu,Tom hat das eigentlich gar nicht gemacht.
spa,Yanni le hizo daño a Skura.
eng,I don't see blood.
eng,Tom dreams of setting the world on fire.
fra,Qui est Ekrem Imamoglu ?
eng,How can I improve my French?
eng,He wondered whether to ring her.
fra,Tom est un père qui ne s'occupe pas de ses enfants.
fra,L'interférence est une chose très profonde.
eng,What a filthy bathroom!
fra,Je faisais faillite.
spa,Nada se consigue sin esfuerzo.
deu,Tachykardie ist eine stark erhöhte Herzfrequenz von mehr als hundert Schlägen pro Minute.
spa,¿Quieres esperar?
spa,¿Tenemos que esperarlos?
spa,Tu padre te ama.
spa,"Hágase a un lado, por favor."
fra,Comme c'est dommage !
fra,Elle venait de terminer.
deu,Ich versuche ihm aus dem Weg zu gehen.
ita,Riesco a vederti.
fra,Mike sait comment se défendre.
eng,Execute them.
fra,Je pensais que tu allais vivre avec nous.
spa,Aún lo puedo hacer razonablemente bien.
ita,Tom non vuole morire.
deu,Ich übernehme Tom.
spa,Él es un buen nadador.
eng,She frowned at me.
spa,Le hace chantaje.
fra,Pourquoi étais-tu si lente ?
fra,On mangeait des pommes.
ita,Era curiosa e ha aperto la porta.
spa,¿Vas allí con frecuencia?
fra,Elles me l'ont volé.
eng,"When Mary walked into the room, Tom hid under the table."
ita,Sloan riesce a rendere le auto un bene di consumo e relativamente accessibili.
fra,C'est lui qui les a embellies.
ita,Mi tuffavo.
spa,El cuarto del señor Johnson era un cuarto grande.
ita,Interrogami.
spa,Betty la mató.
eng,Tom and Mary were both born in Boston and they grew up there.
fra,Il a conduit.
deu,Tom ist geschieden und hat eine Tochter.
ita,Non è carina?
spa,¿Cuál es el precio de aquel libro?
eng,I don't want to go abroad.
spa,Tengo el dinero.
ita,Non vai a costruire baracche in Lituania.
eng,I heard that someone lives in this house.
fra,Fais pas hiech.
eng,They have ordered mashed potatoes with grilled salmon.
fra,"À juger d'après son apparence, il est malade."
ita,"L'aquilotto aprì le ali con timore prima di lanciarsi nel vuoto, seguito dalla madre."
eng,I think Tom has been to Australia at least once.
spa,Quiero el ventilador.
fra,Il s'est fait hara-kiri.
ita,"Di che nazionalità erano le vostre zie? ""Irlandese."""
deu,Ich bin nicht allzu erschöpft.
spa,Ahí está tu cartera.
spa,No es lo suficientemente disciplinado.
ita,Stanno leggendo libri in biblioteca.
eng,Dreams may be purchased only while sleeping.
eng,Remember Tom.
ita,Tom è abituato a vivere da solo.
fra,J'ai voyagé à Tokyo.
eng,His teacher pointed out several redundant sentences in his essay.
ita,Dai questo biglietto a chiunque arrivi per primo.
deu,"Sie ist Vegetarierin, oder?"
eng,Skura and Nuja stopped here.
spa,"Estabas durmiendo, ¿verdad?"
spa,No soy lesbiana.
spa,Añádele una docena de huevos a la lista.
deu,Sie hielt mich für meinen Bruder.
fra,J'emménage avec elle.
deu,"Weißt du, was man tun und was man lassen soll?"
eng,She may not be as happy as she looks.
fra,Apprécie-t-il la Chine ?
eng,I'd like a map of the city.
eng,Tom went to Australia to help his uncle build a house.
deu,"Ein Defizit hast du, wenn du weniger hast, als du hättest, wenn du nichts hast."
spa,Ella estudia matemáticas.
deu,"Sie sagte ihren Kindern, sie sollen ihre Spielsachen aufräumen."
fra,Le son est à présent bien perceptible.
eng,I'm planting beans in my garden.
eng,There were dark pouches under his eyes; his heavy unshaven face seemed to sag at every crease.
spa,Esta cosa saldrá bien.
spa,"María echó azúcar en el café, pero a Raquel le gustaba solo."
eng,Tom admitted that he had lied to Mary.
spa,¡Quién lo iba a decir!
eng,Why didn't you just ask them?
fra,J'ai le droit de savoir la vérité.
eng,Elias doesn't have to resign.
ita,La mia famiglia ha passato bene la Pasqua.
fra,Il est mort et personne n'a parlé de lui.
deu,"Sie half ihm, seinen Binder zu binden."
eng,He has three sisters; one's in Tokyo and the other two are in Nagoya.
fra,Elles n'ont pas dit comment elles s'y rendaient.
ita,Non vanno a cercare qualcosa in Norvegia.
fra,Ferme la fenêtre !
spa,Cuando conocí a Betty estaba nervioso.
eng,Tom didn't care how it got done as long as it got done.
fra,Il s'est passé quelque chose aujourd'hui ?
spa,¡Eso ha sido comido!
spa,Tuve que parar.
ita,"Mary non ci lascerebbe qua, vero?"
eng,Today I've written a few sentences in my notebook.
ita,Nessuno mi ascolterà.
deu,"Tom sollte bei Maria Abbitte dafür leisten, dass er nicht rechtzeitig angekommen ist."
spa,El libro está en el estante.
eng,He dropped the cup and broke it.
deu,"Wenn es eine Wahl zum König der Welt gäbe, für wen würdest du stimmen?"
ita,Tom fa almeno tre bagni la settimana.
spa,"No, no puedo creerme lo que dices."
spa,Las consecuencias del impacto del meteorito fueron cataclísmicas.
ita,Io mi tuffavo.
fra,Je me réveille très tôt.
fra,Ne vous les donneront-ils pas ?
spa,En aquella ventanilla le podrán expedir la convalidación que requiere.
eng,I had to check my bag.
fra,Vous n'avez pas mâché le citron.
deu,"Das ist ein einfaches Ding, aber viele Menschen verstehen es nicht."
spa,"Si no puedes conseguir un abogado que conozca la ley, consigue uno que conozca al juez."
ita,Io ho l'autorità di fare questo.
spa,Compramos mobiliario nuevo.
fra,Pourquoi êtes-vous tout le temps si heureuse ?
deu,Kein Mensch ist eine Insel für sich allein.
fra,L'antonomase vossienne utilise une périphrase comme nom propre.
eng,I radiate positivity everywhere.
spa,Tom es un maltratador.
ita,Quell'articolo ridicolizza i vegetariani.
ita,La sedia era fatta a mano.
ita,Questo borgo è abitato prevalentemente da boscaioli e da cacciatori.
deu,Meine Mutter hat mir beigebracht Osechi zu machen.
eng,Sick.
eng,"If I don't come, who will?"
deu,Kommst du mit zum Essen?
spa,¿No es eso lo que se supone que debes hacer?
fra,La misère n'a épargné personne.
eng,How long were you in Caracas?
spa,Mary pegó a Tom.
ita,Siete sicure che questo sia il treno giusto?
ita,Non avevo idea che Tom e Mary fossero così malati.
eng,It's a very beautiful sapling.
fra,Je l'ai vue ranger la chambre.
deu,Wir haben keinen Ersatz für Tom finden können.
eng,She needs oxygen.
ita,Ha una rivista giapponese?
fra,Nous prîmes contact.
fra,Ils sont partis andainer.
eng,"When there's more wind, the windmill spins faster."
spa,Deberían bastar tres sillas más.
deu,Vielen Dank für deine Geduld!
fra,J'ai une vague idée d'où ça se trouve.
deu,Ich brauche neue Socken.
ita,Voi lo avete accusato di aver rubato la bicicletta.
fra,Il était toujours en train de boire à cette époque.
fra,Tom a construit à son chien une niche.
spa,Distrito postal y distrito municipal son cosas diferentes.
spa,Era una mentira por supuesto.
deu,"Wo, glaubst du, ist Tom jetzt?"
spa,Todas tienen el mismo tamaño.
spa,"La traducción es una experiencia valiosa, aprendizaje de eficacia demostrada."
spa,Él es afortunado por tener tan buena esposa.
fra,"Voilà qu’on veut pas crever, maintenant ?"
deu,Ich bin ganz überrascht.
ita,Sei dopo di me.
deu,"Erzählt mir nicht, dass das eine Überraschung war!"
ita,"Di che nazionalità sono i loro fratelli? ""Albanese."""
eng,Tom thinks he's related to me.
ita,Lei andò a fare la spesa al supermercato.
eng,"May I introduce our sales manager, Abe?"
ita,Tutti i suoi problemi sono stati risolti.
ita,Mary disse che non voleva nulla.
ita,A me piacciono i bastoncini di pesce.
ita,Può farmi una foto?
fra,Je n’ai de rancune contre personne.
eng,Tom has talked about running for governor.
spa,¡Esto es peor que una bomba!
ita,Poteva venirmi il diabete!
ita,"Di che nazionalità sono i loro vicini? ""Svizzera."""
deu,Tom lugte hinter dem Eichenbaum hervor.
ita,Io penso che Tom sia possessivo.
spa,¿Es esta su primera visita a Roma?
fra,Je lui achèterai des étagères.
ita,"A dire il vero, lei è mia cugina."
ita,"Dove andremo fra due settimane? ""In Ucraina."""
fra,Elle a eu une inflammation de la muqueuse de l'appareil gastro-intestinal.
deu,Hast du das nicht immer gewollt?
deu,Wie heißt dein Pferd?
fra,Nous nous sommes mis à chanter.
fra,Je crois que j'ai perdu mon parapluie.
eng,I left my car running.
eng,He's my neighbour.
eng,Sami and Layla don't have any mutual friends on Facebook.
deu,"Weiß jemand, wie man bei Tatoeba Sätze hinzufügt?"
deu,Das Quadrat hat vier Ecken und vier Seiten.
deu,"Der Wolf fragte dann das Mädchen: „Glaubst du immer noch an Märchen, Rotkäppchen?“"
fra,Est-ce que vous les avez averties ?
eng,Tom said that he did it out of curiosity.
spa,La cena puede esperar.
spa,Se cortó con un cuchillo.
eng,I'm not sure I understand exactly what you're trying to say.
fra,Je parle couramment le français.
fra,"Drague, fais la fête, mais après ne viens pas te plaindre."
ita,Vai al posto?
ita,Fadil iniziò a saltare la scuola.
deu,"Meine Frau erschauderte, als sie eine einäugige Katze sah."
eng,Mary explained her problem.
deu,Wir haben das getan.
ita,Non volevi andare nei Paesi Bassi?
fra,Il ne faut pas chercher à comprendre.
eng,This road goes to the city.
spa,¿Disfrutaste de tu cita con Tom?
fra,Veuillez à nouveau essayer.
fra,Je n'aime pas qu'on m'envoie faire les courses.
ita,Non avete parlato con Tom?
eng,I think that you need to tell Tom what happened.
fra,Ne vous prenez pas tant au sérieux !
deu,Meine ungezogene Schwester hat mein Sparschwein zerschlagen.
ita,Guida lentamente sul ponte.
ita,La lettera è stata tradotta in finlandese.
ita,Il mio amico è indonesiano.
deu,Sie gratulierte ihm zu seiner Beförderung.
spa,Él vive en paz.
spa,Muchos carecían de experiencia política.
eng,I sold the store due to a lack of clients.
fra,Que dis-tu d'une chope ?
spa,"La curiosidad es solo vanidad, la mayor parte de las veces solo queremos saber para hablar de ello."
spa,Muchos adolescentes solo pensarían en celebrar fiestas llenas de alcohol.
fra,Tu es différent.
fra,Je n'arrive pas à arrêter de penser à l'argent volé.
spa,Iba de camino a casa.
eng,Have you ever bet on a horse race?
deu,Machen Sie bitte nur die nötigsten Reparaturen!
eng,I'm pretty sure Mary did that while she was drunk.
ita,La mancanza di trasparenza è problematica.
fra,Ça fait déjà plus de cinq ans que je travaille légalement dans un autre pays de l'UE.
deu,"Tom sagt, ich könne nicht allein zu Hause bleiben."
eng,Tom was surprised by how much Mary drank.
fra,Je parle d'un lion.
ita,Ti lascio pensare ad altro?
ita,Non le abbasso.
ita,Chiudi la porta prima di andare a letto!
fra,Elle s'est mariée avec lui à 20 ans.
deu,Was hast du am Montag vor?
spa,No puedo estacionar mi auto en este barrio. Hay muchos delincuentes aquí.
fra,Vas-tu à la campagne avec ta femme ?
ita,La mamma mi ha fatto la predica.
spa,Jack lleva seis años viviendo en Nueva York.
ita,Va a costruire strade in Ucraina.
spa,"Esos dos se llevan muy bien, pero incluso con ellos puedes sentir que un escalofrío se aproxima."
ita,Lei sa quali sono le regole?
fra,Des maux de tête te tourmentent-ils ?
ita,Leonardo è un bambino poco ubbidiente.
eng,I hope Tom doesn't try to do that by himself.
fra,Elles ont pressé des oranges.
spa,Querría regalarte una bicicleta por tu cumpleaños.
eng,She loves the two of them.
fra,C'est ce qui nous a sauvé la vie.
deu,Ich habe ein Konto bei Facebook.
ita,Potrei dovere studiare francese.
fra,Est-ce que c'est un plat japonais ?
eng,How long do you think the concert is going to last?
ita,"Dopo aver ascoltato la musica intensa, ha avvertito un senso di sollievo catartico."
eng,He thought he perceived the black fin of a shark swimming near the surface of the water.
deu,Das ist praktisch.
deu,"Tom ging in die Küche, um noch mehr Getränke zu holen."
ita,Tu sei il nemico.
deu,Ist das Leitungswasser in Australien trinkbar?
fra,Peut-être vous verrez-vous l'une l'autre là-bas.
fra,Je les ai trouvées cachées dans le grenier.
ita,Si muova verso di loro!
eng,Tom asked Mary to drive slower.
deu,Ich esse niemals so ein Zeug.
spa,Carmen lo explora.
ita,È fastidioso.
fra,De quoi veut-elle me parler ?
deu,Meine Mutter kümmerte sich um meinen Hund während der Reise.
deu,Wir haben eine wichtige Entscheidung zu treffen.
deu,"Einen Bund Stroh aufzuheben, muss man keine Maschine in Bewegung setzen."
eng,We have to thoroughly investigate it.
ita,I grandi uomini non sono sempre saggi.
ita,Pensa a rispondere a questa lettera.
eng,I don't have Facebook.
deu,Dieser Hund hat dem kleinen Mädchen das Leben gerettet.
spa,No lo conocía muy bien.
fra,Je regrette de ne pas vous avoir crues.
deu,"Der Klimawandel ist die größte Bedrohung, der wir gegenüberstehen."
ita,"In seguito, siamo andate a Betlemme a vedere le statue."
eng,I'm not letting Tom go.
ita,Questo non è un sogno! Sta succedendo veramente!
eng,Tom isn't as well off as he used to be.
eng,The boy swam in the pool.
ita,Fadil è trattato.
ita,La carne è media-al sangue.
deu,"Alle Schüler standen auf, als der Lehrer in die Klasse kam."
ita,Ho visto la casa.
spa,"Un animal, la rata o el canguro, sirve de tótem a todo un clan."
eng,We got a little bored with each other.
fra,Il comprend la physique.
ita,Studi il francese a scuola?
fra,Mon plan a été très efficace.
fra,Quelle est la différence entre discounter et supermarché ?
deu,Wir alle warten auf euch.
spa,"Si mañana hace buen tiempo, iremos a jugar al béisbol."
ita,Hanno detto che erano disorientati.
eng,The high price of petrol is driving up household expenses.
fra,Elles attendent que le jour se lève.
spa,Van a comprobar mi factura.
fra,Tom est l'un des hommes les plus riches de Boston.
spa,No quiero ir fuera.
eng,"It's not clever, cycling through slush on a racing bike, but there's nothing else for it this year."
fra,"Pendant mes vacances d'été, j'ai fait la connaissance d'une belle femme."
ita,La stazione è qua vicino.
eng,"If Ziri goes there, he will be gobbled up by giant monsters."
spa,Mike siempre se mantiene tranquilo.
deu,Sie fand eine Stelle als Sekretärin.
ita,Perché tutti le stanno guardando?
spa,Tom nos dio una vuelta por Boston.
eng,You seem to be really popular.
deu,Ich schlafe gerne auf dem Bauch.
deu,"Maria wollte sich viel Arzneimittelwerbung anschauen, deshalb hat sie den Fernseher eingeschaltet."
spa,Lo hizo simplemente por curiosidad.
eng,"Can these windshield chips be repaired? ""Sure."""
ita,Tom era il mio fidanzato.
ita,Loro non volevano vivere.
eng,That's the truth of liars.
fra,Je me suis réveillé sur le sol.
ita,Dove le hai impacchettate?
spa,"Después de tres días, Carlos dejó el curso intensivo porque no podía más."
eng,Are you drunk again?
deu,"Bis der Rauch abzieht und im Ofen ein Glutbett entsteht, dauert es eine Weile."
eng,Ziri nearly scared Rima half to death.
deu,Ich wurde verhaftet und mir wurden Handschellen angelegt.
ita,Chi ha inventato questa macchina?
deu,"Je höher wir steigen, desto kälter wird es."
eng,They went to school this afternoon.
fra,Le riz est délicieux.
deu,Tom isst zu hastig.
eng,"I know that I should sleep for at least eight hours every night, but I usually sleep less."
deu,"Zum Glück war ich nicht im Bus, als er von der Straße in den Fluss raste."
eng,Yanni's body disappeared and is still not properly laid to rest.
spa,¿Te estás escondiendo de él?
fra,Passe une bonne nuit !
deu,Ich lebe jetzt in Kyoto.
eng,"Not for life, but for school do we learn."
deu,Seit gestern habe ich nichts gegessen oder getrunken.
ita,È un segno questo cigno sul lago.
eng,I wasn't as angry as Tom seemed to be.
eng,Tom's house is just ahead.
spa,¿No trabajan juntos?
deu,Ich habe großes Glück.
deu,Tom kam als blinder Passagier eines Schiffes nach Amerika.
spa,Metió una pajita en un hormiguero.
ita,Questi sono una specie di fiore notturno.
deu,Das geht in beide Richtungen.
eng,You know very well I'm right.
eng,Dung beetles come in all types of colors.
eng,William was silently waiting for an opportunity.
eng,Ziri was very obviously a child.
ita,Io non mi lavo i capelli la mattina.
eng,Did Tom and Mary do well on the exam?
eng,The boys were very noisy.
eng,Who else was involved in the incident?
deu,Ich reise auf eigene Kosten.
deu,Für euch habe ich das größte Opfer erbracht.
eng,Why should someone buy your product?
fra,Le chien regarda dans l'eau.
ita,Beve spesso il latte?
fra,"Ne buvez pas trop, d'accord ?"
fra,Il ne s'énervait jamais !
ita,La vostra stanza è pronta ora.
spa,Tiene retraso mental.
spa,La luz solar hace moverse a los electrones en las celdas y se produce energía.
ita,La tonsilla svolge un ruolo importante nella lotta contro le infezioni.
spa,Parece muy joven.
spa,¿Le preguntaste a Tom si quiere ir con nosotros?
spa,Dejó de buscar la perla.
ita,Io leggo un libro molto interessante.
ita,"Ha detto la verità, altrimenti sarebbe stato punito."
spa,Nada como una rana.
eng,I knew that Tom would get fired for doing that.
deu,Die Demokratie ist tot. Es lebe die Demokratie!
eng,Mary isn't anything like her sister.
spa,Sentí simpatía por él.
fra,Cessez de gaspiller votre temps.
fra,Il s'est certainement trompé.
deu,"Lasst uns irgendwo hingehen, wo wir ungestört sind."
eng,It's hard to speak.
eng,I like remembering these things.
ita,Affettò la banana con un coltello.
spa,Fui a la escuela con tu padre.
eng,"He's dying, isn't he?"
ita,Io so che sarò in grado di farlo.
spa,Os dejo que os ocupéis del resto.
fra,Ces assiettes ne sont pas propres.
ita,Quand'è stata l'ultima volta che vi siete connessi a Internet?
eng,Tom hates dancing.
eng,The day started very well.
fra,Prends soin de ton grand-père !
eng,Tom is a suspect in a homicide investigation.
fra,Je ne suis pas bon pour écrire des chansons.
ita,Volete un altro po' di latte?
deu,"Wenn es etwas Unverzeihliches gibt, dann ist es, nicht zu verzeihen."
eng,You should've come to the party.
deu,Er brachte mir eine Tasse Tee ohne Zucker.
spa,Usted no sabe precisamente dónde nació.
fra,Votre rôle va consister uniquement à payer les factures.
deu,"Das ist alles, was ich dir im Moment sagen kann."
spa,No tenemos claro aún.
fra,J'ai essayé de la remonter.
eng,Tom and Mary are going back to Boston this summer.
fra,Tom a payé avec de la monnaie.
deu,Es ist eiskalt hier drinnen.
eng,That's the same thing I would've done.
deu,Manche dieser Bücher sind ziemlich alt.
spa,Oí voz de un niño.
ita,A Corrado piace scrivere degli haikai.
deu,"Sie werden doch nicht weggehen, oder?"
deu,Ich vertraue Ihnen nicht mehr.
ita,Io ho deciso di perdonare Tom.
deu,Mit belegter Stimme verlas der Angeklagte sein schriftliches Geständnis.
ita,Gli Stati Uniti una volta facevano parte dell'Impero Britannico.
deu,Vor einer Stunde war Tom besser gelaunt.
fra,Le bruit sonore de perceuse donna mal au crâne à son mari.
spa,¿Puedes poner algunos ejemplos?
fra,Je lui manque.
fra,Défends-toi du mieux que tu peux !
spa,"Hoy todos quieren chocolate, y no huevos pintados."
deu,"Zu Befehl, Herr General!"
ita,Queste sono parole di saggezza.
ita,Andate a costruire mattatoi in Canada.
fra,Beaucoup de rabbins rejettent le sionisme.
deu,"Der Weise sagt niemals alles, was er denkt, überdenkt jedoch immer alles, was er sagt."
fra,Sami est un expert.
deu,Warum ist das nicht gut?
deu,Wo ist dein Gepäck?
deu,„Entschuldige bitte mein schlechtes Deutsch!“ – „Dein Deutsch ist doch besser als meins!“
ita,Perché la fortuna lo odia?
eng,He said he was too young to drink.
ita,Nessuno si aspettava che lui fosse di nuovo un candidato.
eng,These are the times that try men's souls.
eng,Sami's sister was still home.
fra,L'ont-elles choisie ?
deu,Maria erinnert sich gern an ihre Jugend.
ita,"Dove volete andare in vacanza? ""In Turchia."""
spa,El lateral de la casa fue cubierto con hiedra.
fra,J’attends votre accord.
spa,Tom suele ir andando a la escuela con Mary.
fra,Ma mère dépense beaucoup d'argent en vêtements.
deu,Er wird jetzt operiert.
spa,Calculé que costaría 300 dólares.
ita,Gli scienziati hanno analizzato i dati.
eng,He didn't laugh.
fra,David a continué à tirer.
deu,Sie wird sich auf amerikanische Geschichte spezialisieren.
ita,È per lei.
deu,Es sind drei Kinder im Schwimmbecken.
ita,A Tom serve un coltello.
ita,Lui ha scoperto il segreto.
deu,Lach mich nicht aus!
ita,Mary è una sirena.
ita,Ti consiglio di trascorrere meno tempo davanti al computer.
deu,Tom ist in diesem Punkt anderer Meinung als du.
deu,Brauchen Sie eine Minute?
deu,Tom war nicht stark genug.
deu,Tom bekam seinen Willen.
fra,Je veux savoir qui l'a démarré.
deu,"Er ist die einzige Person, die ich in Boston kenne."
fra,Je n'en ai encore jamais touché mot à personne.
spa,Ayer no tuve tiempo de ver la televisión.
ita,Sapeva che non sarebbe stata arrestata.
eng,William chased after Sandra on the sidewalk.
fra,Il y a quelques avantages.
ita,Anche io non ho più traccia dei dispersi.
ita,Non andiamo a fare nuove conoscenze in Nigeria.
fra,La soupe est glacée !
fra,Il pensait qu'elle n'avait pas de valeur.
deu,"Trotzdem möchte ich nicht, dass dieses Wissen zum Allgemeingut wird."
eng,He said that he was dog-tired.
deu,"Oft bleibt vom Gedicht in der Deutschstunde weniger, als von der Linde im Tee."
spa,Al menos no soy un perdedor como tú.
eng,Tom is probably going to be desperate to do that.
deu,Es war einmal ein alter Mann in diesem Dorf.
deu,Ich habe noch ein Ass im Ärmel.
eng,Tom will be here for the whole week.
spa,Nadie es perfecto.
eng,They were about to leave when I arrived there.
ita,Mary sa che lei mi piace.
spa,La respuesta es sencilla.
eng,Your style of interaction bothers me.
ita,Questo metodo funzionerà di sicuro.
fra,Y a-t-il une pharmacie près d'ici ?
deu,Das Wasser war trüb.
deu,"Kernenergie wird dazu verwendet, Strom zu produzieren."
fra,Sa convalescence a duré plus longtemps que prévu.
ita,Sono molto sicura di me.
eng,I couldn't afford to live in that neighborhood.
spa,Fui herido con una navaja.
ita,Inizialmente i parlamentari della CECA non venivano scelti dal popolo ma dal parlamento nazionale.
eng,Get the free app!
eng,"Excuse me, what?"
spa,Lo arreglé.
deu,Ich liebe dich – als Freundin.
eng,Mary prepared supper by herself.
deu,Ich öffne das Fenster.
spa,La pregunta es ¿para qué?
deu,Und was hast du geantwortet?
eng,I checked in every hotel.
spa,"Tengo más tiempo, y menos dinero que nunca."
fra,"C’est périmé depuis trois jours, mais bon, ça devrait aller."
ita,Mangiamo la zuppa con il cucchiaio.
ita,Mary ha le sue calze al contrario.
fra,Je t'aime aussi.
ita,Non ha mai rispettato il codice della strada.
fra,J'exige une obéissance inconditionnelle.
fra,Mes poches sont pleines de cacahuètes.
spa,Él resolvió los crucigramas con facilidad.
spa,Tom no quiere admitir que estaba equivocado.
ita,Vi piaceranno.
fra,Si tu savais comme je t'aime.
eng,Ziri began to believe Rima's lies.
deu,"Ich bedauere, was ich nicht getan habe."
deu,Sie kann den Hotelpool benutzen.
ita,Tom è salito sul taxi.
ita,Sono bravo nelle lingue.
fra,Il faut que tu arrêtes de fumer.
deu,Gib mir den Helm.
eng,Tom and Mary told John they didn't want him to do that again.
fra,Nous avons chaud.
eng,They were surrounded by their friends.
deu,Ostern ist ein wichtiges christliches Fest zum Gedenken an die Auferstehung von Jesus Christus.
eng,Sami split ways with Layla.
eng,Quite a lot of people saw Tom doing that.
ita,Le statistiche sono a suo favore.
spa,Este invierno fui a esquiar por vez primera.
deu,"Es ist sehr wichtig, daran zu denken."
eng,Will you show me a map of the world?
deu,"Flackernde Kerzen, in eurem Licht erbeben verwandte Herzen."
spa,¿Por qué estás en Boston?
eng,Have you seen a giraffe?
deu,"Tom wusste, dass Johann ein Flüchtling ist."
spa,¿Esto lo asas o lo fríes?
spa,Empezabas a aprender el esperanto.
eng,"Well, let's talk turkey."
eng,The bigger man often wins.
deu,Rings um das Haus ist ein Garten.
deu,Damit bin ich durch.
ita,Dovrà dimenticarsi di te.
fra,Je vous délivrerai une ordonnance.
eng,Mary had a little lamb whose fleece was white as snow.
eng,My daddy issues have nothing to do with my politics!
spa,Ella trabaja como mesera en un restaurante cercano.
deu,"Iss es, wenn du Hunger hast."
ita,Casa mia è casa sua.
deu,Ich verließ Japan vor zehn Jahren.
spa,A Tom le gusta escuchar la radio mientras está manejando.
eng,The great bustard is Europe's heaviest flying bird.
spa,Tom se ve un poco agotado.
spa,¡Felicitaciones Señor!
fra,Comment puis-je savoir si un garçon m'aime ?
deu,Tom sollte nicht gehen dürfen.
spa,Ya no hagamos eso por hoy.
spa,Tengo deberes.
ita,La scienza ha fatto un grande progresso.
fra,Vous nous en voyez navrées.
deu,Ich habe eine Ärztin konsultiert.
deu,Worüber bist du besorgt?
ita,Voi volete essere famose?
ita,Questo vuole dire guerra!
ita,Non deragliate la verità.
fra,Il m'a dit précisément le contraire !
deu,"Ey, ich bin auf deiner Seite!"
fra,Tom rencontre sa petite amie tous les après-midi dans ce café.
eng,This is what my mother used to say.
ita,Solitamente andiamo in spiaggia in estate.
deu,Ich lese gerne Blogs.
ita,Abita da sola con i suoi genitori.
eng,Many who learn a foreign language dream of being able to speak like a native.
eng,Tom and Mary said they couldn't resist doing that.
eng,Sami will understand why I don't like this guy.
eng,Who could fill Tom's shoes?
ita,Io ero abituato a mangiare come un maiale.
fra,C'est moins cher d'y aller en bus.
spa,Cualquiera que haya hecho esta estupidez es un perfecto idiota.
fra,Elle insista pour que je voie un docteur.
spa,Tom no habla francés.
spa,"¡Oh, mis pantalones blancos! Y eran nuevos."
spa,Este invierno hemos tenido menos nieve de lo que esperábamos.
spa,Tom le preguntó a Mary si acaso sabía en dónde podría comprar un rifle de asalto.
ita,Perché pensa che Tom farebbe questo?
ita,Io odio vedere i bambini piangere.
spa,Él me está ganando tres a cero.
fra,Ne te fais pas du mouron pour ça.
deu,Der Junge isst gerade Brot.
fra,"Je veux savoir ce que tu vois, à l'instant."
deu,Du solltest dieses Nahrungsmittel besser bei minus zehn Grad aufbewahren.
fra,"Elle voulait étudier, mais à l'époque, les filles devaient aider au ménage."
deu,Tom hat sich den ganzen Tag abgerackert.
ita,"Tom è impegnato adesso, per cui non può parlare con lei."
fra,C'est devenu une habitude.
deu,Sind Sie 18?
eng,Luis needed to clean the microwave.
eng,I went from door to door trying to sell encyclopedias.
ita,"Grazie, signore, con piacere."
ita,Loro si sono allontanate.
fra,Est-ce de l'allemand ?
deu,Seine gerunzelte Stirn ließ auf vorhandene Zweifel schließen.
spa,Lo que le hicieron sólo puede calificarse de abominable.
ita,È una delizia!
spa,Sami aceptó el islam.
ita,Non vado a costruire mattatoi in Nigeria?
fra,Ils sont arrivés ex æquo.
ita,Probabilmente stavolta mi molla.
ita,Le poinsezie sono velenose per i gatti e per i cani.
spa,Él me conocía.
deu,Hier zu leben ist sehr teuer.
spa,Me paré y empecé a caminar.
fra,Il veut devenir président d'office.
deu,Gestern war Vollmond.
fra,"Malgré sa promesse de ne jamais l'oublier, ils se sont perdus de vue."
deu,Ich war fremd in Boston.
eng,Tom won the last time.
spa,Siento que me voy a congelar aquí. Está bien frío aquí.
fra,Il m'a trouvé un bon travail.
fra,Écris à l'encre.
ita,"Di che nazionalità sono le tue nonne? ""Portoghese."""
spa,Los estudiantes responden las preguntas del maestro.
fra,Il serait plus sage d'en informer François.
spa,Esa frase me parece muy ingeniosa.
eng,She poured some cold dregs of tea into the two cups.
spa,¿Me dejas tu número de teléfono?
deu,Weshalb verkauft ihr es nicht einfach?
fra,Je suis arrivé tôt ce matin.
eng,They booed him as he gave his speech.
eng,Tom said he wished that he hadn't told Mary to show John how to do that.
spa,¿Quién quiere a Tony?
ita,Grazie a tutti coloro che hanno voluto farmi gli auguri.
ita,"Ogni anno, nel mio giardino, il mughetto fiorisce all'inizio della primavera."
deu,"Könntest du bitte die Beispielsätze korrigieren, wenn ich sie geschrieben habe?"
eng,Ziri crossed the threshold.
ita,Credo che non saresti dovuto uscire.
fra,Les matelots sont amarinés.
eng,Can Algeria achieve Berber-Arabic universal bilingualism?
fra,Je n'abats pas leurs arbres.
spa,Tengo muchas preguntas.
spa,Lo vas a romper si no tienes cuidado.
spa,No llores delante de la gente.
fra,Il y a beaucoup d'œufs dans le panier.
deu,Du bist der Kapitän.
eng,My legs are weak.
deu,Sie muss sie im Ausland kaufen.
ita,Tom è una spanna sopra gli altri.
deu,Was hast du seinem Vater gesagt?
deu,An der Wand hängt ein Bild.
spa,¿Están ustedes enamorados de alguien?
eng,"So, I don't know what to do next spring."
eng,Tom and Mary will be very late if they do that before they come here.
fra,"Cette crème adoucit, régénère et soulage les mains les plus sèches."
fra,Laisse-moi couper les carottes.
deu,Tom hat seine Tasche vergessen.
spa,¿Me podría decir por favor el camino hacia la estación?
deu,Jeder fege vor seiner Türe.
deu,Tom heiratet im Oktober.
deu,Diese Kirche kann nicht alle Dorfbewohner zur gleichen Zeit aufnehmen.
fra,Beaucoup de chauffeurs de camion ne respectent pas du tout les conditions météorologiques.
spa,"Si mi madre hubiera estado todavía viva, me habría ayudado en aquel entonces."
fra,Cachez-vous ensemble.
eng,Tom assumed that everybody knew who he was.
eng,"Doctor: ""I'm sorry. He's a vegetable now."" Tom: ""Why is that bad? Vegetables are good!"""
spa,¡Te extraño también!
spa,Hacer dinero es su religión.
spa,Un enorme copo de nieve se me posó en la punta de la nariz.
deu,Ich gehe den Pfad hinauf zur Hütte auf dem Hügel. Unter den Sohlen meiner Schuhe knirscht Kies.
eng,I'm a heroine.
fra,Je devais montrer l'exemple.
ita,"In nessun luogo viaggerei con te, perché sei antipatico."
eng,Now a few thoughts are starting to coalesce in my mind.
fra,Tu bois de l'eau fraîche.
ita,Devi prendere la medicina!
fra,Qui peut trouver une femme vertueuse ? Elle a bien plus de valeur que les perles.
deu,"Ich weiß, dass du Kaffee magst."
ita,Io non penso che sia possibile.
eng,We have to do this right away.
ita,"A causa di aver bevuto un po' di caffè forte, non è stata in grado di dormire per tutta la notte."
fra,Mon fils a cinq ans.
eng,You are not to neglect your duty.
spa,Tom es un valiente paracaidista.
deu,Es flattert unsere Flagge droben im Wind. Sie ruft all unsere Freunde zur Tat.
eng,Tom goes hunting all the time.
deu,Niemand hatte eine Antwort.
spa,¿Existen las sillas?
spa,Aquí estarás segura.
fra,Je vous montrerai la bourgade.
deu,"Jeder Mensch hat seinen Charakter, und sein Charakter ist sein Schicksal."
eng,Why would I give Tom the apple?
deu,"Tom sagte, Maria habe eine Erkältung."
deu,Sie trägt Ohrringe.
spa,Siempre está quejándose de una cosa o la otra.
ita,Mi son comprata un paio di scarpe.
eng,Sami was absolutely right.
fra,Ta question n'a pas de réponse.
deu,Maria nahm den Ring vom ihrem Finger.
spa,"Que lindo cachorrito. ¿Por qué se llama Panda? ""Por que su cara parece la de un panda."""
deu,Heute ist der fünfte März.
ita,Cosa cavolo vuol dire?
fra,"Depuis que tu es partie, je n'ai plus goûté à la paix."
fra,La vérité semble plus complexe qu'il n'y paraît.
eng,Sami and Layla spent a week and a half together.
spa,No importa quién la escribe. Una oración es una oración.
deu,"Ich war noch keine Meile gegangen, als es zu regnen anfing."
spa,No abras esta caja.
fra,Il veut se rendre en Amérique.
eng,"Translate each word in this sentence, one by one. Then, say what the sentence means."
eng,Do you really think that that is absolutely necessary?
spa,He dicho que no me gusta y es que no.
ita,Sami ha spento la sua TV.
spa,Tomasa le pidió a Mario ayuda para montar el belén.
spa,¡Menuda birria de canción ha sacado el grupo revelación del año pasado!
spa,Vivo en Australia.
eng,Algeria is a very big country.
fra,Vous n'êtes plus les bienvenues chez moi.
ita,Vi risparmierò i dettagli.
deu,"Soweit ich weiß, kommt er mit dem Auto."
eng,My name is Kuzey.
fra,Il n'était pas nécessaire que vous vous embêtiez autant juste pour moi.
eng,Forget the past.
spa,"Yo seré infeliz, pero no me suicidaría."
spa,Toco el bajo.
spa,Nuestra ciudad se vuelve más y más grande.
eng,My point is a broader one.
fra,Il ronfla toute la nuit et sa femme ne put dormir.
spa,Todos los gatos son hermosos.
spa,Es difícil atinar a la diana desde esta distancia.
spa,Tom está en el autobús que va a la ciudad.
deu,Ich habe letzte Woche von Tom drei Briefe bekommen.
spa,Ellos eliminaron el mal hábito.
eng,Tom and Mary are almost done for today.
spa,Habló de música.
ita,Puoi sceglierne uno dei due.
fra,C'est dur à encaisser.
spa,Tom necesita conseguir trabajo.
fra,Il est accro au pain.
ita,Conosco una parola.
eng,I think you might want to check this out.
ita,Volevi parlare con me?
eng,Ziri didn't go back into that place.
eng,You're always criticizing me.
deu,"Ist das das Einzige, was du tun kannst?"
ita,Pensi che Mary lo farà da sola?
ita,Non vai a costruire cimiteri in Messico.
fra,Ça fait du bien d'entendre ta voix. Je me demandais si tu étais mort.
ita,Mercoledì si fa chimica?
eng,Tom didn't know whether he'd be allowed to do that or not.
fra,Elle reçut un présent de son copain.
fra,Presque toutes les feuilles sont tombées.
deu,"Denken Sie, daß das nötig war?"
fra,La stratégie de sécurité énergétique garantit l'approvisionnement en ressources vitales.
fra,Maître et élèves ont un maître commun : l'affection.
spa,Solo tengo una pregunta para ti.
deu,Tom kann Italienisch.
ita,Penso che Tom ami farlo.
deu,Maria setzt Tom den roten Hahn aufs Dach.
eng,It's not practical at the moment.
fra,Son discours a attiré l’attention des gens.
ita,Mary ha detto che non aveva un lavoro.
fra,Je ne veux pas encore aller au lit !
spa,"Debido a la guerra en el país, los niños tienen dificultades para ir a la escuela."
spa,Tengo el almuerzo a la una.
fra,Maison !
spa,"Habiendo acabado la clase, los estudiantes se fueron rápidamente."
ita,Ha lasciato andare la corda.
deu,"Ich weiß, dass Tom Angst vor Ihnen hat."
eng,I'm not contradicting you.
deu,Pflanzen brauchen zum Wachsen Sonnenlicht.
spa,Él soltó verdades de manera valiente y sin tapujos.
ita,Ha influenzato troppe generazioni.
eng,I'm using that cup.
deu,"Ein Haushalt ist eine Gruppe von Leuten, die einen gemeinsamen Wohnsitz und Lebenserwerb haben."
fra,Le Président dit : « Je m'en tape ! »
ita,Allora questa è New York.
fra,Nous aurions dû faire plus attention.
spa,¿Acaso tengo que acompañarte?
deu,Welche Sprachen spricht man in Korea?
ita,Ho una pessima idea.
ita,"Mary è al piano di sopra a dormire, vero?"
spa,La niebla se disipó cuando salió el sol.
fra,Sais-tu quand elles arriveront ?
fra,J'apprends le japonais.
eng,Did Tom suffer?
ita,Cosa può fare per lei?
ita,Io sono un cittadino turco.
deu,Das hätte man tun können.
ita,Tu sei mai andato in bici?
spa,"Sí, lo entiendo bien."
ita,Vado a costruire fattorie in Svezia.
spa,Debo escupir la nuez.
deu,Dieser Teppich ist zu lang.
eng,"Efim Geller, Paul Keres and David Bronstein were great Russian chess players."
spa,Tomás lo intentó.
ita,Dove li avete assordati?
fra,Où est le couteau ?
eng,It began to hail.
fra,Le moment inconfortable quand ton voisin te voit casser sa clôture.
deu,Die Sterne leuchten hoch am Himmel.
spa,¿Será que la acupuntura es tan eficaz como la medicina tradicional?
spa,Yo crecí comiendo comida japonesa.
eng,She was bewitched by his smile.
spa,Estoy preparado para darte una segunda oportunidad si la quieres.
deu,Du musst mir nichts über Tom erzählen. Mir ist der Typ egal.
deu,Ich bin des Lesens müde.
fra,Les soldats sont entraînés à utiliser des armes.
deu,"Wäre es ok, wenn ich hinten sitze?"
spa,Antes de juzgar a alguien probá primero caminar un día con sus zapatos.
ita,"Non dovrei proprio chiederlo, ma potreste andare a prendere un po' di tofu per me?"
ita,Tom è diventato muto.
fra,Je voulais passer plus de temps avec Tom.
eng,Oil prices dropped.
ita,La luce rossa sopra la porta era accesa.
spa,¡Si solo tuviéramos un hijo!
fra,Es-tu impressionnée ?
ita,Tom sta iniziando a scoraggiarsi.
fra,"Comment s'appelle-t-elle, déjà ?"
deu,Er wohnt in der Ukraine.
fra,"Tu as raison, c'est le bon moment."
fra,Combattons-le comme un seul homme.
fra,C'est juste la manière dont cela fonctionne.
fra,Il se croit malin.
eng,The man had something under his coat.
eng,We'll come by tonight.
ita,La giovane coppia andò a Kyoto per divertimento.
ita,"Di che nazionalità sono le nostre studentesse? ""Scozzese."""
eng,Mary said she thought Tom might not be allowed to do that.
ita,Trascorri il Natale con Tom?
deu,Aus eigener Kraft kann ich nicht mehr. Mir Hilfe zu holen bringt nichts. Lasst mich einfach in Ruhe.
ita,Sono con lei ora.
deu,"Wenn man gesund essen will, kauft man am besten nichts."
spa,"El tamil es un idioma antiguo, según este libro."
ita,Tom sarà in grado di farlo domani.
deu,Die Polizei dient einem korrupten System.
fra,"Ce n'est pas possible, n'est-ce pas ?"
eng,Sami's visit only enflamed the conflict between Layla and her husband.
spa,"En mi mundo todos son ponis, y comen arcoíris y cuyo popó son mariposas."
fra,C'est devenu viral.
ita,Lei pensa che voglia ancora che io rimanga con lui?
fra,Mon poisson rouge est mort.
deu,Liebe fängt bei sich selber an.
deu,"Einer hat versucht, Tom zu vergiften."
spa,Yo soy tu única esperanza.
eng,Tom said that he thought he might be the only one who wanted to do that.
fra,Nous avons acheté notre arbre de Noël à la pépinière voisine.
fra,Je me suis assise près d'elle.
ita,È stato un grande privilegio lavorare con lei.
ita,È impossibile non amarli!
fra,L’agent de change a conseillé d’investir dans des valeurs sûres.
fra,Tom a mangé un gâteau.
fra,Il me faut m'entretenir avec quelqu'un.
ita,Va a costruire moschee in Grecia?
eng,It's good to consider alternative angles.
eng,Come back again soon.
ita,L'alcol è una droga.
ita,Lei guadagna un buon stipendio.
fra,Tu es une vraie chipie !
fra,Veuillez être prudents.
deu,"Es ist schwierig, Ihnen zu glauben."
spa,¿Qué tienes en tu bolso?
eng,Ivan was trying to rob Anna or steal her car.
fra,Il est rustre.
deu,Er hat seine Autoschlüssel verloren.
eng,When I woke up my head was at the foot of the bed.
deu,Was sollte ich ihm zum Valentinstag schenken?
deu,"Weil Tom Koreanisch für schwierig hielt, fing er Esperanto zu lernen an."
fra,Nous n'adorerons pas les idoles.
fra,C'est un homme jaloux.
ita,In realtà io non ho mai conosciuto Tom.
spa,Yo no tengo nómina.
deu,Mach’s ihm nicht leicht!
eng,I haven't told you the most important part yet.
spa,"Los niños son esperanzas, que se pierden, y temores, de los cuales nunca nos deshacemos."
fra,Tout est glacial désormais sans elle.
deu,Tom wusch sich die Hände.
spa,Yo trabajo en esta empresa.
eng,You won't regret hiring her.
eng,I know that isn't what you want.
eng,They burned centenary olive trees.
spa,Nunca volví a ver a Tom después de aquello.
ita,Dove l'avete messo precisamente?
deu,"Haben Sie Maria gesagt, warum sie das tun sollte?"
spa,Quiero ir a jugar con mis amigos.
spa,No quiero crear falsas expectativas.
deu,Haben Sie offene Stellen an Ihrem Körper?
fra,"J'aimerais étudier l'allemand, mais je n'ai pas le temps."
spa,Está chupando su dedo.
ita,Dopo pago se poco pago.
spa,Tengo que llevar a arreglar mi reloj.
eng,Giraffe's are the largest herbivores in the world.
fra,La cave à vin est trop petite.
ita,"Di che nazionalità sono le nostre insegnanti? ""Greca."""
fra,Il la lui a piétinée.
deu,"Tom sagte, Sie könnten mir helfen."
spa,Nosotros nos quedamos en casa anoche.
spa,¿Cuántos parques nacionales hay en Kenia?
fra,Les élèves attendent la prochaine excursion avec impatience.
spa,¿Qué diablos haces aquí?
fra,Le jour décline.
fra,Je n'ai pas de radio dans ma chambre.
fra,Je lui plais.
spa,Ese fue nuestro primer encuentro.
spa,¿Cuántos huevos quedan por cascar?
eng,I drank a lot of water.
deu,"Ich neige dazu, alles persönlich zu nehmen."
ita,In Inghilterra si trovano ristoranti che lo cucinano?
ita,Troppo cibo buono è peggio di troppo poco cibo cattivo.
fra,Ziri est-il un nom féminin ?
ita,Scelga fra i due.
eng,Rock Paper Scissors was used to decide who would be in charge.
spa,La diligencia lo llevó al éxito.
fra,J’ai hâte d’avoir de tes nouvelles.
fra,"Honteuse de sa faiblesse, elle cacha son visage dans un mouchoir qu’elle inonda de ses larmes."
deu,"Tom und Maria sagten, dass sie gerne einmal versuchen würden, Einrad zu fahren."
fra,La passion de Maria pour les voyages l'a poussée à visiter plus de trente pays.
spa,Almorzamos juntos.
spa,Ella no se siente cómoda con mis amigos.
deu,"Sie stritten darüber, ob Französisch oder Deutsch die leichtere Sprache sei."
ita,Mi sa che era indelebile!
spa,¿Por qué no me dejas juzgar eso a mí?
ita,Lui annotò il nome di lei sul quaderno.
spa,La música en la fiesta de Vladimir estuvo genial.
deu,Sie wollte nicht zum Arzt gehen.
ita,Ditemi perché Tom non è qui.
deu,Ich bin ich und du bist du.
eng,Don't you want to kiss me?
ita,Questo dizionario è prezioso per noi.
spa,Un contratiempo inesperado nos obligó a detener la maquinaria.
eng,I nodded in agreement.
ita,Non ho niente da dire.
deu,"Ja, tatsächlich!"
ita,Mary sostiene che abbia rubato le sue perle.
spa,¿Por qué nos hemos parado?
ita,Posso utilizzare una carta di credito?
deu,Ich hoffe wir müssen nicht zu lange warten.
spa,Muchas gracias por su respuesta.
eng,Tom doesn't think Mary will really do that.
eng,"They have rights, too."
eng,The walls of their room are covered in animal posters.
eng,I am a seal.
ita,Io ero triste.
spa,Todo esto es debido al uso de exfoliantes.
deu,Die Enttäuschung war ihr ins Gesicht geschrieben.
fra,"Je ne le regrette pas. Pour être franc, cela m'a fait de la publicité."
spa,Necesito un préstamo.
spa,¡De todas maneras vamos a llevar!
eng,The governor has declared a state of emergency.
fra,Elles ont l'habitude de les accompagner à Ichelliben.
deu,Ich kann ihm dabei nicht helfen.
deu,Einmal reicht nicht.
ita,"Tu sei malato, vero?"
deu,Ich liebe diese Jahreszeit.
spa,Temo que es muy tarde ya.
spa,¿Por qué quieres convertirte en enfermera?
ita,Vanno a costruire biblioteche in Cile?
deu,Die Batterie in dieser Taschenlampe ist wiederaufladbar.
fra,J'ai ma soutenance de thèse demain.
spa,La generación actual está plagada de narcosis digital.
fra,Il ne restait plus qu'un peu de lait dans la bouteille.
ita,"È il vostro migliore amico, vero?"
deu,Bist du meiner überdrüssig?
eng,Is there anything that you want to tell me?
spa,Él no tiene más de dieciocho años.
eng,Father never goes out with an umbrella without leaving it somewhere.
ita,I fatti sono dalla nostra parte.
ita,"Continuare a fare la vittima non aiuta nessuno, soprattutto te stesso."
ita,Penso che non andranno per salute in Germania.
ita,Io trascorsi molto tempo in Australia.
spa,El lunes perdí mi empleo.
ita,Nessuno l'ha più visto da allora.
ita,Ho trovato questo libro molto interessante.
eng,You're a grass!
spa,Tomás encontró las llaves que creía que había perdido.
deu,"Niemand hört mir zu, wenn ich rede."
eng,Tom is convinced that he's a relative of mine.
deu,"Tom war der festen Überzeugung, dass alle Menschen von Natur aus gut seien - bis er Maria traf."
eng,A jet fighter flew over the town.
eng,"I know Tom lives on Park Street, but I'm not exactly sure where."
spa,"Hablando francamente, no me gusta tu idea."
deu,"Die Dunkelheit nimmt dem Menschen die Möglichkeit, einen Gegenstand vom anderen zu unterscheiden."
spa,Hizo lo que le dije.
eng,Can we get Tom to do that?
eng,"Predictably, I crashed and burned."
spa,Tomen lo que necesiten y den lo que puedan.
fra,Ce qu'il y en a des morts chez les vivants!
deu,"Ich wußte, daß du die Antwort würdest erraten können."
deu,Was machst du üblicherweise zuhause?
fra,Il veut vous parler.
deu,"Ich erkundigte mich, ob das Flugzeug pünktlich ankäme."
fra,Elle a la peau basanée.
deu,Große Zeiträume schrumpfen bei ununterbrochener Gleichförmigkeit zusammen.
spa,El número de información para las personas que estén cruzando la frontera es el +48 47 721 75 75.
ita,Tom ha tradito la fiducia di Mary.
eng,"I don't even know what you are called, mate."
deu,Misch dich nicht in ihr Privatleben ein.
spa,¿Quién parte?
deu,Könntest du die Lautstärke runterdrehen?
spa,Estoy en el aula.
ita,Vai a fare nuove conoscenze in Sudafrica.
spa,Quería comprar aspirina.
deu,Du weißt es also wirklich nicht?
ita,Forse non serve che parliate con noi.
eng,Tom's apartment looks great after he had it re-carpeted.
eng,Science can help us understand the dynamics of complex systems.
eng,Tom has a photographic memory but never developed it.
spa,Risa sabe hablar náhuatl.
fra,Ziri est entré dans la ville.
ita,Non sono ancora così impegnata.
spa,Piensa en lo que te he dicho.
deu,Tom wurde zu Unrecht die Schuld zugeschrieben.
fra,Je pense que Tom fait du bon boulot.
fra,Cette dague aurait appartenu au roi d'Espagne.
ita,Qual è il vostro motore di ricerca preferito diverso da Google?
eng,I always eat lunch with Tom.
deu,Samis Freunde sind schwul.
eng,Local residents sought refuge in the hospital.
ita,Il tumore al seno è una malattia.
ita,Vanno a costruire birrerie in Egitto?
deu,Sie konnte nicht aufhören zu lächeln.
deu,"Die Schachtel ist zu klein, um alles darin unterzubringen."
eng,"Tom and Mary walked into the restaurant and looked around, but couldn't see a free table."
ita,Guardai Tom da vicino.
spa,No es bueno irse a los extremos en ninguna cosa.
eng,Some people can't seem to understand that I don't need alcohol to have a good time.
ita,Quanta acqua hai?
ita,Io mi alzo sempre presto.
eng,There isn't any paper in the printer.
deu,"Ich hätte nie gedacht, ich würde gewinnen."
fra,Nous sommes en germinal.
eng,They're a great band and deserve the cash.
fra,Le temps est le feu dans lequel nous nous consumons.
deu,Ich sage nichts.
eng,I didn't think you'd be impressed.
ita,Tom riesce a fare entrambi.
fra,Je suis sûr que tu réussiras.
eng,The men have put on their helmets.
eng,I can't understand this sign's meaning.
fra,Le gel a causé de gros dégâts.
ita,"Per piacere, ripeti dopo di me."
ita,Ho preso in prestito questo libro dalla biblioteca.
deu,Mehrere der Abteilungsleiter der Firma sind außerhalb der Stadt wegen einer Konferenz.
fra,"Tu veux parler, non ?"
deu,"Wir sind arm, aber glücklich."
spa,No quiere quedar embarazada.
ita,Lei ci ha sottovalutati.
spa,Me fui a la cama un poco más tarde de lo habitual.
ita,Non andate a costruire sinagoghe in Giappone.
ita,Tom non lavorava sodo come Mary.
ita,Tom raccontò una barzelletta.
eng,"You're a very lucky woman, aren't you?"
fra,Prends l'oseille et tire-toi !
ita,Ma che musica del cavolo!
deu,"Habt ihr gesehen, wer das getan hat?"
fra,Ça veut dire qu'il vous apprécie.
eng,"Snuggle up in your cozy bed, my love. It's time to call it a night."
fra,Ah ! Je ris de me voir si belle en ce miroir !
deu,"Könntet ihr hier warten, bis ich wiederkomme?"
spa,La mayoría de las substancias es gaseosa en altas temperaturas.
eng,Those who are defeated are always wrong. History only remembers their failure.
deu,"Er ist nicht mehr in der Lage, Lüge und Wahrheit zu erkennen."
fra,"Ramassons ces pommes maintenant, ou elles vont se gâter."
deu,Verbrennen Sie es!
spa,¿Dijiste dieciséis o sesenta?
ita,"Di che nazionalità erano le tue alunne? ""Azera."""
eng,Benedito gave the Melissa a massage to relieve her sore muscles.
ita,Ne sono assolutamente sicuro!
spa,Siento lo de la otra noche.
eng,Tom told Mary he was glad that was going to happen.
fra,"Retire tes chaussettes, s'il te plait."
deu,"Spinnen verflüssigen alles, was sie fressen."
deu,Ich spreche nur das Offensichtliche aus.
fra,"Non, va t'asseoir !"
spa,Nada en la vida es para siempre.
deu,Sie kam auf den dritten Platz.
deu,"Ich würde gerne mit dir kommen, aber ich habe kein Geld."
ita,Non andiamo a costruire fabbriche in Albania?
ita,Io sono daltonico.
eng,Ziri lost his football.
fra,Il y a trop de guerres dans le monde.
fra,J'étais bouleversé.
deu,Sehen Sie zum ersten Male Schnee?
fra,Il ne vous a pas à la bonne.
ita,Taci e comportati bene!
ita,Vuole della pizza?
fra,Ainsi disait l'âne : laisse-moi seulement poser mes lèvres sur l'orge.
deu,Lächeln ist das Kleingeld des Glücks.
eng,Tom needs to tell Mary that he loves her.
deu,"Ich bin der Einzige, der das nicht machen möchte."
fra,Il s'agissait d'un secret.
deu,Ich denke es ist zu teuer.
ita,Il cuore è un muscolo.
deu,Wie findest du diesen Pullover?
deu,"Ich weiß, dass dies merkwürdig ist."
deu,Wart ihr letzten Montag hier?
deu,Sag's!
deu,Dieses Standbild wurde vor zehn Jahren errichtet.
fra,"Neuf euros, c'est le prix du sac ou des chaussures ?"
fra,Je ne suis pas allée à M'cisna.
eng,I can't do it right now.
ita,Prendete il libro.
deu,Mit dem Vito kommt der Vito.
spa,No había vías férreas.
fra,Ils apprenaient.
eng,Tom has overstayed his welcome.
spa,Tom pronto alcanzó a Mary.
fra,"Pars avec lui, je vous rejoins après !"
spa,Él no podía ayudarla.
ita,Dovremmo farci delle domande.
deu,Warum passiert das mir?
spa,Al acto de recibir la hostia que se reparte durante la comunión se le dice comulgar.
fra,"Pour le moment, ma sœur est vendeuse dans un supermarché."
spa,Él dijo que luego nos dejaría saber los resultados del examen.
fra,Elle a acheté un bidon d'eau de 5 litres.
fra,Elles vont le lui apporter ?
spa,Estaba esperando a Tom.
deu,Nicht denken!
fra,L'eau bouillante est-elle dangereuse pour le bois ?
spa,El balonmano es un deporte muy popular en Dinamarca.
spa,Parece que te lo estás tomando en serio.
deu,Sie kamen beide zu spät hier an.
spa,Él hizo a su secretaria mecanografiar la carta.
deu,Tom glaubt fest an den Sozialismus und die Zukunft dieses Landes.
ita,Operai e soldati formano organizzazioni di controllo a livello locale.
fra,« On n'a rien sans peine » dit le proverbe.
deu,Farbdruck ist teurer als Schwarzweißdruck.
deu,Sie haben es richtig erraten.
spa,No es una enfermedad.
spa,Está enferma y por eso no fue a la escuela.
ita,I governi del pianeta rappresentano sempre meno le proprie genti.
deu,Ich fahre mit dem nächsten Zug.
eng,Why don't we order a pizza for lunch?
fra,"Vous ou moi, il n'y a pas grande différence."
spa,No está embarazada.
spa,Tom ha estado ocupado.
ita,Mio padre è il più alto di tutti noi.
ita,"Sì, capita una volta ogni tanto."
eng,The rural exodus depopulated entire villages in this region of Germany.
fra,Elle est allée faire une pause.
ita,Lo shock ha reso Tom senza parole.
fra,Les amnistiés purent rentrer dans leur pays.
deu,Sie macht einige Besorgungen.
fra,"Au passage, as-tu des piles de rechange ?"
ita,Com'è possibile che siamo sempre così indietro?
fra,Veuillez oublier cela.
deu,Magst du Katzen nicht?
ita,Mio nonno conserva ancora il vecchio calzascarpe di legno che sua madre gli regalò molti anni fa.
eng,Women frighten me.
spa,Me encontraba a disgusto.
ita,Prenda fiato.
spa,Jugamos en la playa.
eng,Do your parents still allow you to do that?
spa,"Desde por la mañana, la casa se llena de bullicio, preparándose para la llegada de los invitados."
spa,"Entonces, que el último cierre la puerta."
spa,Berta y Simón improvisan más de la cuenta.
ita,"Mi piacciono i poeti, come Takuboku."
eng,You once said we were friends.
spa,Es una responsabilidad ser el único profesor de griego en el colegio.
ita,Sai come arrivare allo zoo?
deu,"Ich weiß nicht, was jemanden wie ihn zu so etwas treibt. Das ist doch total verrückt!"
spa,Parece que fue ayer que nos besamos por primera vez.
eng,We should get Tom to teach Mary French.
fra,Êtes-vous autorisé à agir en tant que son mandataire ?
deu,Das stimmt. Ich hab’s im Fernsehen gesehen.
deu,Der Feind setzte neue Truppen ein.
eng,I can assure you that there is nothing to fear.
eng,Do you know who you’re talking to?
spa,De pequeño me encantaba leer historietas de Mortadelo y Filemón.
deu,Die Einbrecher brachen nachts in die Bank ein.
eng,Insects are like little monsters.
deu,Ich bin immer optimistisch.
fra,Elle est non seulement belle mais aussi intelligente.
fra,Dites-leur que je n'ai pas peur d'elles.
deu,Hast du ihn kaputtgemacht?
spa,Podríamos haber hecho también un pastel de manzana.
fra,Personne ne me fera de mal.
ita,Ho altri assi nella manica.
eng,He isn't as funny as he used to be.
fra,Les deux feuilles de papier sont du même format.
fra,"Si ton pseudo était plus beau, je l’aimerais bien."
spa,¿Qué cosa quiere?
spa,Renunciaron a parte de lo suyo.
eng,"After the bailiff repossessed Tom's house, he was forced to doss down at a homeless shelter."
eng,The baby is speaking Esperanto.
fra,Est-ce ta femme ?
ita,Mi prometta di farlo.
spa,Tienen sus propios problemas.
ita,Come ha conosciuto i miei genitori?
spa,A ella le gusta vestirse de policía.
fra,L'apprentissage par échafaudage soutient temporairement l'acquisition de compétences.
deu,Ich habe noch eine Frage.
eng,I'm as surprised as Tom is.
fra,Personne ne prend Tom au sérieux.
spa,Le puse algo de leche a mi café.
deu,Und was ist deine Meinung zu diesem Satz?
eng,"Where's your dog? ""It's dead. Are you happy now?"""
spa,Voy a quedarme despierto por ellas.
ita,Com'è che non li posso vedere?
deu,Der geschwächte Patient leidet an Magenkrebs.
fra,Qu’est ce que c’est que cette bêtise ?
ita,Io sono interessato a imparare il lojban.
eng,You should speak in a whisper at the library.
spa,¡No te pongas de malas!
spa,No creo que tarden mucho.
fra,Je suis relâché.
deu,Sprecht ihr über sie?
fra,Prends soin de ta santé.
eng,That isn't quite true.
ita,Vattene quando vuoi.
deu,Wir müssen das Problem sorgfältiger betrachten.
fra,Ziri toussa.
spa,"Un helado de fresa, por favor."
spa,"Pero qué engañada estás, alma de cántaro."
eng,"And what are you going to do now? ""I won't do anything."""
deu,Hättest du Lust auf einen Cappuccino?
spa,No vale la pena decirlo.
ita,Perché non mi vuoi?
fra,Nous avons flâné dans les rues de Kyoto.
eng,Chris noticed Kate walking through the neighborhood with a strange boy.
eng,I know I'm sometimes obstinate.
deu,Tom kam erst in der letzten Minute hier an.
fra,C'est un grand jour pour moi.
spa,Tenemos dinero.
fra,Je vis quelque chose.
ita,Mi spiace che non vi sia piaciuta la festa.
ita,"Per piacere, di' loro che siamo qua."
ita,Tom mi ha detto che stava per ucciderla.
spa,Ambos sonrieron.
spa,Hay varias iglesias cerca de mi casa.
deu,Ich habe gute Reflexe.
eng,Tom and Mary knew that people were going to say bad things about them.
deu,Der Mann dort drüben ist Pedro.
ita,Stasera c'è un buon film al cinema.
eng,Tom isn't the kind of person who'd do something like this.
fra,Chacun peut réutiliser les données ouvertes.
ita,Mary pensava che avrebbe potuto farlo.
deu,Er führte mich in die Halle hinein.
ita,Pioveva ieri pomeriggio.
deu,Tagsüber gibt es sechs Stunden Unterricht.
fra,Il t'a vue l'autre jour.
eng,Tom was the one who helped Mary do that.
fra,J'espère partir.
deu,Hier bin ich in Sicherheit.
ita,La ragazzina abbracciò Tom.
fra,Étudies-tu parfois à la bibliothèque ?
ita,Tom sta giocando a calcio da qualche parte.
fra,Les étoiles brillent plus fort dans l'obscurité.
deu,"Die Dinge die wir sehen, sind die selben, die in uns sind."
spa,"Si Wikcionario llegara a cumplir su objetivo algún día, se convertiría en el diccionario definitivo."
spa,Se nos acabó el agua.
deu,"Es ist drei Jahre her, dass Tom nach Boston kam."
deu,Eines Tages fand ich dort eine Kiste.
eng,Tom claims that he has command of astral projection.
spa,Hamlet es una obra de Shakespeare.
deu,Irgendjemand hat meinen Regenschirm genommen.
fra,Il était prêt à le faire pour moi.
deu,Wolltet ihr Fritten?
spa,Me moriría sin vos.
ita,Come sarà l'economia giapponese l'anno prossimo?
deu,Sie haben seine beiden Beine zusammengebunden.
fra,C'est ma professeure préférée au milieu.
eng,Both of them were deported from Algeria.
ita,L'abilità più importante che si può acquisire è la capacità di pensare per se stessi.
deu,"Tom hat gesagt, dass Mary das jetzt machen sollte."
spa,Se quitó la ropa.
ita,Tom si chiese se Mary avesse amici.
fra,J'ai eu du nan avec du thé pour déjeuner.
fra,Tu ne vaux rien !
ita,Io preferirei non mangiarlo.
eng,Could you explain that one more time?
deu,"Ich glaube, meine Rechte nur verteidigen zu können durch Verteidigung derer anderer."
spa,Esta noche quiero bailar.
fra,Ça peut toujours être pire.
spa,Viajamos de Miami a Brasilia por Pan American.
ita,La coreografia è abbastanza semplice.
fra,Nous sommes tous montés dans la voiture.
fra,Tom est gâté.
spa,Son gente normal.
fra,Tu n'as pas l'air très bon.
spa,El aguacate es una fruta.
eng,What are we doing?
eng,I don't think I'm better than Tom.
fra,Les Français n'arrivent plus à boucler les fins de mois.
spa,"¡Qué bellas son las montañas, de verdad!"
deu,"Wenn ein Kind ins Bett pinkelt, möchte es, dass es nicht Tag wird."
eng,Karl reached Colony 5.
deu,Russland ist eine große Seemacht.
deu,Sie hat die Messer geschärft.
fra,J'ai une toux sèche.
ita,Ma dov'è la tua divisa?
deu,Ich fühle mich unter Bäumen wohler als unter Menschen.
eng,"You are coming down with the flu, or something serious."
eng,Tom needs highly nutritious food.
ita,Posso farlo senza di voi.
ita,Io sono un pugile.
fra,Quel est le titre du chapitre ?
eng,Mary says she wants to get a driver's license.
ita,L'insegnante l'ha lasciato andare a casa.
spa,"El mármol de Carrara es de excelente calidad, pero el de Macael, en Almería, es muy superior."
eng,He won't know what hit him.
eng,Tom works for a tech company.
eng,Ziri's car was in the ditch.
deu,"Ich kann Schach, aber nicht Dame spielen."
fra,Les ennemies détruisirent l'usine en la bombardant.
spa,Las complicaciones inesperadas me llevaron a cancelar la cita.
spa,Esto es tan molesto.
fra,Je te tiens par la barbichette.
fra,Elles ne doivent pas manger.
eng,I'm not interested in going to the baseball game.
fra,Tom est tombé de la balançoire et s'est mis à pleurer.
ita,Smettila di procrastinare.
ita,Comincio a lavorare domani.
eng,Sami and Layla kept looking at Farid.
spa,Creo en mi marido.
ita,Dopo la morte Tom è stato premiato con una Medaglia al Valore.
ita,Loro amano i fichi.
fra,Les gens vraiment riches ne travaillent pas pour de l’argent.
ita,Non pensate.
eng,Mary came racing down the stairs.
ita,Tom e Mary stanno aspettando che lei finisca di farlo.
ita,Tom promise di portarmi a pesca.
ita,Non nasconderti sotto il letto.
eng,All at once we heard a shot.
fra,La richesse est un voile qui couvre bien des plaies.
eng,That almost sounds like a threat.
deu,"Tom ist in den letzten Jahren so dick geworden, dass er sein Auto wechseln musste."
eng,He brought some food.
fra,Tu n'es pas retourné à Ibelɛiden.
eng,Prepare yourselves for the future.
ita,Il marinaio sa come issare i carichi sulla nave in modo sicuro.
deu,Tom hat in der ersten Woche seiner Diät 1½ Kilo abgenommen.
deu,Du kannst besser kochen als ich.
fra,Vous mangerez une soupe.
eng,We have no class today.
eng,She's afraid of getting sick again.
spa,Están luchando hombro con hombro.
ita,Sarebbe stato un caso da studiare con molta attenzione.
ita,Stiamo per cucinare per voi.
deu,Tom ist praktisch.
fra,Va à Ighil Aberkane.
ita,La dimentichi.
deu,Auf dem Tisch liegen Briefe.
ita,Entrarci costa un occhio della testa?
deu,Wir haben Hackbraten gegessen.
ita,Mary parlò di suo padre.
eng,Stop getting yourself worked up over little things.
ita,Non la si può guardare.
ita,Lasciatelo collegato.
eng,Are you on some sort of medication?
deu,Lehnt euch nicht aus dem Fenster.
deu,"Ich glaube, hier werden wir uns wohlfühlen."
eng,"Merry Christmas!, Santa cried and laughed."
fra,Les serpents ne m'effraient pas.
fra,J'ai vu Tom il y a trois semaines.
ita,Qual è il suo canto di Natale preferito?
fra,"J’ai découvert un documentaire sur les grandes comédies musicales, c’était fascinant."
spa,Tom contuvo un grito.
ita,Non sapevo che sarei tornato.
fra,Tous les serpents ne sont pas venimeux.
eng,I want you to do me one last favor.
eng,Tom's house has a huge basement.
ita,Vado a fare soldi in Bangladesh.
eng,He needed to taper off venlafaxine.
eng,Have you met my new apprentice?
fra,Laissez-moi vous le porter sur mon dos.
ita,Andiamo a vederla due volte al giorno.
deu,Beth hat sich ihr gutes Aussehen bewahrt.
eng,Tom said that Mary will unlikely win.
eng,Audio in Tatoeba sentences are provided by Shtooka.
fra,Je n'ai pas fait une telle chose.
fra,Tom utilise l'ordinateur de Mary.
ita,La mia macchina è sporca.
spa,"Libre, no sólo gratis."
fra,Il nous faut être préparées.
eng,Hand me the wrench.
spa,Encontré a Tom después del trabajo.
ita,Abbiamo fatto del volontariato.
fra,Je n'ai pas de chaussettes propres.
fra,Il passe son baccalauréat la semaine prochaine.
spa,Todos convinimos en trabajar juntos.
spa,Esta caja está llena de manzanas.
ita,Io sono stordito.
deu,Tom ist nicht alt.
eng,Where can they be? They can't have just vanished into thin air!
spa,El Sacro Imperio Romano Germánico se acabo en el año 1806.
spa,"Como escribió la carta muy rápido, ésta tenía muchos errores."
spa,Tom está preocupado por los niños.
eng,I was certain about my path forward.
deu,Ehre dein Kind und es wird dich ehren.
eng,Tom and Mary forgot to pay their phone bills.
ita,Siete pronti a sentire le cattive notizie?
ita,Non era la nostra.
eng,I think that Tom is handsome.
eng,"So, what's your decision?"
fra,Marie a perdu son appareil photo l'autre jour.
ita,Tom fece un lavoro raffinato.
eng,I think that we'd better discuss this with Tom.
deu,Ich will mit Kreditkarte bezahlen.
eng,What do you appreciate most about my body?
eng,Mary told Tom that she didn't think John was home.
eng,What did Tom have to say?
deu,Sie kann kaum sprechen.
fra,"À ce rythme là, on n'est pas rendu."
eng,I need to tell them something.
deu,Kein Mensch vermag zu leben ohne Bewunderung.
spa,Esta persona me pareció sospechosa y le presté atención.
deu,Zwei zum Preis von einem.
deu,Tom hat den Daumendrückwettbewerb gewonnen.
spa,Bienvenidos al mundo de la física.
ita,Pensavo fosse a letto.
deu,Da fehlt eine Seite.
fra,Je ne peux m'empêcher de t'accuser.
ita,Buttate via le chiavi.
ita,Non gridare.
fra,Tom doit déménager.
spa,Yo ya estaba casado cuando tenía tu edad.
deu,Mein Vater ist vor meiner Geburt gestorben.
deu,Ich verstehe seine Denkweise nicht.
ita,I vitelli e i puledri erano come figli per lui.
eng,She is still a girl.
eng,It's overly optimistic to think we won't have any problems.
fra,Je me dépêcherai d'aller à Ifnayen.
fra,Je te prie de fermer la porte... de l'extérieur !
fra,Mayas est un fonctionnaire public.
eng,Let's see if Tom and Mary are at home.
fra,"Il y a onze ans, la paroisse était en feu."
fra,Il n'y a pas de quoi fouetter un chat.
fra,Cela m'a pris plusieurs heures pour le traduire.
eng,He told me you work for her.
ita,"Qual è la tua città preferita? ""Algeri, ovviamente."""
spa,Tú empezaste.
spa,Te llevaría solo unos pocos minutos rellenar este cuestionario.
fra,Personne ne connaît leur nom.
ita,Andiamo a costruire edifici a Cipro?
spa,"Darwin escribió ""El origen de las especies""."
ita,Non avrai bisogno di soldi.
spa,"Los costureros deben tener cremallera, para evitar que se caigan las agujas, o los alfileres."
ita,Tom non sa che cosa chiedere.
ita,Quella è l'unica cosa che manca.
eng,Is there any chance we can succeed?
ita,Sami ha giocato a biliardo.
ita,Dormiamo in 5 lì dentro.
spa,Solía haber un pequeño puente sobre el río hace 10 años.
deu,Eine vernichtende Kartoffelfäule und Hungersnot traf Irland in den 1840er Jahren.
spa,Casi nadie le creyó.
ita,Non sono disposta a rifarlo.
ita,Sono salito su un autobus per Boston.
spa,Di lo que le costó.
eng,The kids rebelled against Tom's authoritarian teaching methods.
ita,Sembra che io ti abbia conosciuto da qualche parte.
eng,Sami's love has turned to hate.
deu,"Es tut mir leid, dass ich Sie enttäuscht habe."
ita,Non avevi le vertigini.
fra,N'hésitez pas.
fra,Tom a oublié de soumettre sa déclaration d'impôts.
deu,"Dorn und Disteln stechen sehr, falsche Zungen noch viel mehr."
fra,Pourriez-vous conduire plus lentement ?
spa,La lista es extensa.
ita,Siamo orgogliosi della nostra squadra.
fra,Il creuse la terre à la pelle.
ita,"Da una piccola scintilla, può nascere una grande fiamma."
ita,Ho un elenco da parte sua.
fra,"Viens, nous retournons à la montagne."
ita,Tom non fu morso da un serpente.
eng,He earns much more money than he deserves.
eng,Sami and Layla wanted to stay together for the rest of senior year.
spa,¿Dónde está la entrada al escenario?
fra,L'amour est fini.
eng,"Quiet, please!"
ita,Quando si è svegliato Tom?
ita,Non va a fare affari in Somalia.
spa,Él es un auténtico aristócrata.
fra,Nous les respectons.
ita,Vorrei che cantaste una canzone.
spa,"Hoy es lunes, así que haré lo que siempre hago los lunes."
fra,Je ne suis pas allé au cinéma.
spa,Buenas ideas son buenos productos.
spa,Vino a mi mente una brillante idea.
fra,Êtes-vous fâchées ?
eng,Did Tom like any of those?
deu,Die Elefantenstoßzähne sind aus Elfenbein.
ita,Lei è la mia unica speranza.
deu,"Der Kommunismus ist das System, das in der Sowjetunion praktiziert wird."
spa,Ella alargó la mano para coger la revista de arriba de la estantería.
eng,The Lions had an easy win over the Hawks.
ita,Per lavoro andiamo in Tunisia?
deu,Tom stellte eine Falle.
spa,"No estoy muy de acuerdo con su idea, pero por desgracia no tengo ninguna mejor."
ita,Hanno partecipato alla lezione.
spa,Querían olvidarlo pero no podían.
fra,J'étais à Boston lundi dernier.
ita,Vado a costruire mausolei in Canada.
deu,Tom arbeitet als Übersetzer.
ita,La capitale del Liechtenstein è Vaduz.
spa,Ocurre ocasionalmente.
eng,Ziri dived four hundred feet to his death.
deu,Das ist ein Insektenvernichtungsmittel.
fra,Vous avez embarqué pour Semaoune.
ita,Questa città soffre molto del problema dei parcheggiatori abusivi?
fra,Taro est resté au Japon pendant trois jours.
deu,Ich würde gern ein Buch über die Geschichte des Lachens lesen.
deu,Ich fühle mich viel besser.
eng,Tom and I have always gotten along well with each other.
eng,Ziri didn't rob a bank.
eng,He came outside.
deu,Kegeln Sie?
spa,¿Quieres decir que ocultas intencionalmente tu belleza?
spa,Yo fui al supermercado.
deu,Er brauchte ein halbes Jahr um Finnisch verstehen zu können.
deu,Ich werde nächstes Jahr eine Reise nach Armenien machen.
ita,"Per piacere, dammi due hot dog con senape e ketchup."
eng,Sami changed his look.
eng,He always does that.
spa,Jimmy lo sabe todo sobre los coches.
spa,Tom dijo que esperaba que Mary no hiciera eso.
ita,Tom e Mary vivono qui.
spa,¿Qué tipo de ropa tuviste puesta ayer?
deu,Blei gehört zu den Metallen.
ita,Mi piacciono le mie insegnanti.
deu,Astronomie handelt von Sternen und Planeten.
fra,Vous me faites flipper.
eng,I've been trying to do that all morning.
fra,Nous avons deux filles.
spa,Me acabáis de escupir.
fra,Les gens n'ont pas compris ce que j'ai dit.
deu,Hättet ihr das nicht eigentlich schon am letzten Montag machen müssen?
eng,We can take care of ourselves.
ita,Questo è manzo.
eng,Don't eat too much.
ita,Tom disse che Mary era lì.
deu,Tom hat die Flasche Wein allein ausgetrunken.
fra,Elle se lève à sept heures du matin.
deu,Ich habe beschlossen zu bleiben.
ita,Vi conoscono tutti.
ita,Ti importa davvero?
deu,Die Teilnehmer waren zum größten Teil junge Menschen.
deu,Willst du mir nicht einen Kuss geben?
ita,Non ha risposto alla mia domanda.
spa,Él habla chino.
eng,The line between good and evil often seems subjective.
ita,La ricerca di uno scopo può ispirare gli altri lungo il percorso.
fra,Apportez-moi deux morceaux de craie.
eng,Beautiful!
ita,Non vanno a costruire fabbriche in Cile.
ita,Andate a fare affari in Russia?
fra,Ils auraient déjà dû nous contacter.
ita,Resto in attesa di sue notizie.
fra,Est-ce que ton livre favori est chez toi ?
spa,La cadencia de sus pasos es muy característica.
eng,Tom's wife died in 2013. Tom himself died three years later.
spa,El cuadro resultó ser un Turner.
eng,Algeria is stronger than ever.
fra,Elle prétend que cet endroit lui appartient.
ita,A te piace la zuppa di zucca?
fra,Les deux sont au courant de ce qu'ils les attend.
eng,I wonder whether Tom and Mary are disappointed.
fra,Il me faut une serviette.
eng,He has never drunk wine.
deu,Hört sich für mich irgendwie komisch an.
ita,Non l'ho neppure considerato.
spa,¿No sabías que Tom estaba viviendo con la familia de Mary?
fra,Elle a un beau collier.
spa,A él le gusta la música brasileña.
deu,Tom hat ein ernstes Problem.
fra,Je signais les contrats.
spa,Él vivió hasta los ochenta.
deu,Aus Zeitmangel musste sie ihre Präsentation kürzen.
spa,España intentó colonizar Argelia en el siglo XVI.
eng,Tom is ready now.
deu,Der Sieg im Wettbewerb war für sie kein Trost.
fra,Tu nous sauvas la vie à tous.
deu,Hier musst du leise sprechen.
deu,Sie saß ihm gegenüber.
ita,Io cammino perché posso.
spa,Preferiría morir que darme por vencido.
spa,Ese no puede ser un diamante auténtico.
deu,Wie war Ihr erster Arbeitstag?
ita,Ho appena rotto un bastoncino dalla rabbia.
spa,Él es chino.
deu,"Ich hoffe, daß ihr mich helfen laßt."
ita,Ve l'ho mandato due giorni fa.
ita,Vorrebbe prenotare un viaggio per l'Olanda.
deu,Das hast du selbst mir gesagt.
eng,I still don't want to do that.
spa,Se la han robado.
eng,Tom definitely doesn't have to do that.
ita,Che film hai visto di recente?
spa,No siempre puedes obtener lo que quieres.
eng,I don't think anyone saw us.
eng,"Today or tomorrow? ""Whether it's today or tomorrow makes no difference to me whatsoever."""
deu,Man spricht Griechisch.
fra,Je me sentais perdu sans lui.
eng,What do you think of your job?
ita,Perché non lo volete fare ora?
spa,Eres una persona ingenua.
spa,"El que no estudie, no aprenderá."
spa,La entrevista de trabajo fue tan bien que consiguió el puesto.
fra,Ma soif devient aigüe.
fra,Vanita a mis sa bite molle dans sa bouche.
deu,Er ist zum Studium zugelassen worden.
ita,Quando finirà i suoi compiti?
deu,Tom und ich werden das alleine machen.
spa,Intenté ser agresivo.
deu,Nicht die Bullen rufen!
ita,Sedetevi con me.
eng,Monday was so hectic.
spa,¿Estabais hablando en serio?
deu,99 bringt mich immer zum Lachen.
ita,Vi piacciono gli scacchi?
spa,En invierno me gusta comer chocolate.
ita,Questo non è molto caro.
ita,Siete persuasive.
deu,Scheinbar Unmögliches geschieht bisweilen.
eng,"A smile may convey understanding, joy, or an appreciation of humor."
fra,Le gouvernement a instauré une nouvelle taxe sur le vin.
spa,Vamos a empezar.
ita,Nessuno le sta dando del ladro.
spa,Se vino a Tokio cuando tenía 18 años.
deu,"Einen Versuch ist es, denke ich, wert."
fra,Qui te l'a acheté ?
deu,"Entweder tust du, was wir sagen, oder du darfst dich für immer aus diesem Haus verabschieden!"
fra,"Quand on regarde de loin, la plupart des choses paraissent jolies."
fra,"En néerlandais, le terme « beer » désigne également un cochon mâle."
ita,Sto cercando un regalino per la mamma.
spa,Hoy no van a subir mucho las temperaturas.
eng,Tom told Mary that he'd be there.
spa,Te vi trabajando y no te molesté.
ita,Hai il passaporto giamaicano.
spa,Ella le demandó.
fra,"J'ai trahi la foi conjugale, que j'avais jurée à don José, mon mari."
ita,Tu sei una ragazza fortunata.
eng,Do I look as if I'm wealthy?
fra,Félicitations pour la victoire !
ita,Tom gioca a pallavolo piuttosto bene.
fra,Nous avons besoin de feu.
eng,Sami is a husky 260 pound Egyptian guy.
fra,De quoi parlions-nous ?
deu,Sie hat das alles ohne Punkt und Komma heruntergeleiert.
eng,He says he doesn't need our help.
spa,Tom encontró una moneda vieja justo afuera de la puerta trasera.
deu,Die Gegensätze - Yin und Yang - streben nacheinander bis ans Ende der Zeit.
deu,"Warte nicht auf mich, wenn ich mich verspäte!"
deu,"Mexiko ist, nach Kanada und den Vereinigten Staaten, das drittgrößte Land Nordamerikas."
fra,Photo non contractuelle.
ita,Tom ha salutato la bandiera.
spa,La oficina de correos está justo enfrente de aquella tienda.
ita,Mary si nascose nell'armadio.
fra,La balane est un organisme marin qui se fixe aux objets solides.
eng,I doubt that Tom would agree.
deu,Ich saß alleine an der Bar.
spa,Sea siempre franco.
eng,Rima and Skura are filming.
spa,Admito que esta no es una contradicción inequívoca.
eng,Sami would sometimes get embarrassed.
deu,"Da es regnet, bleibst du besser zu Hause."
fra,On ne se fera pas avoir une seconde fois.
spa,"Cuando me vio, huyó."
eng,"You stayed in Boston for a while, didn't you?"
fra,Je les ai appelées depuis l'hôpital.
eng,"You don't have a gun, do you?"
fra,C'est allé plus vite que nous ne pensions.
fra,J'ai éclaté de rire dès que je l'ai vu.
fra,Prenez un stylo et une feuille de papier.
ita,Che belle!
eng,You're really a good photographer.
ita,Tom ti disse una bugia.
deu,"Ich spare Geld, um mir ein neues Haus zu kaufen."
ita,"Lei non è mai stata a Okinawa, vero?"
deu,"Vergeßt nicht, den Laptop wieder richtig zuzuklappen, wenn ihr fertig seid!"
eng,Tom is going to be speaking at the dinner tonight.
eng,I never forgot you.
deu,Die griechische Regierung fordert einen Schuldenerlass.
fra,Il craindra l'endroit.
spa,¿Aquél es nuevo?
ita,"Di che nazionalità sono i nostri insegnanti? ""Paraguaiana."""
eng,I'm getting on the plane right now.
fra,Je n'aurais pas pu avoir plus de tort.
fra,Nous préférons les gobelets en papier car ils sont plus légers.
ita,Tom se ne vuole andare.
fra,Qui est ce garçon nageant là-bas ?
spa,Un hombre debe tener un sueño.
ita,Si deve sdraiare.
fra,Est-ce que tu m'as déjà trompée ?
eng,We need to make sure that we arrive on time.
deu,"Tom hat gedacht, Mary sei nicht beeindruckt."
eng,We're always complaining.
deu,Wir haben eine Katze. Wir sind alle verrückt nach der Katze.
deu,"Ich kann die Lehrer nicht leiden, die Studenten mögen, die nichts fragen."
fra,Va à gauche à la rue suivante.
spa,"Mañana, por la construcción, van a cortar el agua de las 1 a las 3 de la tarde. Acuérdate."
ita,Io dovrei essere con Tom.
ita,Io penso che siate pronte.
eng,Daniel has a son named Walid.
deu,Ab morgen rauche ich nicht mehr.
ita,Purtroppo come sai non potevo preparare il pranzo.
spa,Por favor dime que no es verdad.
eng,"Tom decided to stay on the bus, even though Mary asked him to get off."
spa,El mutismo de la prensa sobre la verdad de esta farsa me parece indignante.
fra,Voilà comment ça a commencé.
eng,Tom said he'd be glad to do that.
fra,Le ministre a approuvé les plans de construction.
deu,Es wird sicher Spaß machen.
eng,I'm sure I can find a job.
eng,Tom ripped the page out.
ita,Non va a costruire cimiteri a Cipro?
spa,He olvidado mi teléfono en la casa de mi amigo.
spa,El español es mi segundo idioma después del cabilio.
ita,Non abbiamo il passaporto colombiano?
spa,No tienes otra opción.
eng,Tom used to be obnoxious.
ita,Loro hanno combattuto per la loro patria.
eng,Please put down that book and listen to me.
eng,Yanni has just started out with driving.
spa,Prefiero no hablar de eso.
fra,Ils m'ont seulement donné une cuillère-fourchette pour le manger.
spa,Le daré mi opinión.
fra,Kaci vit à Djibouti.
fra,Tu ne gifleras personne.
spa,Tom no está dispuesto a ayudar a Mary con la tarea.
fra,Que fabriquera Marie ?
ita,Io sono molto felice di rivedervi.
ita,Tom ha spiegato le regole del gioco a Mary.
eng,Tom asked me what I want.
deu,Das ist nicht für dich.
eng,I congratulated him for passing the exam.
eng,He's really strict with his children.
deu,Wir stehen unter dem Einfluss unserer Umwelt.
ita,Abbiamo bisogno di una visione.
deu,Trinkst du Suppe lieber aus einem Häferl oder isst du sie lieber mit dem Löffel aus einer Schüssel?
ita,Non vanno a costruire stadi in Niger.
eng,I want to buy all of these.
fra,"Si vous attrapez un courant d'air dans l'oreille, vous allez devenir sourd."
eng,I feel like everything I do is mediocre.
fra,Je mange et bois des fruits et de l'eau.
fra,Yanni aimait l'attention.
spa,¿No la escuchaste hablando francés?
ita,Accade in Lituania.
eng,Ziri hates this school.
eng,I wonder if Tom has done that yet.
fra,La maison est propre.
fra,C'était un malentendu complet.
eng,Which of you is the cleverest?
ita,Questa è interessante come ricerca.
eng,An unfinished sentence is a sentence unfinished.
ita,Sapevo che vi sarebbe piaciuta la festa.
spa,¿Cuánto te cobraron para hacer eso?
fra,Une friteuse sans huile est pratique pour cuisiner rapidement sans utiliser un four.
ita,Tu sei un negoziatore ferrato.
ita,Sei andato da qualche parte ieri?
ita,Vado a cercare qualcuno in Inghilterra.
fra,Il n'y a pas de quoi s'inquiéter.
eng,Don't go near the fire.
spa,Ya sabemos vuestras mañas. Ya sabemos vuestras artimañas.
eng,I suspected that Tom was drunk.
ita,In realtà sono piuttosto stanca.
deu,Möchtest du es wirklich wissen?
eng,Do you think Tom went to Boston?
deu,Er hatte keinen Spaß an seinem Unterricht.
deu,Alle waren nett zueinander.
ita,Tom e Mary sono fantastici.
fra,Je voudrais un pain au chocolat.
deu,Wie viele Kinder wohnen noch bei Ihnen zu Hause?
eng,I don't know anymore. I really don't know what I should do.
fra,La diplomatie du caviar corrompt-elle les relations internationales ?
fra,Est-ce que je peux t'emprunter ta gomme ?
deu,Wann haben Sie ihn zum letzten Mal verwendet?
fra,Le missionnaire a été mangé par des cannibales.
fra,Fadel cherchait dans le dictionnaire tous les mots en arabe qu'il ne connaissait pas.
deu,Sie fahren normalerweise mit dem Fahrrad zur Schule.
fra,Je ne me suis pas encore habillé.
fra,L'espace est fictif.
eng,Sunday is when I spend my time reading.
fra,Tu ne ressembles pas du tout à ton frère.
ita,Mary disse che sarebbe andata in Australia.
eng,Ziri and Rima were just discussing legal documents.
ita,Ascoltiamo un po' di musica.
fra,Est-ce que vous savez où elle est ?
ita,Va a costruire ospedali in Estonia?
eng,You didn't turn in your homework.
deu,Ich mag es wirklich sehr.
deu,Wie schnell können Sie schreiben?
spa,La verdad puede ser azotadora.
fra,Marie s'est blessée elle-même.
deu,Meine Frau ist aus Ürümqi.
deu,"Wir können keine Vorhersagen treffen, die über den kommenden Monat hinausgehen."
spa,Ella adquirió conocimientos de inglés.
deu,Du bist wie eine alte Frau.
spa,¿Por qué no dices nada cuando te hago una pregunta?
ita,Stai cercando di impressionarmi?
deu,"Wissen Sie, um wieviel Uhr der Supermarkt schließt?"
eng,I put my hat on.
eng,Algeria imports more than it exports.
spa,"A mayor cantidad de plata, mayor poder corruptor."
spa,La hierba sobre la que nos echamos era fragante y muy mollar.
eng,Tom said he doesn't think that Mary wants to do that again.
spa,¿Vienes con nosotras?
spa,Le diré a Tom que tú preguntaste.
spa,Esta caja contiene muchos recuerdos de mi infancia.
ita,Tom era triste e arrabbiato.
deu,"Tom verstand nicht, warum er anders als die anderen war."
eng,The top of the mountain is covered with snow.
spa,"No hace falta que te pongas así, era solo una broma."
fra,Qui a téléphoné ?
fra,Tu as la trouille ?
fra,Il a du mal à articuler ses mots.
eng,He said he won't cry.
fra,"Veuillez patienter un instant s'il vous plait. Oui, nous avons une réservation pour vous."
spa,"Hay que cerrar el cerrojo al entrar al baño, ¿eh?"
spa,En la unión está la fuerza.
fra,Le prix du coton a plus que doublé depuis l'année dernière.
eng,This is the first time that Tom has been in love.
spa,Ella se negó en redondo a dejarlo pasar adentro.
deu,Sie sind nach Europa gegangen.
eng,She took her coat off.
spa,¡Con rapidez!
eng,Call me if anything interesting happens.
deu,Jedes gesprochene Wort weckt eine gegenteilige Vorstellung.
ita,Mia figlia ha un'amica immaginaria.
ita,Sono sicura che lui non farebbe mai una cosa del genere.
spa,"El sol brillaba, pero hacía frío."
ita,"Beh, in cosa è brava?"
ita,Il ministero amministra gli affari interni.
deu,Brauchst du einen Krankenwagen?
eng,You've done it!
spa,Aquí tengo un dolor sordo.
fra,Tu ferais mieux de faire comme le médecin t'a conseillé.
ita,Ho mangiato quella mela.
fra,Tom ne dormait pas quand je suis rentrée.
spa,Un mapache se estaba robando el pescado.
ita,Va a lavorare in Bielorussia?
deu,Was für Spiele gefallen Tom?
spa,El sol está a punto de salir.
deu,Sag ihnen alles!
fra,L'accident est survenu à cette intersection.
spa,Gervasio y Flor se mostraron reticentes a hacerlo público.
eng,I had fun in Boston.
fra,Je ne les torture pas.
fra,Arrête tes gamineries !
deu,Er ist nicht so intelligent wie ich.
fra,Elle cherche des livres d'occasion.
fra,J'ai résolu l'énigme.
eng,I really think we shouldn't do that.
fra,"J'appuie cette proposition, quoique avec des réserves."
ita,Perché non volevi andare in Austria?
fra,"Si tu as tort, admets-le. Si tu as raison, tais-toi."
spa,¡Aquí estamos!
deu,"Aus irgendeinem Grunde komme ich mit Leuten, die als ""Falken"" gelten, überhaupt nicht klar."
spa,Cancelé mi reserva en el hotel.
fra,Des milliers de personnes ont été refoulées à l'entrée.
deu,Warum muss ich mich immer mit solchen Problemen rumschlagen?
ita,Lei ha lavorato più di me.
spa,"¡Deja de tirarte pedos, so cochino!"
eng,Tom said that Mary knew John might be allowed to do that by himself.
deu,Tom und Maria gaben sich die Hand.
eng,My hair was a mess.
ita,Non so perché Tom abbia così tanto successo.
spa,Me echó.
fra,Il barattait le lait.
fra,Elle allait au travail.
spa,¿Tienes que enseñar?
fra,Tom cousait.
deu,Sie trank ein Schlafmittel.
fra,Tu peux la leur prêter ?
eng,Ziri decided to turn Rima into a monster.
ita,Ha tre biro in tasca.
spa,"Disculpe pero, ¿quién es usted?"
spa,He dejado de fumar y de beber.
fra,"Mon Dieu ! Et le dieu des autres aussi, à moins que tu les nommes des dieux de paille."
ita,Stavo pranzando quando suonò il telefono.
eng,Do you know whose fault it is?
eng,Tom's voice is very good.
deu,"Es wäre besser gewesen, wenn ich das nicht gemacht hätte."
fra,Elle a encore du mal à comprendre certains mots et expressions.
ita,Sarò a casa fra un po'.
fra,Les avertissements ont été ignorés.
spa,¿De dónde sale el contenido con el que se entrena a las IAs?
spa,"Esta empresa necesita una ampliación de plantilla, porque ha subido mucho el volumen de negocios."
eng,Fyodor dug with a shovel.
eng,The announcement was made Monday.
deu,Ich kann euch unmöglich helfen.
spa,Está bien mientras nadie se entere de eso.
spa,Mi mujer tiene un collar de oro bruto.
deu,Er sieht gern fern.
eng,Tom poured himself a cup of tea.
spa,Ninguno vino a ayudarme.
eng,Sami and Layla wanted to go back together.
ita,Le civette hanno gli occhi grandi.
ita,Ma io lo vedo ancora così!
spa,No entendí lo que dijo.
fra,Puis-je utiliser ma carte VISA ?
ita,Rimarrà a letto tutto il giorno?
spa,No te puedo prestar dinero.
ita,Voi leggete.
fra,Pourquoi vous me dites des choses pareilles ?
fra,Il faut qu'ils mangent.
spa,"Yo lo que estoy es cansado, no aburrido."
eng,Let's get this job done.
spa,No era su hermano.
deu,Fadil wird das Sorgerecht für seine Kinder bekommen.
ita,Voi mi avete aiutato molto.
fra,Il est terre à terre.
eng,Tom comes from old money.
fra,Tu es venu en train ou en bus ?
fra,"Tu verras, tu vas t'y faire."
spa,¿Se paró el coche delante del banco?
ita,Mary mi informò della sua decisione.
deu,"Das Leben ist zu lang, um nichts zu tun, aber um irgend etwas zu tun, ist es zu kurz."
deu,"Es tut mir leid, ich komme mit ihm nicht aus."
spa,No veo cuál es el problema.
spa,Estamos respirando aire puro.
deu,Kannst du schriftlich radizieren?
eng,I didn't think that we should leave the door unlocked.
fra,Attends ailleurs.
eng,She'll never stop loving him.
fra,Ziri était dans une relation toxique.
eng,Tom woke the children up and told them to get ready for school.
spa,He pedido ese libro a Inglaterra.
ita,Vanno a costruire ponti in Bangladesh?
fra,Nous avons baissé les rideaux.
deu,Der Rahmen muss abgeschmirgelt und lackiert werden.
deu,Stell das kalte Wasser ab!
eng,How did you like that movie?
ita,Mary dice che non vuole più cantare con noi.
eng,What's the accusation against him?
spa,Coge el autobús.
spa,"Venga a ayudarnos, por favor."
ita,Lei sta per andare a fare una doccia ora.
eng,Mary told me she was ready to go.
eng,What's this thingamabob for?
eng,I'm bigger than him.
deu,Hattet ihr schon einmal eine unerwartete Begegnung mit einem wilden Tier?
ita,Tom e Mary sono come persone di famiglia.
fra,"Apparemment, son entreprise est au bord de la faillite."
eng,Have you ever taken a psychology course?
spa,Hacemos todo en línea ahora.
spa,"Parece ser que ""Mi vecino Totoro"" tiene un trasfondo oscuro."
eng,Children like climbing trees.
spa,¿Le conoce?
fra,Prends-moi en compte dans tes plans.
eng,Tom told me that he was sympathetic.
eng,"Black-haired and gray-eyed he was, and his hands were those of one who works hard in the fields."
deu,"Das Baby entdeckte meinen Kugelschreiber und streckte seinen Körper, um nach ihm zu greifen."
eng,Don't leave any food or drinks on your bedside table overnight.
deu,Ich benutze Würmer als Köder.
eng,I think we've got it under control.
spa,Le encontré durmiendo en su casa.
eng,I was surprised to see an old friend of mine there.
spa,Él llevó la broma demasiado lejos.
spa,¡No he robado nada en toda mi vida!
deu,"Ich fragte mich, ob wir ein wenig plaudern können."
eng,Are you talking about being unemployed?
deu,Maria kam vorbei und half Tom.
fra,Tom appelle sa mère.
spa,No creo que Tom quiera verlo.
deu,In der Früh gibt es eine Menge Leute am Bahnhof.
spa,No malgaste su dinero.
fra,Le corps est inerte.
eng,"She didn't hurt anyone, did she?"
fra,C'est une créatrice de bijoux.
eng,That's what I'll do.
eng,He's anything but a numpty.
eng,I haven't taken out the garbage yet.
deu,Er ist nicht zum Unterricht erschienen.
spa,Tom ha tirado la ropa de su mujer al fuego.
fra,Il n'a pas l'air commode.
fra,Il faut tout recommencer.
ita,L'ha aiutata con i suoi bagagli.
ita,Accontentati e basta.
deu,Er wendete seine Augen nicht von ihrem Gesicht ab.
spa,No temas a nada.
eng,He heard me.
ita,Puoi incolpare te stessa.
eng,You didn't tell them what you wrote in that article.
ita,Sono stata evitata.
fra,Je pense que Tom a l'air vraiment bien.
spa,Estoy tan exhausto debido a que he caminado durante 4 horas.
ita,Lei può fare una pausa se vuole.
deu,Es ist etwas Wasser aus dem Eimer geschwappt.
deu,Wie viele weitere Autos besitzt Tom?
deu,Eines weisen Mannes Ernte währt das ganze Jahr.
spa,La vida es una canción. Cantar es más que vivir.
eng,Tom is probably going to know what we need to do.
ita,Lascia tutto.
eng,This is obviously a waste of time.
deu,"Weiß sie, warum Tom nicht mit uns nach Boston fahren will?"
deu,Daß die Tür offenbleibt!
ita,Il referendum ha raggiunto il quorum necessario.
eng,Tom has been teaching for thirty years.
eng,Dan had a lot of equipment in his garage.
ita,"Tanto è la stessa cosa, no?"
eng,I did that in spite of all the difficulties.
ita,Non le voglio nella mia casa.
ita,E io dove dormo stanotte?
deu,Wer war der Kapitän?
eng,She admitted that she'd lied to me.
ita,Io non vedo Tom ballare.
fra,« Que mâches-tu donc grand frère ? » « De la gomme de l'année dernière. »
eng,Mennad was still 200 pounds.
deu,Über der Erde befindet sich Luft.
spa,Vamos a fingir que somos alienígenas.
spa,Entiendo hasta qué punto está sufriendo Tom.
spa,Huí de la muerte.
ita,Tu ti radi ogni trenta minuti?
fra,Chacun connaît monsieur Hashimoto.
deu,Vorsicht ist geboten.
ita,A lei piace essere con lui.
deu,Wir hatten einen miesen Tag.
deu,Wir dürfen diese Neuigkeiten nicht bekannt werden lassen.
ita,Ti sono grata per il tuo aiuto.
ita,Tom aiuta?
eng,Was it you who was supposed to tell Tom and Mary they wouldn't be allowed to do that?
fra,J'ai eu une urgence familiale.
deu,Seit meiner Scheidung bin ich viel glücklicher.
fra,Je souhaite vous féliciter pour la pertinence de vos informations et conseils.
deu,Bitte halte den Mund!
fra,C'est ce qui se dit.
ita,Non sono andato a sciare per paura di prendere un raffredore.
spa,Cuando me ausento todo va mal.
ita,Volevo scrivere esattamente la stessa cosa.
fra,Ils se sont inclinés.
deu,"Tom schien überrascht, als ich ihm das erzählte."
deu,"Sie hat gesagt, daß sie es euch mitgeteilt habe."
deu,"Ich dachte, ich könnte mich auf Tom verlassen."
eng,"Sometimes, size does matter."
eng,I wasn't ready for that to happen.
ita,Mica facile!
spa,Acabas de terminar de estudiar historia.
spa,Ella siempre anda impecable.
fra,Il y a une mangeoire à oiseaux au fond de notre arrière-cour.
ita,Assomiglia a un babbuino.
fra,Tom ne comprend absolument rien.
eng,The explanation was very complicated.
fra,Je crois que Tom me déteste.
spa,Ella siempre olvida mi número de teléfono.
spa,No sabemos cuál de los libros es el tuyo.
spa,Se puede decir que el pueblo armenio es una mezcla de diversos pueblos.
ita,Coloro che temono l'inferno hanno inventato la religione.
fra,"La moustache, c’est pour les pédés."
fra,Il est venu pour nous demander notre aide.
spa,Uno puede aprender a tartamudear en inglés en medio año.
deu,Er ist kein Kind mehr.
deu,Jedes Weib will lieber schön als fromm sein.
spa,Lo que has dicho no se te aplica a ti.
ita,Cosa dobbiamo fare oggi?
deu,"Der Manager schlug vor, dass ich mit ihm zum Flughafen gehe."
fra,Je ne les héberge pas.
eng,"This changes everything. ""This changes nothing."""
deu,"Es muß doch etwas geben, was mir helfen kann."
ita,Loro sono soltanto in tre.
eng,I am considering divorcing her.
deu,Habt ihr eine Wohnung oder ein Haus?
ita,Disse che era grato.
spa,Ella aceptó nuestra invitación.
fra,« Voulez-vous que je vous fasse visiter la ville ? » « J'aimerais bien. »
ita,Penso che ti starebbe bene la frangetta.
eng,I will introduce you to my parents.
eng,Don't go out with her.
fra,Respirez !
ita,In una dieta equilibrata la carne deve esserci.
fra,Je ne t'ai pas demandé de faire cela.
ita,Stava ancora ripensando a tutto quello che era accaduto.
eng,We hope that you succeed.
eng,I have no musical talent and neither does Tom.
spa,Yo voy a comenzar ahora mismo.
fra,Comment as-tu trouvé une si bonne excuse ?
eng,Tom and Mary like to listen to music while they're studying.
spa,Tom es exactamente la clase de tipo con el que María quiere salir.
eng,Israel has its own gay pride parades.
spa,Me confirmaron que había suspendido.
ita,Mi lasciò vincere.
eng,What do you think of the soup?
deu,"Das sind die von Tom, oder?"
ita,Non hanno di che preoccuparsi.
fra,Il tourne de l'œil.
fra,« Comment ? Tu fais déjà la pause de midi ? » « Pourquoi ? Quelle heure est-il donc ? »
spa,"Si alguien se acerca, el perro nos alertará a todos."
spa,Nunca vas a ir solo.
spa,Hay un jardín en frente de la casa.
fra,L'agriculteur ensemence le champ.
ita,Spero che loro la facciano.
fra,Ne me blâmez pas.
spa,Tom soltó la pistola.
fra,Ah ! le vieux rêve des gens honnêtes : pouvoir tuer quelqu'un en état de légitime défense.
eng,I can see you're speechless.
spa,El letrero decía que estábamos a treinta kilómetros de la ciudad.
eng,The capital of Baden-Württemberg is Stuttgart.
fra,Ce n'était pas trop mauvais.
fra,Qu'est-ce que tu as à dire à propos de ça ?
fra,Je cherche le cabinet des anesthésistes.
spa,Echa una ojeada.
spa,¿Qué te ha hecho decidirte por venir ahora aquí?
fra,Je suis sortie du lit et je me suis habillée.
eng,Tourists were wandering around the shops.
eng,Atomic energy can be utilized for peaceful purposes.
spa,Ella tiene un buen corazón por naturaleza.
eng,Only I was able to jump across the stream then.
fra,Tom n'écoute jamais le professeur.
ita,Potevamo prenderci un caffè?
spa,¿A cuál universidad pretendes ir?
deu,"Ich hoffe, Tom sagt die Wahrheit."
spa,"Por favor, ¡Cuéntame toda la verdad!"
eng,"Do you drink your tea with milk or sugar? ""No, I don't have it with either."""
spa,Estoy cogiendo un resfriado.
fra,Je serai prêt.
spa,No es mi tipo.
fra,Je ne parle pas mieux le polonais que Marius ne parle l'allemand.
eng,Sami heard a thump.
fra,On t'a envoyé une lettre.
eng,Have you forgotten the true meaning of Christmas?
fra,Occupe-toi de tes propres affaires !
eng,How could you be so stupid?
eng,That gave us an idea.
ita,"Ivan ha dato l'esame di matematica? - ""Si, l'ha dato e l'ha passato con 10""."
ita,Amore è il vero prezzo con che si compra amore.
deu,Es war eine der großen Entdeckungen in der Wissenschaft.
eng,I want to build my future with him.
eng,Does Algeria still have traditional salt miners?
spa,Se convida siempre a cenar.
ita,La sua vita è nelle vostre mani.
fra,Une chose comme ça n'arriverait pas en Australie.
eng,I can recognize him even in a crowd.
ita,Mio padre cominciò a russare.
fra,Tom travaille et vit à Paris.
spa,Le propuso abortar.
fra,"Ah ben oui, c'est vrai."
ita,Non vai a costruire moschee in Svezia?
fra,Quel grand joueur !
spa,Estaba haciendo un informe.
fra,Cette équipe a un sacré palmarès.
eng,Tom is a bit slow on the uptake.
deu,"Wenn man keine Steuern mehr bezahlt, ist man nur noch Ballast für den Staat."
eng,Yanni likes eggs.
fra,Pouvez-vous refaire ce geste ?
eng,I haven't decided yet whether I will attend the party.
spa,Tengo ganas de besarla mil veces.
deu,Machen wir das ein anderes Mal.
ita,"Se non la faccio ora, non la farò mai."
deu,Spielt ihr oft mit Tom zusammen?
eng,We don't do anything anymore.
spa,Esa película era un tostonazo.
spa,La regla solo aplica para extranjeros.
eng,What does Tom want with me?
eng,Thank you for helping me do that.
deu,Tom ruht sich nach der Arbeit immer aus.
eng,"Cases in Britain topped 50,000 per day last week for the first time since January."
fra,Je ne suis pas particulièrement impressionné.
deu,Er kennt zehnmal mehr englische Vokabeln als ich.
ita,Non mi capì.
ita,Vieni a trovarci.
fra,Je prends une douche un jour sur deux.
fra,Les autres étudiants ont ri.
deu,"Wenn ich damit fertig bin, was ich gerade tue, dann komme ich."
eng,I'll come pick to it up next Monday.
eng,Tom arrived at the gate and rang the bell.
eng,Stop fooling around and help me!
eng,This site has a lack of transcriptions.
fra,Ça me brise le cœur de te voir pleurer.
fra,Je n'y étais même pas.
fra,"Quand elle m'a vu et qu'elle ne m'a pas reconnu, je me suis demandé si j'avais changé."
fra,Je n'ai aucun autre avantage.
deu,"Ich fürchte, dass ich in dieser Hinsicht nicht deiner Meinung bin."
eng,I'm tired of studying. Let's go out for a drink.
deu,"Sag mir, was du auf diesem Bild siehst."
deu,Tom isst gerne Kartoffelbrei mit Bratensoße.
eng,I don't enjoy being here.
spa,No queremos esperar más.
spa,"Esta mañana hace frío, ¿verdad?"
eng,Islam changed his life.
deu,"Was uns das Fernsehen zumutet, geht auf keine Netzhaut."
fra,Il tombe des cordes.
ita,La montagna è la mia casa.
fra,Ils ne nous ont pas dit s'ils viendront demain ou pas.
deu,Ich lerne Lettisch.
eng,How often does this happen?
deu,Tom ist möglicherweise auf Erdnüsse allergisch.
ita,Ti ricorda qualcosa questo video?
eng,My older sister helped me with my homework.
ita,"Mary non ha spesso torto, vero?"
spa,Los padres esperaron demasiado de su hijo.
eng,Tom has pain in his joints.
deu,Es ist Zeit zum Mittagessen.
spa,No tengo ni gota de hambre.
ita,Non guardate loro. Guardate me.
spa,Hemos olvidado que tienes amigos de esa ciudad.
deu,Ohne deine Hilfe hätte ich es nicht geschafft.
fra,Son français s'est beaucoup amélioré.
fra,Est-ce que tu m'aimes ?
fra,Économisez l'eau.
deu,"In diesem Fall denke ich, dass er Recht hat."
eng,Sooner or later it had to happen.
deu,Ich bin von ihrer Gesangsstimme sehr angetan.
eng,My car was repossessed.
deu,In dieser Stadt war ich noch nie.
ita,Non è mai stato un problema prima.
ita,Tom fu ucciso dalla valanga.
eng,Alberto is on private property.
fra,Je pense que tu devrais envoyer Tom à Boston.
eng,"He wanted a Turkish study like Freud, but what he got was a Canadian one."
ita,Che cos'è successo laggiù?
deu,Du bist zu klein.
deu,"Ich fragte Tom, ob er schwimmen gehen wolle."
deu,Tom hat mich gestoppt.
fra,La mémoire déclarative stocke les connaissances explicites sur le langage.
fra,Comment es-tu entré en possession de ce tableau ?
eng,Was Tom aware of that?
deu,"Der Arzt sagt, das kommt davon, weil ich mich nicht mehr bewege."
eng,Even angels eat beans.
eng,Tom will do what he has to do.
deu,"Wenn du an mich denkst, erinnere dich an die Stunde, in welcher du mich am liebsten hattest."
spa,¿Cuál es tu ocupación?
fra,Tu veux celle-là ?
eng,I wasn't able to catch up with Tom.
fra,Jamais je n’aurais dû laisser Tom manger autant de bonbons.
deu,"Sie hat mir gesagt, sie habe einen Plan."
deu,Die Situation erfordert klare Regeln.
eng,What are the ingredients for happiness?
deu,"Willst du immer noch, dass ich Tom deinen alten Computer gebe?"
fra,L'échantillonnage doit être effectué de manière à garantir une sélection aléatoire.
eng,Tom is a pyrographer.
fra,Ce n'était qu'une question hypothétique.
ita,Lui è stato povero per tutta la sua vita.
eng,"Gunter was working in the baking sun, totally impervious to the heat."
deu,Zurückgekommen sind wir erst am nächsten Tag.
ita,Cos'è un maiale?
deu,Der verregnete Asphalt ist rutschig.
deu,Haltet nicht hier!
spa,Ella tuvo que hacerlo todo por sí misma.
ita,Lui è troppo ubriaco per guidare fino a casa.
eng,He sounded irritated.
ita,Lei sarà molto fiero di me.
ita,Restò a lungo sul binario e seguì con lo sguardo il treno in partenza.
fra,Elle voulait qu'il restât plus longtemps.
spa,Sólo quiero tumbarme en el sofá.
ita,Chiami Tom per ulteriori dettagli.
ita,Pensavo che Tom avesse una partita di calcio questa sera.
fra,Du vieux fer vaut parfois mieux que de la nouvelle tôle.
ita,Non è all'interno.
fra,Tu les leur as ajoutées.
spa,Yo fui estupendamente enmarcado.
deu,Wasch bitte das Geschirr da ab.
fra,Il est temps que vous payiez toutes vos dettes et que vous liquidiez votre emprunt.
deu,Ich trank ein Glas Orangensaft.
fra,"L'avocat a dit j'ai terminé, le juge a répondu je n'ai rien à dire."
spa,Rellena.
eng,You don't have to spend very much money to have fun here.
deu,Es war sehr kalt an jenem Abend.
deu,Geht er zum Supermarkt?
spa,Es para mi amigo.
eng,Who will be able to predict?
fra,Je chatouillais mes enfants.
eng,There is more to life than increasing its speed.
fra,Les feuilles ont commencé à devenir rouges et jaunes.
eng,I want to ride the thinner of the two horses.
spa,Tom y Mary dijeron que no van a hacerlo solos.
spa,¿Me lo queréis dar de una vez?
spa,Tom ha estado visitando a un terapeuta.
spa,Pienso que ella tiene una bella sonrisa.
spa,Me cansé de escribir.
deu,Ich habe ihn soeben auf der Straße gesehen.
ita,Ho camminato verso il parco.
spa,Te soprenderías de cuanto tiempo Tom pasa jugando.
ita,Sei un animale.
fra,"Ils disent que les filles détestent les mathématiques, sait-on si c'est vrai ou non ?"
spa,"Como a uno de los alumnos le dio un ataque de risa, no hubo nada que parara al resto."
eng,I should have made you that sandwich.
ita,Bruciai la lettera.
fra,Ma mère se trouvait là par hasard lorsque le feu s'est déclaré.
eng,I wonder why Tom didn't come to school yesterday.
fra,Ziri est algérien.
eng,Ziri fled into the dense forest.
spa,¿No encuentran raro que ella estuviera tan apurada?
spa,Tom no tenía plata suficiente.
spa,Debes ejercitar tu memoria.
eng,Tom died when a tree fell on him.
spa,¡Añade frases!
ita,È il nostro libro di grammatica inglese.
eng,It looks like an apple tree to me.
deu,Toms Chef war wirklich sehr wütend.
ita,Tom non è molto vecchio.
fra,On est chanceux d'avoir Tom dans notre équipe.
fra,Le volapük est une langue fort amusante.
eng,We're shooting.
ita,Tom è riuscito ad aprire la cassaforte.
spa,Voy a visitar a mi tío mañana.
eng,Get the hanged clothes because it's drizzing.
ita,È assolutamente normale.
deu,Schick Tom bitte herein!
spa,¿Cómo puedo encontrar la religión verdadera?
eng,The flag was lowered to half mast as a mark of respect.
spa,Ayuda legal está aquí.
deu,Tom hat Mary besucht.
eng,We believe in a better world.
ita,La sorpresa sarà più grande.
ita,Il computer di Tom continua a bloccarsi.
eng,Why does Tom want to do this?
eng,We were sure.
ita,Lei la conosce.
eng,You should suppress your old macho ways.
deu,Nach dem Unfall bekam er Fahrverbot.
spa,No podemos olvidar lo que le hicieron a Kabylia.
fra,Tom porte souvent des T-shirts tie-dye.
spa,¿De dónde has sacado esto?
spa,Creo que hay un problema.
spa,Tom dejó el pueblo.
spa,Es mi obligación ayudarte.
spa,"Se esforzó, pero volvió a fracasar."
ita,Ha mai visto Tom fumare?
spa,"Ellos respondían: ""¿Por qué tendríamos miedo de un sombrero?"""
ita,"Daresti un messaggio a Tom, per piacere?"
eng,Ziri's voice was barely audible.
deu,Ich gehe zu meinem Freund.
spa,"Si no ves la tele, la apago."
fra,Tu dois tout avouer.
deu,Ich kann mich nicht sehr gut auf Französisch ausdrücken.
deu,"Tom sagt, er will nur ein paar Tage hierbleiben."
fra,Je me sens tellement impuissant.
spa,Secará pronto.
ita,Qualcuno ha messo una busta sulla vostra scrivania.
eng,Tom told Mary that he thought John was amused by what was going on.
deu,Fast alle sind durchgefallen.
fra,Son regard est inébranlable.
fra,Le docteur est un homme cultivé.
ita,Ne ho avuto abbastanza di lei e le sue stupide idee.
deu,Lassen Sie sich nicht mit diesen Leuten ein.
fra,Comment écrire « montre » en romanche ?
eng,"I'm going to get myself something to drink. Do you want something, too?"
ita,Tom divenne un ingegnere.
deu,Ich schwamm ans andere Ende des Beckens.
ita,Insiste sempre per avere tutto a modo suo.
ita,Non andate a insegnare qualcosa in Cina.
ita,Che cibi sai cucinare?
eng,She didn't ask me.
fra,Où étais-tu pendant tout ce temps ?
deu,Stell das Radio ein bisschen lauter.
deu,Der Feind unternahm einen heftigen Angriff auf das Gebäude.
eng,Where is the nearest bar?
eng,I wonder if there's really any possibility Tom will do that.
fra,"Avec ce vent, je n'arrive pas à t'entendre."
deu,Tom besucht seine Großmutter.
fra,"Soyez patients, les gars."
eng,This could accidentally blow up.
eng,I'm an ordinary guy.
spa,Tom me solía hacer tantas preguntas acerca de Boston.
ita,Io devo fare molte cose.
deu,Ich lernte ein Kraftfahrzeug steuern.
fra,Nous n'aurons pas le temps de faire ça.
fra,Ça déconne à plein tube.
deu,Wir sind zur Zeit mitten in einem Bürgerkrieg.
ita,"Questo è sbagliato, non giusto."
eng,Bill's been to Japan.
fra,Vous allez revenir ici la semaine prochaine ?
fra,Le cri résonna.
ita,Vinse una medaglia.
deu,Sie begann bitterlich zu weinen.
eng,Tom and Mary say they have a lot of friends in Boston.
deu,"Es gelang mir, dem Lehrer meine Idee verständlich zu machen."
eng,Maybe that was an honest mistake.
fra,La lune est sortie de derrière les nuages.
spa,Vamos a iniciar una investigación contra él.
spa,¿Dónde encontraste esa billetera?
ita,Ero incerto.
deu,Ist heute schon Samstag?
eng,You ought to know better than to go to such a dangerous place.
ita,"Dopo una breve colluttazione, il ladro venne immobilizzato dai poliziotti."
deu,Das Kind begann vor Freude zu lachen und kugelte sich auf dem Boden.
spa,El petróleo abunda en ese país.
ita,Non hanno il passaporto gibilterriano?
ita,Cosa penserà tua moglie?
spa,Deberías coger el autobús lanzadera.
deu,Ich bekam das kostenlos.
eng,The teacher was worried by his frequent absence from class.
fra,Dans l'armoire il y a... je ne dis pas ce qu'il y a dans l'armoire ; ça reste mon grand secret.
fra,Elle a fait la grimace.
spa,Le echó toda la culpa al hermano.
fra,Il ne vit plus dans cette rue.
deu,"Das ist tiefgründig, Mann."
ita,Qual è il salario minimo in Romania?
deu,Haben Sie ein Schmerzmittel genommen?
eng,Did you forget that song?
fra,Elle n'avait pas l'air particulièrement inquiète.
spa,¿Puedes apañarte con esto?
spa,Formo parte de la mafia del alfabeto.
eng,And are you happy now?
ita,Non può farle del male.
ita,Alle persone piace parlare.
ita,Vado a costruire moschee in Albania.
deu,Der Zug ist soeben abgefahren.
fra,Je suis incroyablement occupé.
ita,"Il regista, in segno di protesta, è uscito dalla giuria."
ita,Si è servito.
fra,Vous êtes très raffinées.
spa,No sé dónde está mi reloj.
fra,Quel genre de clients avez-vous ?
deu,Wir saßen auf der Bank und unterhielten uns lange.
deu,Wir werden Tom folgen.
eng,Keep your hands off my typewriter.
fra,J'ai seulement dit ce qui était déjà clair.
spa,Tom nunca va a dejar que vayas a Boston con Mary.
eng,He was a Roman Catholic.
eng,They say that they'll wait for us.
ita,"È passato un po' di tempo, vero?"
spa,"En este mapa, ¿dónde estoy yo?"
fra,Elle fume trop.
fra,L'être humain est un mammifère.
deu,Ich wurde gerade befördert.
spa,No puede hacer una tortilla sin romper los huevos.
eng,Tom repeated what he said.
ita,Avete un dizionario di francese?
ita,Dove vi hanno mandati?
eng,What that man has done is scandalous.
ita,Mike ha detto che era molto imprudente.
spa,Ella es una mujer tranquila.
eng,Tom put on his suit jacket.
deu,Ich benutze meine VISA-Karte.
deu,"Hast Du gesehen, wie er mit den Händen gefuchtelt hat, als er den Fehler erklärt hat?"
deu,Bist du einsam?
ita,State guardando le soluzioni?
spa,Tom quiere una bici.
eng,"He has been busy, hasn't he?"
spa,¿Hablaste alguna vez con Tom?
fra,Il ne va pas à la maternelle car il n'est pas encore propre.
fra,Il étonnait sa femme et sa fille par la liberté de ses jugements et l'audace de ses maximes.
eng,Water the garden.
ita,Dico sempre tutto a Tom.
spa,Limpio mi cuarto casi todos los días.
eng,Tom is a good speaker.
spa,El sueño de Tom es vivir en un pequeño pueblo al sur de Francia.
fra,Cette voiture t'appartient.
eng,I look forward to working with you.
eng,It was even better than I had imagined it would be.
spa,Me presenté al examen sin haber estudiado mucho.
fra,Il dormit huit heures sans interruption.
fra,Son âme semblait faite de bonne humeur et de bonne volonté.
eng,Tom said that Mary thought that she might be allowed to do that today.
ita,Odio guidare fino al lavoro quando sta piovendo.
deu,Damals war die Titanic das größte Schiff der Welt.
spa,No almorcé.
ita,Non va a costruire allevamenti in Lettonia.
fra,Où allez-vous exactement ?
eng,Tom asked me how often I went to Australia.
eng,We will meet again someday.
deu,"Einige Leute sind der festen Ansicht, dass Fernsehen mehr schadet, als es nutzt."
ita,Non andiamo a costruire banche in Sudafrica?
fra,Le vent balaie toutes les feuilles mortes.
deu,Das hatten wir schon mal.
eng,Now you just have to do it.
eng,They took out the whole tumor out of James's brain.
spa,¿Os gustan los africanos?
fra,"Sans l'aide des étoiles, nous avons perdu notre route sans espoir de la retrouver."
eng,She knows this app.
deu,Bist du in der Sauna?
ita,Erano tutti sorpresi.
fra,Nous avons pagayé plusieurs heures.
eng,Is it really necessary?
eng,This isn't the type that I like.
eng,Tom wanted to go with us.
fra,J'irai acheter un cadeau pour Mayas.
ita,Anche io ti amo tanto!
spa,Aquellas bombonas contienen propano.
fra,Tom et Marie ne pouvaient pas bouger le tronc pesant.
deu,"Seine Frau war beim Kochen, als Tom zu Hause angekommen ist."
ita,Devono arrivare a mezzogiorno.
ita,Crebbe tre figli tutta da sola.
eng,Do you think Tom would teach me how to play the mandolin?
fra,Comment es-tu sûre qu'il s'agit bien de lui ?
deu,"Die Forschungsergebnisse lassen auf neue, wirksamere Heilmethoden hoffen."
fra,As-tu goûté le riz ?
deu,Auch dieser Angriff misslang.
deu,Der Schornstein besteht aus Ziegelsteinen.
eng,Each of them bought a new dress.
spa,Tengo recuerdos entrañables de todo el tiempo que pasamos juntos.
ita,Io e le mie amiche vogliamo farlo.
deu,"Sie sagte, dass sie sich sehr langweile."
deu,"Ich dachte, Sie hätten keine Freundin."
ita,Lei è si vestita meglio che potesse.
ita,"Io sono geloso di te, Tom."
eng,Ziri thought Rima was really great.
spa,Tengo la fuerza de un oso.
spa,Tom no tiene amigos con quienes jugar.
ita,Io non avevo sonno.
ita,"Sta caricando l'auto, vero?"
spa,Me considero afortunado por estar vivo.
deu,Ich musste sie verkaufen.
ita,La porterò a loro.
deu,Lassen Sie uns das morgen bereden!
fra,La station a remplacé les dessins animés par une diffusion d'événement sportif de plus.
deu,Welchen Zweck haben die Pedale eines Klaviers?
spa,¡Juguemos!
fra,L'apprentissage autodirigé implique l'autonomie de l'apprenant dans son parcours.
spa,Se suponía que él estaría allí a las ocho pero no se presentó hasta las diez.
deu,Hast du ein Hotel?
fra,Il a oublié de fermer le garage.
eng,You musn't forget your schoolbooks.
spa,"Si te gustan los mariscos, has llegado al lugar indicado."
spa,Esta frase está libre de errores gramaticales.
deu,Sie hatten einen Unfall.
eng,Did you guys see anybody?
deu,Ich hatte die gleichen Probleme.
deu,Wer hat unseren Kater gesehen?
deu,Sie sollten das mit Tom besprechen.
deu,"Ich fühle den Wunsch, meine Verbindungen mit meinem Heimatland zu erneuern."
eng,Dentists check how your upper and lower teeth occlude when you bite down.
eng,This is one of my favorite shows.
fra,"Wesh, bon anniv' grosse !"
spa,Ellos repararon malamente los muebles.
spa,Escuchá.
eng,We play alone.
spa,¿Tienes alguna idea de cómo es mi vida?
fra,C'est dans le fond de l'obscurité qu'apparaît la lumière.
spa,Sé que Tom tiene que hacerlo solo.
spa,Vendían como ectoplasma unos frasquitos con una especie de líquido gelatinoso fosforescente.
spa,"En los jardines zoológicos de Marte, hay animales de la Tierra."
fra,Ajoute quatre.
deu,Igor hat danach die Polizei gerufen.
fra,L'un de nous deux a tort.
fra,Il se passe quelque chose d’étrange.
ita,Dove potrei comprare delle cucitrici?
fra,Je n'ai presque rien payé pour.
fra,Ils le prirent en train de voler.
ita,Non è sempre un partito.
fra,J'ai du mal à me concentrer pour lire.
fra,"Je n'avais pas remarqué ta réponse, désolé."
deu,Das Kreuzas fehlt bei diesen Karten.
deu,Der Junge brach in Tränen aus.
ita,Noi eravamo disilluse dal risultato.
eng,They sent the first man into space.
spa,Fue una reunión muy larga.
eng,She always dresses very simply.
spa,Dijo que eran buenos amigos suyos.
eng,"I told Tom and Mary not to let go of the rope, but they did."
fra,Ces années sont malheureusement vite passées.
eng,I hope your wishes will match your look.
eng,Tom soon realized that Mary had stolen all his money.
ita,Dica a Mary che se ne deve andare.
ita,Vuole solo la mia attenzione.
ita,Tom è molto avaro.
fra,Peux-tu nous dire comment ça fonctionnera ?
ita,Hanno il passaporto francese?
deu,"Wer lange genug gelebt hat, hat alles gesehen und auch das Gegenteil von allem."
fra,Ce n'est pas une simple coïncidence.
deu,"Tom hat mir gezeigt, wie man Pizza macht."
spa,"No te lo tomes tan a pecho, era hablar por hablar, no iba en serio."
eng,I'm not ready to go yet.
eng,Tom and Mary ignore the reality and truth and are happy about their ignorance.
deu,Tom war sehr freundlich.
ita,Avrei potuto aiutarti.
spa,Llegué al aeropuerto de Narita esta mañana.
deu,Dieses Lied hört sich traurig an.
ita,Ti devi riposare un po'.
deu,"Wenn du dich irrst, irre ich mich auch."
ita,Siete opportunisti.
deu,Geld ist der Nerv aller Dinge.
deu,Tom ist mit seinem Bruder in den Zoo gegangen.
ita,È stato destino.
fra,"Lors d'un vol long-courrier, on doit se lever de temps en temps pour détendre ses jambes."
fra,Je ne me souviens pas l'avoir vu auparavant.
deu,Ihr dürft es nicht meiner Mutter sagen.
spa,No diré que no era fácil.
fra,Elle me demanda de me mettre à côté d'elle.
deu,"Ich habe vor, nächstes Jahr nach Frankreich zu fahren."
eng,I'll always be here to help you.
ita,Vai a costruire birrerie in Turchia?
deu,Tom ist sehr energisch.
ita,Dovete essere molto orgogliose di vostra figlia.
ita,I Greci costruirono un cavallo di legno.
deu,Sagt es ihnen.
deu,Wird sich das mischen?
spa,Me encanta la astronomía.
deu,Ich spreche gut Deutsch.
eng,I've been to Sapporo before.
fra,Nous avons des armes.
fra,C'est une grande maison.
fra,Regarde ! Il y a un chat dans la cuisine.
spa,Quiero saber todo lo que sabes tú.
ita,Non andate a costruire stadi in Pakistan.
deu,Er wollte einen zu großen Baum mit seinem Beil fällen.
spa,Siempre he salido con mujeres mayores.
spa,¿Puedo tener una de estas?
ita,Mary non può mangiarla tutta da sola.
fra,Il a peut-être perdu son chemin.
fra,J'ai appris l'espéranto très vite car c'est si facile à apprendre.
fra,Elle lui conseilla de se rendre à l'étranger tandis qu'il était encore jeune.
eng,Tom isn't so strong.
deu,Ist die Straße gut befahrbar?
eng,Tom is accustomed to traveling.
spa,Es un problema para el cual no tenemos ninguna solución.
deu,Alle müssen es wissen.
spa,Me sorprende a que punto sois ingenuas.
ita,Voterà oggi?
eng,Sami moved his foot to the side.
fra,Ça devait arriver.
fra,Tu vis à côté de moi et je ne t'ai pas.
fra,Je n'ai pas le courage de poser une question aussi insensée.
fra,Vous êtes d'une précision étonnante.
ita,I dimostranti si raccolsero in piazza.
deu,"Du bist ganz schön dumm, wenn du das tust."
eng,"I really like Madonna's most Japanesque music videos, ""Rain"" and ""Nothing Really Matters."""
deu,Wie geht es mit der Conlang voran?
eng,That was the first time that Tom had ever been injured.
spa,"Tras cortar con ella, Simón se alejó sin mirar atrás."
spa,¿El chico se parece a su padre?
eng,I won't be seeing him any more.
eng,He asked her to call the cops.
spa,Ya no me ama.
ita,Non dica a Tom dove sono.
deu,Denkst du das wirklich?
spa,Necesito un lápiz.
ita,Lei aveva una moglie molto bella.
fra,Je sais que vous êtes heureux.
deu,Tom spricht sehr laut.
ita,Ho bisogno di trovare un bagno.
spa,McDonald's es famoso en el mundo entero por sus hamburguesas.
deu,Magst du Apfelsinen?
eng,The police arrested me.
ita,"Come è stato? ""È stata una grande emozione""."
fra,"Si vous mangez trois repas par jour, votre corps trouvera l'énergie dont il a besoin."
spa,Todos los hombres tienen los mismos derechos.
eng,I hope Tom isn't faster at doing that than me.
fra,Tu n'es pas content.
fra,Je ne pouvais rien faire.
deu,Tom wohnt in Rom.
fra,Il ne s'occupe que de sa propre personne.
ita,Ho trovato questi libri.
spa,Las otras chicas sienten celos de Lillie porque ella es muy guapa.
ita,Sono svenuta.
eng,"The plural form of ""louse"" is ""lice""."
fra,Cet étudiant est très remarquable.
spa,¡Desearía estar muerto!
ita,La combinazione è la poesia degli scacchi.
eng,He won't listen. I might as well talk to a brick wall.
deu,"Ein Hund läuft einer Katze nach, und eine Katze einer Maus."
fra,La simple vue du docteur effrayait mon cousin.
deu,Die Polizei sperrte den Tatort ab.
fra,Il ne faisait pas la vaisselle.
ita,Possiamo giocare.
eng,I believe Tom is looking for you.
eng,They've been chanting for thirty minutes.
fra,"Il y a des limites à la connaissance humaine, mais nous ne savons pas où elles se situent."
eng,I hope that you feel better.
spa,Es una fosa para tres cuerpos.
eng,I'm aware that being with me is difficult.
fra,"Pour une personne parlant le français, le russe est plus difficile à apprendre que l'espagnol."
spa,Así es como hablaban de él.
eng,She found shelter in the cave.
ita,Non andrò di nuovo in Libano.
spa,¿Puedes ayudarme con el deber de inglés?
spa,Tom y Mary se están peleando. Por favor haz algo.
ita,Hai lavorato in Australia?
ita,A me non piace lavorare.
eng,Algeria needs to reduce its poverty levels.
spa,¡Matad!
ita,Tom ha abbastanza soldi per comprare tutto ciò che vuole.
eng,"He's often late for work, isn't he?"
fra,Tom est déjà dans la prison.
eng,I would like to report a theft.
spa,Me siento bastante a gusto entre desconocidos.
deu,Welche Gewerbe hast du bis jetzt ausgeübt?
fra,Tu devrais prendre exemple sur moi.
fra,Je viendrai te voir pour ton anniversaire.
ita,Tom lo sa che è inutile.
eng,Tom told Mary that he thought John wasn't happy.
spa,Estábamos bromeando.
eng,There's a good chance that it'll rain.
ita,Mi piace Boston. Ci sono molte cose interessanti.
deu,Gold kann jede Festung einnehmen.
eng,I thought Tom sounded angry.
eng,They said they would do that for me.
spa,"Entré en el cuarto, donde vi a los niños sentados en el sofá."
eng,The workers worked to clean the oil from the beach.
eng,That's a simple matter.
spa,Los niños necesitan mucho sueño.
eng,He will eventually ruin himself.
deu,Wie alt ist dieses Klavier?
deu,Ich bin vor drei Monaten nach Australien gekommen.
eng,That's not what we do.
fra,L'argent durement gagné est péniblement dépensé.
eng,Ziri built a fence in the yard to separate the lambs from their mom.
deu,Zeigen Sie mir Ihren Reisepass!
spa,No creo que lo hiciese.
eng,Tom wasn't really into it.
spa,Separa todos los oros del mazo.
ita,"Di che nazionalità sono le sue studentesse? ""Bosniaca."""
eng,I understand.
eng,I'll just listen to a song before I go to bed.
deu,Wir kaufen sie morgen.
deu,"Tom fand, daß es endlich an der Zeit war, daß er sein Versprechen einlöste."
deu,Welchen dieser beiden wollen Sie?
fra,Veuillez revenir la semaine prochaine !
deu,Die meisten Geschäfte in der Straße waren geschlossen.
eng,We told him about it; seems he forgot.
ita,"La parola giusta è ""fanatici""."
eng,Ziri decided to leave the dog behind.
eng,Tom should have kept that secret.
deu,"Das ist ein Fehler, den viele Leute machen."
deu,Habt ihr schon einmal ein Eichhörnchen gesehen?
ita,Vai a scuola il sabato.
fra,C'est le train-train.
spa,Cuidado con los dedos del bebé.
ita,Gli insegnò i trucchi del commercio.
ita,Dovrebbe chiamarlo.
spa,Puedo mostrarte los documentos.
ita,La casa di Tom è stata distrutta da uno tsunami.
deu,Wir haben nichts zu essen.
fra,Elle aussi ne les aime plus.
eng,Condoms offer protection against STDs.
fra,Je trouve qu'il écrit bizarrement.
eng,They're very excited about it.
eng,"Can you help, please?"
eng,The horse has already left the barn.
fra,La comprenez-vous ?
eng,He tried to call for help.
ita,Lui è ancora pieno di energia.
fra,J'apprends l'estonien.
deu,Das Gesicht einer Person sagt viel über ihren Charakter aus.
fra,Elle ne s'attendait pas à la trouver à la maison.
ita,Lei parla davvero molto.
spa,Acaba de salir mi papá.
ita,Non andate a lavorare in Somalia?
spa,Jugar tenis es su pasatiempo.
eng,Don't be upset when they are gone.
spa,¿La conoces desde 1990?
eng,I won't be a party to this.
fra,Regarde-toi donc : à quoi es-tu bon ? en quoi es-tu utile à ton pays ?
spa,No se puede conocer la realidad misma.
eng,Everything is gone!
deu,"Sag mir, warum du gehen willst."
ita,La manutenzione periodica della trafila è fondamentale per garantire la qualità dei prodotti.
spa,Todos estáis invitados.
deu,Es ist eine Möglichkeit zu prüfen.
eng,"I work as a tourist guide at Iguazú Falls, in Argentina."
deu,Ich nehme morgens immer ein Bad.
ita,Tom e Mary sono stranieri.
fra,J'en suis presque sûre.
ita,Va a costruire ristoranti in Cina?
deu,Wer ging ans Telefon?
ita,"D'altro canto, lui aveva un'opinione diversa."
eng,Tom doesn't speak any foreign languages.
fra,Elle doit être fortunée.
spa,Me vio.
ita,Se qualcuno mi desse qualche informazione sarei contenta.
ita,Il rispetto costituisce la base delle interazioni positive.
ita,Morirei per lei.
deu,Wir können nichts sehen.
spa,¿Cómo lograste improvisar algo así?
ita,In questo momento ho un gran bisogno di soldi.
spa,Eso es exactamente lo que quería comprar.
fra,Il mit ses lunettes.
spa,No pensaba que Tom fuera tan lento.
ita,Sami ha fatto il suo lavoro.
deu,Die Stunde der Wahrheit ist gekommen.
spa,La homofobia es común en Turquía.
ita,Non ti interromperò più.
deu,"Es ist zwecklos, ihn um Hilfe zu bitten."
ita,Si è sparata nel piede.
eng,Will you be at home tomorrow?
deu,So darf es nicht enden.
fra,Tom n'est pas prêt pour cela.
ita,Chiudiamo così.
ita,Loro compravano del pane.
spa,Será que tengo que pedirle que sea mi novia?
eng,She is subscribed.
ita,Il bambino non smise di piangere fino a che lo imboccarono.
deu,Ich will keinen Zucker.
fra,Je n'aime pas l'eau froide.
ita,"Di che nazionalità sono i vostri fratelli? ""Marocchina."""
eng,Let's hope it doesn't take too long.
spa,Eres guapa.
spa,El niño no quiere dormir.
deu,Du brauchst kein Geld.
eng,His lips were pale.
eng,Stars cannot be seen in the daytime.
ita,Fareste meglio a sbrigarvi.
spa,La guerra estalló.
deu,"Das höchste Glück im Leben besteht in der Überzeugung, dass wir geliebt werden."
deu,Tom hielt seinen Teil der Abmachung nicht ein.
deu,Die Busfahrgäste steigen vorne ein.
fra,Le ciel est calme.
fra,La durée de vie de la tortue de mer peut dépasser deux siècles.
fra,"Ne me renvoyez pas chez moi, je vous en prie !"
fra,Je sais ce que vous êtes en train de penser.
fra,Elle les a servis.
eng,Tom could hurt himself if he's not careful.
ita,Io ne sono sempre più convinta.
fra,J'espère que ton séjour chez nous t'a plu.
fra,Je suppose que c'est bon pour vous.
eng,We'd better leave him alone.
ita,Noi non abbiamo un piano.
eng,Tom was wearing a lab coat.
spa,Tina y Adriana nos tuvieron toda la noche en vilo.
eng,Our raft sprung a leak and we barely made it ashore.
ita,Penso che andranno per salute in Scozia.
ita,Gli animali nella foresta morirono.
deu,Du darfst nicht so viel rauchen.
deu,Ich muss um halb eins noch nach Pudong.
fra,Je t'amènerai partout où tu veux aller.
fra,J’ai un pull propre dans mon sac à dos.
eng,Sami was all alone.
ita,Ho visto le vostre fotografie.
deu,Ich wollte es Ihnen morgen sagen.
ita,Ho cominciato a leggere questo libro lunedì scorso.
ita,Ha alcune cose che deve fare.
deu,Die Argumentation der Geheimdienste ist ekelhaft und verlogen.
spa,Aprendimos sobre la civilización griega en la escuela.
fra,Chaque homme ne peut être un héros.
eng,You don't look like you're having a good time.
deu,"Guten Tag, sind Sie Herr Ogawa?"
fra,Vous me comprenez ?
deu,Könnten Sie das Fenster schließen?
fra,Ils ont perdu contre Jean.
ita,Guardiamo la TV ogni notte.
spa,Sony es una marca conocida en todo el mundo.
ita,Mancavano alcuni pezzi.
ita,È un concetto fantastico e vincente!
eng,A flu shot contains antibodies that fight the H1N1 virus.
ita,Ha detto che non era stanco.
ita,Ha del gel per capelli?
eng,I closed.
deu,"Du wärst dumm, wenn du das nicht tätest."
fra,J'apprécie sa loyauté.
ita,L'annuncio era stampato male.
spa,Puedo ver que estás herido.
fra,Elle a appris le kabyle toute seule.
fra,"Il est libre, il ne s’occupera que de toi."
eng,Have you ever seen him eat?
deu,Helsinki ist die Hauptstadt von Finnland.
deu,Ich habe keinen Dosenöffner.
spa,Las canciones de amor me conmueven.
spa,Ahora hace mucho calor en Tailandia.
eng,Patience is a remedy for every grief.
spa,Sus informes no concuerdan.
deu,"Ich bin mir nicht sicher, was Tom will."
eng,Begin immediately.
deu,"Wir arbeiten, essen und schlafen."
ita,Tom è un fascio di nervi.
spa,Mi computador está pegado.
eng,I hope I pass the exam.
spa,"La música es el único lenguaje universal, porque no necesita ninguna decodificación."
fra,"Nous essayons d'avoir une conversation sérieuse, là."
spa,Basta una sola palabra de crítica para que ella se ponga nerviosa.
eng,Do you have my key?
spa,No tengo a nadie que culpar salvo a mí mismo.
deu,Ich verschwinde.
spa,"De hecho, él es millonario."
eng,I won't likely try to do that again.
eng,There are many big cities in Brazil.
spa,Criaron a sus hijos.
deu,Tom arbeitet in einem örtlichen Restaurant.
deu,"Einer der wenigen Amerikaner, die den Mond ganz aus der Nähe gesehen haben, ist gestorben."
fra,Ta maison est plus belle que la mienne.
eng,Tom convinced Mary to help.
eng,Tom refused my help and did it on his own.
ita,Qual è la vera priorità qua?
ita,Mangiamo insieme stanotte.
spa,¿Has terminado de escribir los artículos?
ita,Non va a lavorare in Messico.
fra,Quel individu désagréable !
ita,Ho ubbidito.
ita,Questa notte è nevicato.
fra,Vous apprenez l'arabe.
deu,Du kannst es nicht immer allen recht machen.
spa,Mi padre lleva 30 años en Nagoya.
fra,Parlons-en autour d'un verre.
ita,Posso parlare al responsabile?
deu,"Zu den Märchenwesen zählen unter anderem Drachen, Hexen und Zauberer."
fra,Ils ont engagé quelqu'un d'autre pour cette tâche.
eng,That was the last day that we saw Tom.
deu,Wir haben diesen Film zusammen gesehen.
spa,Ojalá pudiera comer filete con más frecuencia.
eng,I think Tom only speaks French.
spa,¿Por qué no intentaste llamar a Tom?
fra,Il étudiait l'océanographie.
fra,"En somme, tout est bien qui se termine bien."
fra,Je ne pense pas que je parvienne à le faire.
ita,Layla era profondamente innamorata di Sami.
eng,He started wearing wigs.
eng,Tom is a very earnest person.
eng,This game will keep your children entertained.
eng,"If it's me you're talking to, it would be better if you changed the subject."
spa,Dejen su sala limpia.
fra,Ce serait mieux si vous alliez vous coucher immédiatement.
fra,Que font-ils de mal ?
spa,Ella cree que la felicidad y dinero son lo mismo.
fra,Pourquoi êtes-vous habillée comme cela ?
eng,Sami doesn't have a whole lot of friendships.
fra,"Si vous êtes partante, allons-y !"
ita,Mary ha detto che aveva trent'anni.
ita,Ciucciatemi il cazzo.
deu,Chopins Gesundheitszustand verschlechterte sich weiter.
deu,Auch schlicht kann schön sein.
ita,Noi abbiamo fame.
spa,Tom soñó con ser una estrella de rock.
spa,Hemos visto a los dos profesores.
eng,Tom ate all the ice cream that was in the freezer.
ita,Non mi sorprende per niente.
deu,Im Beisein von Kindern sollten Sie so etwas nicht sagen.
deu,"Als Tom zu seinem Wagen zurückkehrte, klemmten mehrere Strafzettel unter dem Scheibenwischer."
spa,"En el escenario, se olvidaba de todo."
spa,La diligencia es la madre de la buena fortuna.
ita,Vado a costruire allevamenti in Niger?
ita,Vanno a costruire strade in Bangladesh.
spa,Tom murió en sus treintas.
deu,Ich blieb den ganzen Tag zu Hause.
ita,Io andrò con Tom.
deu,Jeder Student hat Zugang zur Bibliothek.
deu,Ich verdiene es nicht zu studieren.
eng,I walked around in the field.
eng,He is originally from Algeria.
fra,Il me dit qu'il voulait quitter la société.
eng,Tom laced up his boots.
ita,Si è crocifissa.
spa,No quiero pelear contigo.
eng,Tom is a really smart guy.
eng,The disease caused the decimation of the population.
ita,Scopri quello che vuole Tom.
fra,Elle compte rester sur ses positions et ne pas négocier.
fra,Tom a marché aussi loin qu'il pouvait.
ita,Sembra che abbiate cambiato completamente stanza.
ita,"Eccolo di nuovo, come nei film."
spa,Todas sus oraciones son cortas.
spa,Sami y Layla no conversaban.
eng,It's ready now.
deu,Ich vertraue niemandem.
fra,Personne ne se souciait vraiment que Tom n'aidait pas.
ita,Tom trascorse l'intera giornata a suonare la chitarra.
fra,Les becs-croisés sont très friands de strobiles de sapin et de pin.
eng,The woodpecker started loudly pecking at the tree.
deu,"Tom ist derjenige, der den Verband von Marias Arm abmachte."
fra,Une femme sensée a une multitude d'ennemis : tous les hommes stupides.
spa,Tenía mucho que estudiar para el examen.
eng,Thomas is a ginger.
ita,Avete visitato la Repubblica Ceca.
fra,"Frustré de n'être plus l'objet exclusif de ses désirs, Tom relégua Mary."
fra,Comment vont-elles se comprendre?
deu,"Mach das Licht aus, bevor du zu Bett gehst."
eng,Let's feed the children.
deu,Wollt ihr noch ein bißchen Poker spielen?
fra,Il a dit que je devais m'y rendre.
spa,¿Cómo hiciste esta sopa?
spa,Pégueme.
deu,"Er ist wie eine Null, er selbst bedeutet nichts, wichtig ist nur seine Position in der Gesellschaft."
deu,Tom hat keine Autorität.
fra,Les colons peuvent contracter des prêts pour construire des maisons dans les territoires occupés.
ita,Il vostro portoghese è diverso dal mio.
eng,Let's help Tom do this.
deu,Tom ist ein Radaubruder.
spa,Él habla tanto el francés como el inglés.
deu,Setzen Sie sich doch!
spa,El hombre salió de la ciudad.
fra,Il n'a pas la moindre égratignure.
spa,Espero que me llegue.
eng,Ziri helped others.
fra,La piscine de cet hôtel se trouve sur le toit.
eng,Paul gave a description of the suspect to the police.
eng,I thought you'd reach the same conclusion as I did.
fra,"En France, seuls les adultes sont autorisés à acheter de l’alcool."
ita,Sto scrivendo un libro in arabo.
spa,Está muy concurrido.
ita,"Ci sono pochi uomini di tal fatta, se mai ce ne sono."
deu,Er nahm die Schuld auf sich.
eng,They do whatever they want to.
fra,Je ne savais que vous séjourniez dans cet hôtel.
ita,"Scrivete con una penna, per favore."
eng,That kind of thing often happens to people like us.
fra,Nous avons mangé votre canard délicieux.
spa,Tom se quemó en la cocina.
deu,Sie benutzt ihr Telefon selten.
spa,Ese proyecto está destinado a fracasar.
ita,Lui mi ha mentito. Ecco perché sono arrabbiato con lui.
deu,Ist das Leben eine Prüfung oder ein Geschenk?
spa,No pude salir porque llovía.
deu,Ich weiß es noch sehr gut.
spa,Nos hemos ido muy cerca.
deu,Sie wollte die verschmutzten Kleider waschen.
eng,Do you see my brother's lamb?
ita,Ho chiamato Tom dal commissariato di polizia.
ita,Loro cambiarono il mondo.
deu,"Hallo, Tom."
deu,"Sie weigerte sich, es zuzugeben."
eng,He is doing business on a large scale.
deu,Der starke Wind riss den Kindern die Mützen vom Kopf.
deu,Wir brauchen zwei Liter Milch.
ita,"Dove andranno in vacanza? ""In Vietnam."""
fra,Il s'est endormi sous sa couette.
spa,"Tom no sabe lo que está haciendo, ¿verdad?"
spa,¡Qué ciudad tan bonita!
eng,Sami looked at me through the window.
eng,Ziri was Rima's baby.
fra,"Dans cette rue, il y a toujours beaucoup de voitures."
spa,¿Te acuredas del Sr. Sato?
deu,Zeig mir deine Hände.
spa,No se ve nada bien.
spa,Estaba borracho y se le olvidó cerrar la puerta de atrás.
fra,Pourquoi est-ce que je ne t'appelle pas ?
eng,If only you knew what happened!
spa,No lograron nada.
eng,We took our dogs everywhere.
fra,"Marika... je n'arrive pas à oublier son beau nom, ni son beau visage."
eng,Facebook is so 2005.
spa,Tom me dijo que pensaba que Mary estaba desempleada.
spa,Mi amigo es indio.
spa,¡Trata!
ita,Lei giocava a football all'università?
fra,Tu ne peux pas me convaincre.
eng,The Arctic ecosystem is experiencing rapid climate change due to global warming.
eng,It looks like Tom is pretty good at doing that.
eng,Tom said Mary was fat.
ita,Bullizzarono le loro compagne di classe.
fra,Je lui ai adressé une invitation.
spa,Me temo que ella va a echar para atrás mi solicitud.
eng,Sami started to talk all aloud to make sure that Layla was hearing.
eng,Tom caught more fish than anyone else did.
ita,Non lo frequenta più di tanto?
eng,Money will not bring you happiness.
fra,Il l'a laissé là.
spa,Tom fue apuñalado en el brazo.
ita,Gli potrebbe fare del male.
deu,Die sind jetzt stinkreich.
ita,Le cose stanno diventando brutte.
eng,Don't push me!
eng,Analyze the situation before acting.
spa,Ellos no cuidan de ese perro.
spa,¡Pero qué pocholada!
spa,Tom es el mejor estudiante de nuestra clase.
fra,Qu'étudie un soviétologue ?
spa,El argentino Leonel Messi fue agredido por un aficionado de Rosario Central.
fra,C'est une très bonne initiative !
deu,Tom hat seinem Sohn ein Auto gekauft.
eng,Can we establish a colony on Mars?
fra,Voulez-vous mon adresse e-mail ?
deu,Dies ist meine Katze.
deu,Tom hörte nichts.
deu,"Es wird dir sehr gut tun, einmal richtig auszuschlafen."
eng,I had never been kissed like that before.
spa,Llámame siempre que necesites mi ayuda.
spa,Tom es mecánico.
eng,Martino heard a door slam shut violently.
eng,Mary told me that she was discouraged.
spa,Tomasa asegura haber tenido una experencia extracorporal.
fra,"Et j’ai suivi longtemps, sans l’atteindre jamais, La jeune Illusion qu’en mes beaux jours j’aimais."
eng,She published her article on common misconceptions to her personal blog.
spa,Ese niño causó muchos problemas.
ita,Ricordo vividamente il mio primo bacio.
ita,Questo non è adatto per Tom.
eng,I don't want to be killed.
eng,Tom did not look back.
ita,Io sono andata a Londra.
deu,Ich habe es ihr versprochen.
spa,La gente está usando ropa deportiva.
eng,I'm a personal manager.
spa,Este verano en Tokio nuevamente habrá sequía.
ita,Sveglia i bambini.
eng,I'm the one who mows our lawn.
deu,Ich kann nicht weg. Ich muss bleiben.
spa,A ella le gusta ir a la biblioteca.
deu,"Kannst du einen Punkt am Ende deines Satzes machen, bitte?"
ita,Mary ha detto che voleva imparare a farlo.
fra,Que comptes-tu faire ?
eng,Did Tom ever tell you why he decided to drop out of school?
fra,Ils acceptaient les cadeaux.
fra,Le téléphone vous a-t-il réveillé ?
fra,Nous avons besoin l'un de l'autre.
spa,¿Tienen ustedes bolitas de queso?
eng,"During the 22nd dynasty, pharaonic priests would hide coffins if they feared robbery and looting."
deu,"Tom konnte die Tür nicht aufschließen, weil er den falschen Schlüssel hatte."
spa,Creo que deberías llamar a Tom.
spa,¡Hace media hora que él está ahí en ese baño!
fra,Tom n'a pas amusé les enfants.
fra,J'ai essayé deux fois de me suicider.
deu,"Du bist heute Abend, scheint’s, aber guter Laune!"
fra,Pourquoi devient-il somnolent chaque fois qu'il se met à étudier ?
spa,¿Tiene fiebre y le duele la garganta?
eng,We won't get another chance.
eng,I'll do that if Tom and Mary ask me to.
eng,I'll notify him.
deu,Wir warteten eine gefühlte Ewigkeit in der Schlange.
deu,"Als mein Vater herausfand, dass ich mit Nimrod Nick zusammen war, wurde er stinksauer."
eng,I took a pill to relieve the pain.
ita,Penso che tutti si sentano un po' soli alle volte.
deu,Ist dieser Koffer deiner?
deu,"Tom ist kreativ, nicht wahr?"
deu,Sie hat ihm ihr altes Auto verkauft.
deu,An diese Tätigkeit muss ich mich früher oder später gewöhnen.
spa,"Si Dios no hizo los animales para que nos los comiéramos, ¿por qué los hizo de carne?"
fra,Pourquoi avez-vous décidé de rester ?
deu,"Ich weiß, du bist enttäuscht von mir."
deu,"Alle hassen mich, weil ich fies bin."
deu,Ich werde den ganzen Tag verlieren.
eng,Our curriculum is very streamlined.
deu,"Tom und Maria sagten Johannes, dass sie glaubten, dass Elke sich verspäten würde."
spa,Tom se ha rendido casi por completo.
ita,Ho spedito questa lettera a mio zio.
ita,Ho delle ottime amiche.
fra,Je pense que Marie va être malade.
ita,Credete nell'amore a prima vista?
spa,«¿Cómo estás?» «Bien. ¿Y tú?»
deu,Tom hat Maria nicht geschlagen.
fra,"Fin juin, le temps était magnifique."
fra,Tu nous l'as fait renaître.
spa,Sólo tienes que estudiar arduamente.
spa,No me puedo quitar de la cabeza la cara del señor maldito.
ita,Questo servizio da tè è completo?
fra,Partez !
spa,Tom se olvidó de firmar su nombre.
spa,La situación tampoco es mejor en el norte.
fra,Antoine et Chantal mangent du gâteau au sésame noir au salon de thé.
eng,Who has captured his heart?
ita,Mi piacerebbe leggere la letteratura latina.
ita,Non va a cercare qualcuno in Sudafrica?
deu,War das nicht schön?
fra,Je ne transporte plus d'argent liquide.
ita,Penso che il meglio debba ancora arrivare.
fra,Vous accusiez les gens à tort.
deu,Die Liste war alphabetisch geordnet.
ita,Vorreste una tazza di latte?
fra,J'espère que je ne t'ai pas mise mal à l'aise.
spa,Por eso llegué tarde ayer a clase.
fra,Tom s'absentait.
deu,Das wirst du bereuen.
spa,Ya me casé.
deu,"Ich glaube, ich kann dir Tom suchen helfen."
spa,Tom acercó una silla.
eng,We make a great team.
deu,Darf ich mit diesem Stift schreiben?
fra,Est-il vrai que vous avez vécu autrefois en Australie ?
ita,Lei sta per cominciare.
spa,Ella vivirá por siempre en nuestros recuerdos.
ita,È passato qualcuno a farti vista ieri?
deu,"Es kommt nicht darauf an, wie eine Sache ist, es kommt darauf an, wie sie wirkt."
ita,Soffro a causa tua.
spa,Te puedes quedar aquí mientras te quedes quieto.
spa,¡Qué idiota soy!
ita,"È persa, vero?"
eng,That article is unfathomably based.
spa,Alquiló su casa con todo.
eng,This is out of my wheelhouse.
fra,Comment aurions-nous dû traduire « mémoire dynamique » en tasenusit ?
spa,No le hace ascos a nada.
deu,Aber sicher ist das hier eine Gitarre.
spa,¡Un segundo!
eng,I'd like to be paid the balance in change.
eng,I wanted to swim every day.
ita,Ha detto che spera che succederà presto.
fra,Mieux vaut tard que jamais.
deu,Er spielte seine höchste Karte.
ita,Credo di poter indovinare dove sia Tom.
ita,"Babbo Natale, vorrei una ragazza come regalo di Natale."
deu,Wir können alles ausräumen.
spa,El tren de tormentas apenas nos dio un respiro.
ita,Mi darete la vostra radio per la mia bicicletta?
fra,"Je t'ennuie, Skura ?"
eng,He said it out of anger.
deu,Haltet das Seil.
spa,Hablaremos con ella el lunes.
eng,I don't know whether she likes her coffee black.
deu,"Nur wer sich ändert, bleibt sich treu."
eng,His word can be summarized as follows.
eng,I bought the wrong kind.
ita,Chi ha pitturato questo dipinto?
fra,Mayas a lavé la voiture de Yamina.
fra,Il a demandé de tes nouvelles à Aourir Ouzemour.
fra,À quoi ressemblent les cellules sanguines ?
deu,Das Mädchen sprüht vor Energie.
fra,Elle lui enseigna les ficelles du métier.
deu,"Was denkst du, wie lange Maria dich noch braucht?"
spa,Érase una vez un hombre malo.
deu,"Ich bin so eitel, nicht so eitel zu sein, wie ich aussehe."
ita,Torni fra una settimana.
ita,Penso che Tom stia provando a ingannarci.
deu,Wunder gibt es immer wieder.
spa,Elige sabiamente.
deu,"Wir gingen zum Strand und schliefen dort ein, waren aber nicht sicher, ob wir das durften."
spa,Dígale a Tom que me escriba.
deu,Gib nicht so einfach auf.
eng,Are you busy with anything today?
eng,You will be ignored.
fra,Tom se rend d'ordinaire à l'école à vélo.
ita,Era il Portogallo.
spa,"Aún no podemos hacer el pastel, no tenemos todos los ingredientes."
fra,Je pensais que nous pouvions discuter.
eng,Ziri brought something special for Rima.
spa,Millie lo ama.
eng,Chocolate ice cream is my favorite.
fra,Il faisait froid l'été de cette année-là.
spa,¿Puedo tomarme un día libre?
deu,"Von nun an verspreche ich, pünktlich zu sein."
fra,J'ai mangé votre pomme.
spa,Dijeron que esta borrasca era una ciclogénesis explosiva.
deu,Wie lange wartest du schon hier?
fra,As-tu passé un bon Noël ?
ita,Si tratta di famiglie senza fissa dimora.
eng,You were suffering.
spa,Confórmese.
spa,Este tipo tan mal encarado es muy animoso extorsionando a los dueños de negocios del barrio.
fra,Nous avons tendance à rejeter la faute sur les autres.
spa,Yo que vosotras no invertiría demasiado dinero.
spa,Discutieron el problema.
spa,Estaré allí.
deu,"Die A40, Fahrtrichtung Dortmund, ist in Höhe Anschlussstelle Essen-Frillendorf gesperrt."
ita,Il concerto sarà gratis.
eng,"When I realized it was raining, I took my umbrella."
spa,Me los han devuelto.
eng,A mysterious legend has been handed down about this lake.
eng,Tom earned good money when he lived in Boston.
ita,"Se non ho fatto la copia di sicurezza, che succede?"
deu,"Bislang bin ich mit dem Rad zur Schule gefahren, aber jetzt nehme ich den Bus."
spa,Es muy complicado arreglárselas en una metrópolis como Tokio sin pedir dinero.
spa,Ahora no apetece bañarse.
ita,Penso che dovremmo aspettare ancora trenta minuti.
fra,Le car dispose-t-il de toilettes ?
deu,Seine Augen haben unterschiedliche Farben.
spa,¿Qué necesitáis?
spa,Tú eres el amor de mi vida.
spa,Mejor será que no le digas a Tom.
deu,Tom ist Ober.
eng,Mary said she owes Tom a lot of money.
deu,Hätte man es nicht anders machen können?
ita,Il ragazzo ha visto la macchina.
fra,Peut-être que Tom aurait dû faire ça.
ita,Tom ha dovuto andare a Boston con Mary.
fra,"En termes de cruauté, personne ne peut égaler notre niveau de cruauté, nous les Capricornes."
fra,On a livré ces fleurs à la mauvaise adresse.
ita,"Bene, apprezzo, ma non ti ho detto di fare questo."
spa,¿Podés esperar hasta mañana?
fra,"La peur n'évite pas le danger, et même, elle le crée souvent."
spa,Parece cansada. Puede que anoche se quedara despierta hasta tarde.
eng,"You didn't know that I had to help Tom do that, did you?"
ita,Sono impegnato a studiare per un test.
ita,La tua ignoranza è immensa!
deu,Habe ich es dir gegeben?
deu,Sie nimmt ihr Versprechen ernst.
eng,Ziri always believed in keeping away bad luck.
spa,La Tierra no es simétrica en torno al Ecuador.
fra,Vous dansez très bien.
ita,Tom è una canaglia.
deu,"Denken Sie, daß Tom und Maria wahnsinnig sind?"
fra,Est-ce que je me trompe ?
ita,Ti devi scusare con me.
deu,"Woran können Sie erkennen, dass Ihr Telefon abgehört wird?"
deu,Wir haben die Abfahrt verpasst.
ita,Per lavoro vado in Ucraina.
fra,Quelle est votre façon de voyager préférée ?
ita,Non andiamo in Slovenia?
deu,Das sind die Zeichnungen meines Sohnes.
deu,"Warum hast du mir nicht gesagt, dass du dich in sie verliebt hast?"
ita,Non hai mai visitato il Madagascar?
spa,Estoy sorprendido de su rápido progreso en inglés.
ita,Tom è sempre felice.
spa,Los leones son mucho más fuertes que los ciervos.
ita,Ho raccolto questi fiori io stesso.
ita,Non è per nulla felice.
deu,In diesem Haus wohnen vier Kleinkinder und ein Kleinstkind.
deu,Menschen trauen ihren Ohren weniger als ihren Augen.
ita,Vuoi essere vicino a lei?
spa,¿Tú y María son hermanos?
deu,"Wie du sehen kannst, müssen noch viele Daten hinzugefügt werden."
spa,Mennad es entrenador.
ita,Mi sono rotto una costola cadendo.
spa,A Tom ni siquiera le gusta conducir.
spa,Tiene un perfecto dominio del inglés.
spa,El femenino de barón es baronesa.
eng,Which movie is this?
eng,They glanced around.
eng,I hate the weather here.
ita,Ha detto che ha avuto una giornata difficile.
ita,Non può sentire.
deu,Bitte lasst Tom das nicht machen.
fra,Le chat jouait avec la souris en mousse.
spa,Mary lleva puesto un nuevo conjunto.
fra,Mes parents sont des enseignants.
deu,Tom wohnt bei seiner Mutter in Boston.
fra,Ma femme ne m'aime pas.
ita,Non si può spiegare.
fra,"Maintenant, fermez les yeux et comptez jusqu'à 10."
ita,Abbiamo tutto il tempo del mondo.
fra,Cours vers Ait Mlikeche.
deu,"Ich hoffe, dass Tom heute bei mir vorbeikommt."
eng,His victory will also be our victory.
deu,Ihr seid unschuldig.
deu,Ich will Tom zum Geburtstag ein Geschenk zusenden.
eng,We should learn to be disciplined in our lives.
ita,Mi ha fatto soffrire parecchio.
deu,Meine Kollegen machen sich nichts aus mir.
deu,Ohne Vernunft taugt Wissen rein gar nichts.
eng,"Interested, he turned to the teacher."
eng,He mentioned a problem.
eng,Who has the antidote?
ita,È sarcasmo.
fra,Elle le ligota.
fra,Il a beaucoup de difficulté à voir sans ses lunettes.
spa,No hay sólo gente amable en el mundo.
deu,"Die haben keine Zeit verloren, nicht wahr?"
eng,Just because Tom is engaged to Mary doesn't mean that he isn't still in love with you.
ita,Ho fornito tutte le spiegazioni riguardanti l'incidente.
ita,"Il soprannome di Sami era ""Rambo""."
deu,Wir können Toms Haus von hier aus sehen.
eng,The exchange rates for foreign currency change daily.
ita,Io ero confusa.
spa,Los tres submarinos nucleares rusos rompen hielo y emergen a la vez por primera vez en la historia.
deu,"Freut ihr euch, daß du wieder zur Schule gehen kannst?"
eng,"Kabylie, a region located in northeastern Algeria, has majestic mountains."
fra,Mon appartement est minuscule.
eng,I don't have time to eat lunch.
deu,"Wer spät im Leben sich verstellen lernt, der hat den Schein der Ehrlichkeit voraus."
deu,Ich wende ein Werkzeug an.
spa,Pudieron grabar con una cámara a un ángel evitando el atropello de una persona por un coche.
ita,Devi dirglielo subito.
ita,Tom è molto interessante.
deu,Iss doch ein Stück Kuchen.
ita,Venerdì non c'è algebra?
deu,Das ist mein einziger Rat für euch.
fra,Je veux présenter mes excuses à tout le monde.
deu,Warum kommt er nicht zum Fest?
deu,Ich zog den Knoten fest.
deu,Was meinst du bezüglich dieser Angelegenheit?
fra,Tu ne dois pas céder à ces exigences.
eng,We cannot expect to have halcyon days until we get safely through the crucial period in life.
ita,Faccia qualcosa!
spa,Solía ser así.
eng,I didn't know that you had a brother.
deu,"Er meint, er hätte nichts Unrechtes getan."
deu,"Ich wusste nicht, dass du einen Bruder hast."
ita,Lui avrebbe dovuto tenere la bocca chiusa.
ita,Tom ha accompagnati Mary a scuola.
eng,This book is within the capacity of young readers.
deu,"Es gibt einen weiteren Aspekt des Problems, über den meiner Meinung nach zu wenig gesprochen wird."
deu,"Heute denke ich, dass das so etwas wie ein Wunder war."
eng,Tom thought Mary was difficult to get along with.
deu,Sie fährt allein.
ita,Non va a costruire biblioteche in Ucraina?
eng,It seems no one is there because the lights are off.
eng,Potatoes are tubers.
ita,Non abbiamo visto un singolo gioco.
deu,Brechen Sie bitte Ihren Urlaub ab und kommen Sie zurück.
spa,Leí sobre su muerte en el periódico.
deu,Das bereitet Tom noch immer Alpträume.
ita,Io ero determinata.
eng,Ziri pulled his car off the road.
ita,Per lavoro vai in Scandinavia?
deu,Es kostete mich ein Vermögen mein Auto reparieren zu lassen.
ita,Non andate a cercare qualcuno a Cipro?
ita,Ha detto che sarebbe stata in ritardo.
eng,Mary told me she didn't see Tom.
eng,Rima missed Ziri's meat.
spa,Ayer Tom se quedó en casa todo el día.
ita,Va a costruire mattatoi in Siria.
deu,Was folgt denn daraus?
spa,Todo el mundo está mintiendo.
eng,You're not going to die here.
fra,Veux-tu un conseil ?
fra,"Qu'est-ce que tu préfères, faire du vélo ou courir ?"
fra,Je vois la fille.
deu,Was ist da drinnen?
eng,What did Tom buy at the supermarket?
ita,Lui è straniero e non capisce il russo.
fra,"Je suis coincée, aide-moi !"
ita,È una parte importante del benessere generale.
deu,"Entschuldigung, was hast du gerade gesagt?"
ita,Andrebbero arrestati?
fra,Où se trouve l'ambassade norvègienne ?
spa,Mary es la esposa de mi hermano.
ita,La cernita delle monete antiche è un hobby affascinante per molti collezionisti.
eng,A car came hurtling towards us.
ita,È stato veloce e divertente.
ita,"Per favore, lasciatemi parlare con loro."
spa,Un boleto cuesta 500 yenes.
fra,L'enfant voulut manger toutes les pommes.
fra,Sa main est blessée.
eng,He can't do anything but keep silent.
fra,J'ai toujours voulu monter le mont Fuji.
spa,Me como un huevo cada mañana.
spa,Pensaba que ese era tu trabajo.
spa,¿Por qué no comiste el pan que te dio?
spa,No puedo entender sus ideas en absoluto.
deu,Tom fühlt sich vernachlässigt.
deu,Tom hat ein Drogenproblem.
eng,Sami is not allowed to go near the well.
eng,Why do you want to learn to dance?
fra,J'ai maché du pain.
deu,Tom trat zur Seite und ließ Maria hereinkommen.
eng,My friend has been here this week.
eng,I'm not as fond of music as you are.
ita,Mary non lo fa mai da sola.
ita,"Dove volete andare per lavoro? ""In Moldavia."""
deu,Ich werde ihn nicht vergessen.
eng,Many Algerians demand Islamic banking services.
spa,Tom escribe poesía.
spa,Es mejor que le preguntes a Tom.
deu,"Ich überlege, ob ich meinen Freund nächstes Jahr besuchen sollte."
spa,"Aunque no trabaje, tiene que comer."
eng,It's all abracadabra to me.
ita,Come si fa a iscriversi al sito?
fra,J'en ai assez de vous parler !
ita,Loro provengono dallo stesso paese.
spa,No me iré hasta que me digas lo que quiero saber.
fra,Je vous ai déjà dit de ne pas vendre.
eng,I see something over there.
eng,Mary wept inconsolably.
eng,Tom said he felt snubbed.
deu,Du bist für das Kleid zu groß geworden.
fra,Nous attendons leur arrivée.
deu,Schließt ihr eure Tür nachts immer ab?
deu,Maria erholte sich nur langsam von dem Schock.
spa,Finalmente tuve que aceptar mi derrota.
ita,Non passerà molto tempo prima che Mike guarisca.
eng,Tom is probably asleep by now.
ita,Suonarono con i loro cani.
spa,Tom le compró una cámara a Mary.
fra,Occupe-toi de ta vie et laisse vivre l'autre.
ita,Mi tenga la borsa.
spa,No admitas nunca que la quieres.
deu,"Ich freue mich, daß es euch in Boston gefallen hat."
deu,"Weiß Tom, dass du hier bist?"
ita,La lingua francese si è sviluppata dal latino.
ita,Ho un'amica che lavora per il New York Times.
deu,Tom warnte Maria.
fra,Un avion de ligne s'envola à destination des États-Unis.
ita,Mi ha lanciato la mela.
deu,Haben Sie den Besen gesehen?
eng,Tom exchanges Christmas gifts.
spa,Vine a pedirle un favor a Tom.
eng,The Norman victory over England had a big impact on the English language.
eng,He nodded back.
eng,The president retreated underground.
eng,Tom thought Mary was a very good French teacher.
fra,Je savais que ce serait douloureux.
eng,My dancing career isn't over.
fra,Elles préfèrent une place côté fenêtre.
ita,La polizia non dovrebbe prendere tangenti.
eng,Don't stare like that.
ita,Non sono andato.
deu,Hau rein.
ita,Mary ha dato le stesse risposte che dà sempre.
fra,Ne soyez pas si macabre.
spa,Lee llevaba su mejor ropa.
ita,Scomparve.
eng,"The cat that couldn't reach the sausage says, ""In any case it's Friday""."
ita,La strada è ancora lunga prima che l'affare sia concluso.
deu,Wir können beginnen.
spa,Tom tiene mucho poder.
deu,Das gehört ihm nicht.
eng,Tom wore a black shirt.
deu,"Ich habe Sie doch gebeten, nicht damit zu spielen."
deu,Die Getränke gehen aufs Haus.
fra,Il parle toujours de ses opinions personnelles avec un grand sens de la conviction.
fra,Le distributeur de billets a avalé ma carte.
ita,Gli assassini dell'orsa sono pericolosi?
eng,I cannot take a picture of this building. It's forbidden.
eng,It's getting cold in here.
deu,Es gibt auch eine französischsprachige Ausgabe dieses Romans.
spa,Él no tiene más opción que renunciar.
spa,Todavía falta una caja.
fra,C'est un cas isolé.
deu,"Die Frau, die meine Schwester umbrachte, sollte erhängt werden."
ita,Il bilancio ha subito alcune modifiche durante l'assestamento di fine anno.
eng,Her belly is hanging down; she has eaten too much.
deu,Das Leben ist ein Geheimnis. Lüfte es.
deu,Hierfür werde ich bezahlt.
ita,"Suo figlio cosa studia a scuola? ""Algebra."""
deu,Du trägst deinen Pullover verkehrt herum.
ita,Nessuno ha perso.
fra,C'est facile de perdre pied lorsqu'on marche sur du gravier.
eng,Don't let dirty dishes pile up in the sink; wash them promptly.
deu,Sprechen Sie kroatisch?
deu,"Tom sagte, er wisse nichts und sei im Übrigen zu dieser Zeit in Australien gewesen."
eng,"Of course, I don't believe that."
deu,Ich möchte diesen Schlüssel nachmachen lassen.
fra,Les non l’emportent !
eng,I'm sure Tom will like the gift you got him.
spa,No deberías ser tan radical en tus opiniones.
eng,An egg is a cell.
deu,Wie heißt euer Pferd?
fra,Il a agi sans contrainte.
deu,Ich fühlte mich deplatziert.
deu,Er sieht ernst aus.
eng,The worst damage was on the upper floors.
eng,Tom closed his eyes and listened to the sound of the waves crashing on the beach.
spa,Puedes estar en peligro.
eng,Smile and be happy!
fra,Ils craignent que nous nous perdions.
ita,Il sangue mi impressiona.
ita,Questa è la sua birra?
spa,¿Podrías hablarme más despacio?
eng,I need ammo.
fra,Je ne le porte pas dans mon cœur.
deu,Ich bin in zwei Frauen verliebt.
eng,I've never seen a house without a door.
eng,Yanni needs to face so many challenges.
eng,He will wash dishes.
deu,Die Kinder wollen etwas mit Ihnen spielen.
eng,He told me you despised her.
ita,Nonostante Tom fosse il direttore non ha mai evitato il lavoro più duro e sporco.
deu,Heute werde ich den ganzen Tag über beschäftigt sein.
fra,Je ne les greffe pas.
fra,Tom a dit que c'était sa faute.
deu,Was ist der Unterschied zwischen einem Kaninchen und einem Hasen?
fra,Vous êtes libérée de toute responsabilité.
deu,Ich nehme das als ein Ja.
fra,Ce n'était que manière de style.
fra,Quand donc reviendront-ils ?
deu,"Wir werden abreisen, wenn das Auto fertig ist."
eng,Could you help me cross the road?
deu,Tom hört gerne Maria singen.
ita,L'insegnante rise.
fra,Qu'as-tu fait à Noël l'année dernière ?
fra,Ce cocktail est doux et facile à boire.
ita,Vai a fare soldi in Lettonia.
spa,¿Sabes hablar alemán?
spa,¿Qué pasó aquella noche?
eng,I don't want my picture taken.
deu,Ich kann meine Jacke nicht finden.
spa,El carácter afable de tu vecina resulta encantador.
fra,"En fin de semaine, il va dans un bar."
fra,Vous savez parfaitement ce que je veux dire.
ita,Non mi sono deciso.
eng,The lack of sleep is starting to take a toll on me.
ita,Non importa più.
deu,"Schau einem zivilisierten Mensch unter die Haut, und du findest einen Barbaren."
ita,Dobbiamo essere prudenti.
spa,¿Se quedó mucho rato?
eng,I thought that you said that you'd do that for Tom.
eng,I am fascinated by Thom J. Défilet.
ita,Tutti sentono la pressione.
deu,Er repariert das Dach.
eng,I saw Tom fighting.
eng,I think Tom should help us.
ita,Alcune persone si innerviscono quando si imbattono con una critica.
ita,Non vanno a costruire negozi in Canada?
eng,The bread is in the oven.
fra,Vous êtes pareil à un sans-abri.
fra,Mon action est mon seul bien.
eng,When are you going to tell Tom?
deu,Waren Tom und Maria je verliebt?
ita,Noi saremo assieme presto.
fra,Tom est une personne désagréable.
deu,Er tastete im Dunkeln nach dem Lichtschalter.
eng,I think Tom is all right at the moment.
spa,Tom fue a nuestra iglesia.
eng,Sami ate those cupcakes.
ita,È un salmone.
deu,In dieser Hinsicht stimme ich vollkommen mit dir überein.
ita,Potreste essere in grado di aiutarle.
ita,Quella macchina è una vera bellezza.
fra,Nous sommes tous fous.
spa,Él estaba muy feliz al averiguar que su hijo había tenido éxito.
ita,Non andiamo a costruire allevamenti in Irlanda.
eng,Mary said she had some personal problems to take care of.
eng,"We have bought a new, rather expensive stove."
fra,Tout ce que j'ai dit est vrai.
spa,"Por favor, saluda a tu esposa de mi parte."
deu,"Tom will, dass Mary John hilft."
eng,Did you really see Tom doing what you told the police he did?
fra,Je me demande si vous pourriez me dire s'il y a une poste dans ce quartier.
fra,C'est encore un Noël sans neige.
fra,Dis-moi juste ce que tu veux que je fasse et je le ferai.
spa,"Apuesto que eres muy inteligente, ¿no?"
eng,I'll buy a boat soon. What type of insurance should I choose?
eng,Love is not my path.
eng,I don't think Tom is allowed to do that.
spa,Le ayudé a limpiar la mesa.
ita,Ha un buon aspetto per la sua età.
eng,His performance was fair game for criticism.
fra,Où sont les renseignements ?
eng,I remember meeting you in Australia.
fra,Ça a redonné un bon coup de fouet à l'économie.
spa,"Gracias por darme algo de comer, estaba muerto de hambre."
deu,Jeder kennt die Nachrichten.
ita,Io mi sbagliavo così tanto su di lei.
spa,Creo que este libro es muy interesante.
fra,Le train de Paris vient d'arriver.
ita,Vogliamo solamente portarli a casa.
eng,Sami heard the voice of a male.
fra,Elle n'a pas conduit vers Ait Ferache.
fra,Je ne vais pas habiter dans un trou à rats.
eng,It's worth a look!
spa,¿Vas mucho más lejos?
spa,Huelo a gas.
deu,Er ist ein Freund von meinem Bruder.
deu,Sie versteht ihn.
fra,La police trouva rapidement une réponse à l'agitation.
deu,Möchtest du sonst noch etwas sagen?
ita,"È dispiaciuto, vero?"
spa,Se dirigió a la tienda en bicicleta.
spa,"No, este coche no es el mío, el mío es ése."
eng,That's just what we need.
fra,Le sens de la communauté est important pour le collège.
spa,Esta frase no está generada con IA.
eng,"By the way, it also works with the wheel of a wheel mouse."
eng,I don't even think Tom is a thief.
spa,Tom no se dio cuenta de que no debería estar haciendo lo que estaba haciendo.
spa,¿Me prestás la lección de sociología?
eng,Tom hired a general contractor.
ita,Per il secondo giorno non riesco a contattarlo telefonicamente.
fra,Ils vont le découvrir !
eng,Tom must be laughing his head off.
spa,¿Crees que Tom saldría conmigo?
spa,¿Voy a construir restaurantes en Malta?
deu,"Tom sagte mir, er habe Hunger."
deu,Das war eine der Ursachen.
fra,"Ils ont tant partagé ensemble, à la fin, il l'a trahi."
fra,"J’ai lu un article sur les techniques d’interview, c’était vraiment intéressant."
spa,Verás la tienda a mano izquierda.
fra,Je pose une bouteille sur la table.
deu,"Wenn er dein Freund wäre, hätte er es nicht getan."
ita,Che cos'ha fatto con tutto il denaro?
spa,Un pastel no tiene mantequilla.
deu,"Ich habe aufgehört, mir die Nachrichten anzusehen."
fra,Pourquoi Tom pense-t-il cela ?
spa,Creo que es altamente improbable que Tom beba algo de cerveza.
fra,M'en parle pas.
ita,Mi protegga!
spa,Muchas telas sueltan pelusas.
eng,I ran back upstairs.
deu,Warum hast du dir denn so ein Auto gekauft?
ita,"Lo proporrò come dirigente, che ti piaccia o no."
fra,Je vais te blesser.
fra,Il a aidé la fille.
eng,I didn't pay any attention to the warning.
deu,"Könntest du es dir einrichten, Freitag Abend nicht da zu sein?"
eng,Tom is deaf as a doorjamb.
ita,Io e Tom sappiamo che Mary stava piangendo.
eng,Tom didn't notice that Mary was laughing.
deu,Ich habe letzten Freitag den letzten Zug verpasst.
fra,Tanina est encore jeune.
deu,"Benutzt heute eigentlich noch jemand einen Wecker, den man aufziehen muss?"
eng,This is wire.
spa,Ella quiere un abrigo morado.
spa,"Aprovechemos la discusión sobre la ""excepción"" para reconsiderar la forma en que trabajamos."
deu,Ich bin jeden Sommertag im Pool.
fra,Il y a une montagne de choses à faire !
deu,Das ist alles ein großes Missverständnis.
ita,Si sforzi di essere felice.
spa,No creo que tu pronóstico sea muy preciso.
fra,Tom sera un jour un bon professionnel du foot.
deu,Deine Familie sollte dir wichtiger sein als deine Karriere.
deu,Ich ziehe die Zahlung in einer Summe einer Ratenzahlung vor.
spa,"Si te cuento, ¿prometés que queda entre nosotros?"
eng,It doesn't belong to you.
deu,Dann machen Sie es ordentlich sauber!
deu,Ich habe nur einen Zahn eingebüßt.
eng,I'm sure Tom will be awake before you are.
fra,Il conduit vers Ouzellagen.
spa,Sos mi novio.
deu,In meiner Sprache gibt es fünfhundert Wörter für „Schwermut“.
eng,Don't confuse opinions with facts.
fra,Le grec est l'aliment principal dans plusieurs restaurants turcs.
eng,Predictive texting can lead to some amusing errors when sending messages.
spa,Sé que mi padre me ayudará.
deu,Brauchen Sie mich?
fra,Elle n'a pas oublié son argent.
deu,Die Gesellschaft ist noch nicht reif für solche Reformen.
spa,Nos estamos hundiendo.
fra,Elias n'a pas marqué de but.
fra,La parole vous est-elle dure ?
spa,Mis comidas son preparadas por mi madre.
ita,Tom sembra spappolato.
deu,"Erkläre es so, dass ich es verstehe!"
spa,Estoy la mayor parte del día en casa.
eng,Money is without a doubt my top priority.
fra,Il est important que ce soit lui ou elle.
fra,As-tu vu l'accident ?
ita,"È un'insegnante di francese, vero?"
fra,J'ai eu faim et vous m'avez donné quelque chose à manger.
eng,I think it's wonderful.
eng,Have you put out the light in the dining room?
spa,"Madre, ¿no hay nada con lo que te pueda ayudar? ¿Nada de nada?"
spa,Ella se casó a los diecisiete.
eng,I've got standards.
ita,Si è scusato con lui?
fra,L'écran est redevenu noir.
deu,"Weißt du, was Tom passiert ist?"
fra,Nous sommes parties en train.
deu,Ziri warnte Rima.
deu,Hier wirst du eine Menge lernen.
ita,Non correte!
spa,Dos niños están sentados sobre la cerca.
ita,Cosa avete combinato?
eng,Tom said Mary would very unlikely do that.
spa,Los argumentos de estas historietas son deliciosamente ambiguos e intrigantes.
deu,Zwei Nächte lang habe ich nicht geschlafen.
fra,Il n'est pas allé à Azouza.
fra,Elle a passé toute l'après-midi à cuisiner.
eng,Susannah is an expert in American history.
spa,Vuestro paraguas era muy similar al mío.
deu,Was hältst du von der neuen Regierung?
spa,No me hagas cosquillas.
fra,Florence est plus proche de Bologne que Milan.
deu,"Starker Regenfall hinderte mich daran, dorthin zu gehen."
eng,I feel I should help you.
eng,Sprinkling salt on your food is an unhealthy habit.
eng,Santiago smoked cigarettes.
fra,Il s'est fâché contre lui.
ita,C'è ancora un po' di birra nel frigo.
eng,This is the best horse in the stable.
eng,There's nothing wrong with not being tall.
fra,J'ai encore du travail à accomplir.
eng,He surprised her with a gift.
eng,She told me that she was miserable.
spa,Mañana tienen alemán.
spa,Quedarse aquí no tiene ninguna ventaja.
eng,Tom is the funniest person that I've ever met.
spa,¿Es tuya esta cebra?
spa,Tom viene de una familia de músicos.
eng,It'll probably rain soon.
ita,Dov'è il gatto nero?
deu,Er war stolz.
deu,Ich hätte das besser als ihr gekonnt.
ita,Non va a costruire università in Canada.
eng,We were over at Tom's place last night playing cards.
ita,Dai voce alla tua opinione.
fra,Dépêchez-vous d'aller à Tizi Ouzou.
deu,Sie hat das Buch in Papier gepackt.
spa,Muchos peces murieron.
spa,Tom aún no ha perdido las esperanzas.
eng,The police arrested the murderer.
fra,Tom peut entrer en contact avec Marie via e-mail.
eng,It's hard to prevent things like this from happening.
fra,"Je te respecte, toi et tes opinions."
deu,Die anderen Kinder nennen sie Schweinchen.
eng,Can Tom do this for us?
eng,The soldier wrote a letter to his mother.
deu,Haben Sie noch Fragen?
eng,A sports brand and anime collab has been announced.
fra,Nous n'avons pas apporté un plus.
ita,Dobbiamo solo imparare a conviverci.
eng,Tom wasn't wearing a red cap.
deu,Er ist immer großzügig mit armen Leuten.
spa,Ellas aman su trabajo.
spa,Sonrían siempre que puedan.
spa,Apréndete estas frases.
eng,Tom made fun of Mary.
deu,Vor Kurzem hat diese Marke eine limitierte Edition Unterwäsche herausgebracht.
ita,Il nostro bambino è nato sano.
eng,Tom should've told me earlier.
deu,Dieser Roman ist viel länger als jener.
fra,La princesse ne pouvait s'empêcher de rire de lui.
eng,I don't plan on rocking the boat.
deu,Ich wollte mit Ihnen sprechen.
eng,She's jogging today.
eng,Sami was worried about the kids.
ita,"Oh, come mi manchi!"
eng,The train was going 500 miles per hour.
fra,Cette chanson me dit quelque chose.
eng,Gustavo's footsteps left imprints in the soft earth of the woods.
eng,They still can not convert lead into gold.
eng,They don't talk to me anymore.
spa,No me quiero poner morena.
spa,Mi italiano es terrible.
fra,Le virus ne se propage pas. C'est l'homme qui le propage.
ita,Non va a costruire arene in Libano?
spa,Tom es científico.
spa,Es justo medianoche.
ita,Chi ha salvato Tom?
ita,Tom e Mary hanno fatto un giro su una slitta trainata da dei cavalli.
eng,This is my stepdad.
fra,La coalition essaie de masquer ses divergences.
fra,L'hôtel de ville n'est pas loin d'ici.
fra,Tom a construit un château de sable.
eng,"When I woke up, it was snowing."
eng,"Sorry, I didn't mean to cut you off."
fra,Vous devriez commencer.
spa,La ontogenia recapitula la filogenia.
eng,I've already heard back from Tom.
fra,Qui appelle qui ?
spa,Las pinturas rupestres reproducían principalmente escenas de caza.
ita,Parlo spesso con lui sull'autobus.
spa,¿A cuál de tus padres piensas que te pareces?
ita,Io muoio di sete.
fra,Dis-lui de diminuer le travail et de bien manger.
fra,Le temps presse et une action rapide est nécessaire.
ita,Capire la normalità è una sfida per me.
deu,Sie fesselte ihn an den Stuhl.
spa,"No le eches mucho chorizo, que el picante no le viene bien a mis almorranas."
eng,I'm going to Constantinople.
deu,"Ich erinnere mich, ihn irgendwo vorher gesehen zu haben."
spa,¡Menudo gandul estás tú hecho!
deu,Bisamratten sind für die Zerstörung von Dämmen und Deichen verantwortlich.
fra,Cette pomme est grosse.
eng,Take heart and do it again.
ita,È una fottuta idiota!
spa,Me gusta la comida japonesa.
deu,Tom kann Maria nicht vergessen.
fra,Le voyageur arriva à New York dans la soirée.
ita,Non ho mai pensato che sarei stata felice di vederti.
fra,Étudies-tu ?
fra,"Ken peut conduire une voiture, mais pas Tom."
deu,Meine Tochter ist in deinem Alter.
fra,Coupez les pommes de terre.
fra,Cela va-t-il encore durer longtemps ?
spa,Estos lentes de sol son de última generación.
deu,Wie war dein Spaziergang?
fra,Il admire cet écrivain.
fra,"Cette politique a résulté, finalement, en une rapide augmentation du coût de la vie."
spa,No le trajeron al niño los juguetes que había pedido.
spa,He andado con novias con más trasero que cerebro.
ita,Gli amanti si sono scambiati numerose lettere.
spa,No cabe duda de que ella era rica.
eng,Peter has decided to leave tomorrow.
deu,Er hat den Test wie erwartet bestanden.
deu,Tragen Sie eine Brille?
deu,Leider verdiene ich nicht viel Geld.
fra,Comment doit-elle écrire « forme » en indonésien ?
spa,Estoy esperando que ocurra algo.
ita,Mi dia quel denaro.
fra,Une année est constituée de quatre saisons.
ita,Mary ha sempre avuto paura dei cani.
ita,È il cane della mia vicina.
eng,Nobody knew what a computer was back then.
ita,Abbiamo solo tre cucchiai.
spa,Tú y yo no somos así.
eng,Sami didn't get a response immediately.
eng,Can I use this shopping trolley?
fra,C'est un grand marathonien !
ita,Io e Tom ci lasciammo in buoni rapporti.
spa,Debería haber ido a la reunión de ayer.
ita,Era veramente palese?
eng,Are you still interested in going to Australia with us?
deu,"Zack, zack! Schnell, schnell!"
deu,Was wäre das Leben ohne Hoffnung?
fra,Je voudrais acheter un peu d'eau-de-vie d'abricot.
fra,La maison fut complètement brûlée.
ita,Tom è un poeta.
ita,Amare qualcuno significa vederlo come Dio lo aveva inteso.
eng,The economy was in miserable condition.
spa,¿Por qué son verdes las hojas?
eng,Tom and Mary said that they were really bored.
fra,« Comment êtes-vous allée au parc ? » « En bus. »
ita,I passaporti COVID violano i diritti umani.
eng,I don't see any harm in doing that.
eng,She cut a picture out of the book.
eng,Tom was crushed.
spa,Tom es el padre ideal.
deu,"Ich habe Fragen, und du bist die einzige, die sie noch beantworten kann."
deu,Fast wäre ich heute überfreundlich gewesen.
ita,Si può licenziare un popolo?
deu,"Diese Tafel ist nicht schwarz, sondern grün."
spa,María fue juzgada por crimen calificado.
deu,Sie hat sich unser Geld genommen.
eng,It seems that Ziri attracts ghosts a lot.
spa,La Torre Eiffel está clavada en el corazón de París.
eng,Ziri cried and waited.
ita,"È qua, vero?"
deu,Dank dafür.
deu,Die Arbeiter waren bis zu den Hüften nackt.
deu,Nie werden Sie auf einem Zebrastreifen ein Zebra streifen.
spa,Estáis siendo utilizados.
spa,No tenés ni idea.
spa,"Porque cual es su pensamiento en su corazón, tal es él."
fra,Nous avons dû apprendre le poème par cœur.
ita,Potresti citare la fonte dove si parla del documento scaduto?
ita,Consideriamo chiuso il nostro incontro.
fra,Je ne veux même pas le voir.
spa,Tendrás que confesar esto.
fra,Elle prit bien soin de ma grand-mère.
ita,Lei ha corso dei rischi.
eng,He did not like swimming.
eng,I love you more than he does.
fra,"Pendant la période de Noël, aux Philippines, on déguste des bibingkas."
fra,Je veux juste retourner en classe.
fra,J'ai pensé à toi.
eng,I didn't know you expected me to be there yesterday.
spa,Pacientemente fuimos encontrando y anotando todas las erratas que contenía la novela.
ita,Mangio molta pasta.
ita,Tatoeba è davvero multilingue. Tutte le lingue sono interconnesse.
fra,J'ai entendu que Boston n'est pas un endroit sûr. Est-ce vrai ?
eng,"While he was smoking a thick cigar, he talked about Greenland."
fra,Ils ont décidé d'autoriser l'accès au public.
spa,¿Tuvo un viaje placentero?
deu,Ich gab es letztendlich auf.
fra,Jeanne regarda mes roses.
fra,As-tu déjà vu un martinet ?
fra,T'as des yeux de chambre à coucher.
spa,La torre estaba en ruinas.
ita,Quello che ha detto ci ha convinti.
ita,Tutto sta cambiando.
deu,"Bitte erzählen Sie, was Sie schon getan haben."
fra,Je les ai surpris en train de s'embrasser.
eng,War is useful.
eng,Tom is making breakfast in the kitchen.
deu,"Ich wusste, es war ein Scherz."
eng,There's a lot of difference between the way men do that and the way women do that.
ita,Odiano le regole.
eng,Stalin was a bad person.
fra,Laisse-moi parler.
spa,Se divisaba un barco blanco a lo lejos.
eng,He will equal the dog in servitude.
deu,"Ihr Lallen war ein Zeichen dafür, dass sie betrunken war."
ita,Ecco i regali.
ita,Siamo piene.
ita,L'adolescenza può portare all'esplorazione dell'identità.
eng,The furigana is automatically generated.
fra,Ils sont toujours avec eux à la maison ?
ita,Va a cercare qualcuno in Finlandia?
fra,"Tout le monde s'y opposait, mais ils se sont quand même mariés."
spa,Le ruego me dé su opinión sobre este artículo.
spa,Él dejó aquella vida para estar con ella.
spa,Sé bien que estás enojada.
fra,J'ai tant de choses à vous dire.
fra,J'étais adossée au mur.
ita,Andate a costruire scuole in Libia?
fra,Il n'est pas parti à Chemini.
deu,Tom hielt Marias Hand und reichte ihr Taschentücher zum Trocknen der Tränen.
eng,I didn't want to tell anyone until I was certain.
spa,Él no puede distinguir el verde del azul.
eng,Lorenzo was out of there.
ita,Ti ho detto che ci penso.
deu,Unsere neue Firmenzentrale ist in Tokio.
fra,À table !
ita,Tom e Mary stanno facendo i compiti.
eng,Tom probably isn't going to stay in Boston until Monday.
fra,Tu ne nous présentes pas ?
deu,Tom wollte nichts sagen.
ita,Vi voglio dietro le sbarre.
spa,Estoy casi seguro.
spa,Esta tarde no tengo tiempo.
spa,La opinión que uno tiene de sí mismo determina su destino.
ita,Amo le patate fritte.
deu,"Sie sind nicht die einzige, die das kann."
fra,Il a vraiment mis les bouchées doubles pour l'organisation de sa fête d'anniversaire.
eng,They need a cab.
ita,Devi rinforzare il tuo coraggio.
fra,"Thomas pourrait le faire, s'il voulait."
fra,Cochez les bonnes réponses.
eng,Tom told Mary to lie.
fra,Voulez-vous dormir sur le canapé?
fra,"Je m'ennuie, je vais aller me coucher."
eng,Why can't you get one?
eng,I don't want to eat at this restaurant ever again.
ita,Sono andato in Italia.
deu,Aus sicherer Entfernung tapfer sein ist einfach.
eng,Tom has a natural revulsion towards weirdos with bad hobbies.
fra,Un vin blanc s'il vous plaît !
ita,Tom è un ostaggio.
deu,"Sie sind die einzige, der ich es gesagt habe."
eng,Do you know why Tom left Boston?
spa,Te voy a disparar.
ita,Pagherà per quello che ci ha fatto.
fra,À quelle fréquence fais-tu du sport ?
fra,Je te l'ai enduit.
ita,Che cosa c'è nel frigo?
eng,We have a new head coach.
ita,Mi sto nascondendo in Giappone.
ita,Dove si è nascosto?
spa,Tom fue el último en llegar.
fra,Pour qui se prend-t-elle ?
spa,Ha vuelto la moda de los años treinta.
deu,Sie sind alkoholabhängig.
deu,"Ihr sagtet doch, ihr habet das erst einmal getan."
deu,"Sie will, dass er fröhlich ist."
eng,I felt really miserable.
deu,Ich will euch belohnen!
spa,No puedes ayudar a Tom mañana porque tendrás que trabajar todo el día.
spa,Al diablo la física.
spa,Por supuesto que es ilegal.
ita,Vale la pena considerare il suo suggerimento.
eng,He is proud of having won the prize.
deu,"Dieses Bild fängt allmählich an, mir zu gefallen."
spa,Están escondidos en el armario.
deu,"Die Welt hat vor euch bestanden und wird weiter bestehen, selbst wenn ihr nicht mehr da sein werdet."
spa,"¡Otra cerveza, por favor!"
deu,"Weiß deine Frau, dass du säufst?"
spa,Esta expresión será traducida.
fra,C'est tout lui.
ita,L'incidente ha avuto luogo vicino a quell'incrocio.
spa,Tom no hizo nada para ayudar a Mary.
spa,¿Ese libro es interesante?
fra,Père est arrivé à la maison il y a environ dix minutes.
fra,Dois-je m'en confesser comme d'un péché ?
fra,Je mangerai un citron frais pour la vitamine C.
deu,"Ich bin es nicht gewohnt, in einem Zelt zu schlafen."
deu,"Was glauben Sie, wieviel Geld Sie noch brauchen werden?"
spa,"¿Qué cuesta menos, el autobús o el tranvía?"
deu,Mein Terminkalender ist voll.
spa,Las dos vamos al curro en moto.
deu,Ihr solltet ein paar Wochen hier bei uns bleiben.
eng,I'm too poor to hire a lawyer.
fra,Tu penses que cela ne va plus ?
fra,Jean regarda des vaches.
spa,¿Quieres ponerle aguacate a la ensalada?
ita,Magari lo fosse!
spa,Coman nieve.
fra,D.H. Lawrence est un romancier et un poète.
ita,Tom e Mary entreranno dal retro.
eng,How come Tom hasn't come?
deu,Alle haben geflüstert.
eng,I saw your friends here yesterday.
deu,Warst du schon immer so ein Arschloch?
eng,"With the proud support of his Byelorussian parents, he toured the world."
eng,What you're doing won't help at all.
fra,Tu es une rêveuse.
eng,You had better supplement your diet with vitamins.
fra,Ils ne veulent pas vous laisser en paix.
deu,Wie viele Kunden hast du?
spa,¿Cuántas páginas hay en este libro?
eng,Your hair looks nice today.
spa,Se lo agradezco de todo corazón.
ita,Sami stava lavorando sul suo laptop.
fra,J'attends déjà depuis des années.
fra,A-t-il dit oui ?
ita,Ne discuterà con lui.
spa,No hacía demasiado frío cuando saqué esa foto.
spa,Me tenés harta.
fra,Cette voiture est noire.
deu,Susanne war entsetzt.
deu,Können wir uns da sicher sein?
ita,C'è poco tempo.
fra,J'adore m'entretenir avec toi.
eng,Don't eat raw tomatoes before bed.
deu,"Man sagt, dass er geisteskrank ist."
spa,La cama de Vladimir estuvo vacía toda la noche.
eng,I don't go to Boston anymore.
spa,Los ángeles pueden volar porque se toman a sí mismos a la ligera.
eng,Have you been getting my messages?
spa,¿No podemos mantener esto entre nosotros?
deu,Ist deine große Schwester verheiratet?
spa,¿Hay alguien de quién estás enamorado actualmente?
eng,Tom said he thought that Mary didn't like him.
fra,Aucune plainte n'a été déposée.
fra,Ne remets plus les pieds chez nous !
fra,J’ai toujours fait tout mon possible pour lui.
spa,No puedo ver nada.
fra,Le festival est célébré durant l'équinoxe d'automne.
spa,"Y en el mes séptimo, el día diecisiete del mes, varó el arca sobre los montes de Ararat."
spa,Le tengo miedo a la oscuridad.
eng,How could he be so naive?
ita,"Scusatemi, Tom è qui oggi?"
fra,Tom dîna dans le noir.
eng,She didn't take a siesta.
spa,Esta es una tarea que consume mucho tiempo.
ita,Io vedo la vostra penna.
deu,Ihr habt einen großen Fehler gemacht.
deu,Ziri unterzeichnete den Vertrag.
ita,Qual è la loro relazione con lui?
ita,Perché non chiede aiuto alla bibliotecaria?
ita,"Scusi, ho sbagliato strada."
ita,Aaron ha ucciso Elizabeth.
spa,Creo que hemos encontrado el problema.
deu,Sie hörte auf zu weinen und beruhigte sich schließlich.
ita,Vado a costruire sinagoghe in India.
eng,He claims he can swim.
ita,Non mi menta ancora.
fra,Je vais quelque part où il fait chaud.
fra,Faites passer le message !
eng,"Twig in beak, the diminutive bird pranced atop the thick branch."
fra,Je ne peux pas contacter mes proches.
ita,Si rifiutò di lavorare con lui.
deu,Es gibt grundlegende Unterschiede zwischen den Einstellungen von Norwegern und Schweden.
eng,Here's one side of the medal.
eng,They say it's impossible.
ita,Ha sempre lavorato?
deu,Es ist alles im Zimmer.
ita,Le verdure divennero più costose.
ita,Tom e Mary parlano spesso usando Skype.
spa,Tom y Mary están esperándote.
fra,Ce qui est mauvais sort de la bouche.
deu,"Sie sah, wie ein ihr unbekannter Typ mit ihm sprach."
ita,Io non posso spiegarglielo ora.
fra,"Marie a une excellente mémoire, elle se souvient de tout."
eng,I'll get ready right away.
fra,Je n'ai pas bien dormi aujourd'hui.
deu,Diese Frau hat einen außergewöhnlichen Charme.
fra,Je vous les ai égarées.
spa,Siempre serás criticado.
deu,Welche Nationalität haben Sie?
fra,L'Australie n'est pas une exception.
deu,Wo ist euer Rechner?
spa,¿Cuánto tiempo ha vivido usted en Japón?
ita,Difende l'Islam e i musulmani.
ita,Penso di averlo impressionato.
spa,Estoy tratando de dejar lugar para el postre.
spa,El colegio acaba a las tres y media.
eng,Sami can't bring his blanket to the dinner table.
deu,Wie haben Sie Tom geantwortet?
deu,"Wie kannst du erwarten, dass er die Geschichte kennt, wo er sie doch gar nicht gelesen hat?"
ita,Lui non lavora così duramente come faceva una volta.
spa,Tengo que desmontar la rueda para arreglarla.
deu,Wir müssen unsere Eltern betreuen.
spa,Nunca he oído a nadie decir eso.
spa,"Es una ciudad pequeña, pero muy hermosa."
eng,Mary said she thought Tom might have to do that for John.
eng,I don't know what kind of snake bit me.
spa,Te voy a llevar a casa.
eng,I don't do that kind of thing.
spa,Con este tipo de papel que pueden producir más cosas a un bajo costo.
deu,Sie haben ihn gerade gefunden.
spa,El caballero con la pipa en su boca es un famoso crítico.
fra,Elle la lui donna.
spa,Sí que lo comprendo.
eng,Why have coffee prices gone up?
eng,"Are you tired? ""Not really."""
spa,La muerte es la separación del alma y del cuerpo.
deu,Ein jeder treibt das Seine — nur muss er es mit ganzer Seele treiben.
eng,Tom likes Mary's car.
deu,Bitte lass die Finger vom Gläserrücken! Es könnte gefährlich sein!
spa,Yo estoy de acuerdo contigo hasta cierto punto.
eng,"These are hard times, I know."
spa,Prefiero morir antes que hacer eso.
fra,Les œuvres de Jane Austen traitent souvent d'argent et de propriété.
fra,J'aimerais en parler avec mon frère.
fra,Je n'ai encore rien trouvé.
fra,J'aime être en contact avec la nature.
ita,Sono sempre impegnato e non ho tempo da sprecare.
spa,El negro absorbe completamente la luz.
deu,Ich habe schon eine.
ita,Non appare mai prima delle nove.
fra,"Selon moi, tu es un génie."
eng,Let's go Dutch today.
spa,Debes masticar bien tu comida.
spa,Están todas invitadas.
eng,I'd better go look for him.
fra,Elle l'a cherché partout sans le trouver.
spa,"Me gustaría cambiar de profesión, pero me falta voluntad."
eng,I've got to do this tonight.
fra,"J'avais raison, vous aviez tort, fin de l'histoire."
ita,È lontanamente imparentata con lui.
eng,It's not too late to call Tom now.
deu,"Tom mag Maria nicht. Aber Maria macht es nicht besonders viel aus, ob er sie mag oder nicht."
deu,Schönes Wetter heute Abend.
spa,No me puedo creer que Tom se vaya a casar.
ita,Tom dovrebbe rilassarsi.
spa,Al menos encontré un lugar para sentarme en el tren.
spa,Las cerezas son rojas.
spa,Nadie vio a Tom robar el libro.
fra,Tu agis toujours de cette manière ?
deu,"Um das Baby nicht aufzuwecken, saß sie regungslos da."
ita,Sfidò il sistema.
spa,No puedo abrir el documento.
ita,Vai a fare affari in Australia.
ita,"Beh, fareste meglio a sbrigarvi."
ita,È stato così tanto tempo fa che quasi non ricordo più niente.
ita,Ne vorrebbe uno adesso?
eng,That cloud is in the shape of a fish.
spa,Díselo a Tom.
fra,Pourquoi n'as-tu pas sollicité de l'aide ?
spa,Ziri ya no podía pagar la hipoteca de la casa en la que vivía.
fra,Il est arrivé ici comme un cheveu sur la soupe.
spa,Mi hermano se recibió de ingeniero.
fra,Êtes-vous étranger ?
fra,Marie a réchauffé la soupe pour le dîner.
spa,"Si la civilización ha de sobrevivir, debe elegir el estado de derecho."
eng,Tom and Mary are going to want to talk to John about that.
eng,Tom and Mary stood still for a moment.
fra,L'homme riche a une belle cuisine.
eng,Tom and I were married for three years.
fra,Ils se sont tous noyés.
eng,She's in a green dress.
spa,No caben más cosas en el baúl.
spa,Yo soy un hombre viejo.
spa,Le dije que saliera de la sala.
spa,Él ha contratado a un detective privado.
deu,Du hattest Bedenkzeit. Wie hast du dich entschieden?
spa,Repartiremos las ganancias entre todos.
spa,Adivinad qué pasó.
ita,Il signor Young ha non meno di sei automobili.
eng,I must've missed that episode.
ita,Ricordati di tutto che potrebbe esserti utile in futuro.
eng,Tom is unable to move.
eng,Climate change presents a huge threat to Algeria.
spa,Probablemente Tom esperará a que lleguemos.
eng,She took a photo of the house.
spa,La tecnología en algunos países está muy atrasada.
ita,Tom vuole abbracciare Mary.
fra,Il y a des vides qu'on ne peut remplir.
deu,Ich will einfach bloß tanzen.
ita,Io non sto ridendo.
deu,"Es gibt keinen Grund, wie ein Kind zu weinen."
ita,Sami non ha il passaporto.
deu,"Das Mädchen war damit beschäftigt, Tee für seinen Kameraden zu kochen."
ita,Non riesco a discuterne con te.
ita,Sembra che tu non sia un fan di nessuno.
spa,El suelo del pasillo está embaldosado.
spa,Creo que ya va siendo hora de ir cerrando el tenderete.
eng,Mennad talked about his mental health struggles.
deu,Tom hat das aus freien Stücken gemacht.
spa,"Cuando necesites un paraguas, yo te prestaré uno."
spa,Yo también estuve todo el rato queriendo preguntar eso.
eng,How long was I in there?
deu,Ich lerne gern.
deu,"Wer sich dem Notwendigsten widmet, geht überall am sichersten zum Ziel."
deu,Haben Sie mal zehn Minuten?
eng,Tom is a rather handsome man.
fra,De quel côté il penche ?
eng,"You still don't get it, do you?"
spa,Disfrutad del momento.
fra,Merci de votre compréhension.
deu,Ich mag Ihr Hemd.
deu,Lass mich nicht einschlafen!
fra,Le fer est employé dans la construction navale.
eng,Hiroshi died from karoshi.
ita,Sembra che Tom sia depresso questa mattina.
ita,Io pensavo che qualcuno fosse morto.
fra,Je ne peux pas vous dire exactement combien de temps cela prendra.
ita,Li vuole fermare?
spa,Gracias a la fotografía digital parece que nadie más manda rollos a revelar.
deu,"Kannst du einige der Musiker nennen, die gelebt haben, als Richard Wagner ein Junge war?"
eng,He doesn't really want this job.
deu,Große Reden bedeuten noch keine großen Taten.
eng,Are you going to help me wash up?
ita,Sono inoffensive.
ita,Tom e Mary si sono sposati in una chiesa non troppo lontano da qui.
eng,Diego hid deeper in the closet.
deu,Ich habe schon genug geschlafen.
deu,Sie hätten niemals hierherkommen sollen.
spa,"Si algo le hace falta, déjemelo saber."
deu,Schieß los! Ich höre.
deu,Jeden Sonntag sitzt die Katze auf dem Fensterbrett und beobachtet die Vögel.
ita,Ha promesso che ci avrebbe aiutate.
ita,Lei è sempre buono.
eng,I know Tom is motivated to do that.
deu,Das Problem ist dein Verhalten.
deu,Sie sollten vielleicht nicht allein dorthin gehen.
ita,A che ora ha chiamato?
ita,Sarò sempre con voi.
eng,Let's have a look.
fra,Cette armoire est vraiment faite pour la petite chambre.
ita,Casa loro è proprio davanti alla fermata dell'autobus.
ita,Judy decise di indossare il suo nuovo bikini.
fra,Je n'ai pas de nom.
fra,Tu devrais passer moins de temps à te plaindre et davantage à faire quelque chose de productif.
spa,Estuve allá una vez.
fra,Ma famille vit dans cette maison.
deu,"Tom wusste, dass Maria sauer war."
eng,The truck bumped and he fell off.
ita,Non vado a costruire basi militari in Germania.
fra,Mère Teresa a eu un prix Nobel.
fra,"Ma grand-mère a besoin d’un parapluie, car il pleut."
spa,Phnom Penh es la capital de Camboya.
eng,My daughter is still small.
ita,Stavi ascoltando la radio ieri?
ita,Perché non chiede a Mary cosa pensa?
ita,Non vuoi andare in Siria.
deu,"Die Polizei suchte alle Häuser ab, um den Dieb zu fangen."
fra,Il l'exprima sous la forme d'un roman.
ita,"Anche lui ha fame, vero?"
spa,¿Quieres comer?
spa,¿A qué le tiene miedo Tom?
fra,Fonce !
ita,Ieri sono andata a Stoccolma.
fra,Comment savez-vous que je savais ?
ita,Loro non faranno incubi.
spa,Tom se pegó un tiro en la cabeza.
eng,The breakfast menu hasn't changed for decades.
spa,No entres.
ita,La legge la proibisce.
deu,"Wir müssen unbedingt gut in das Spiel hineinfinden, wenn wir gewinnen wollen."
fra,Pourquoi m'avez-vous menti ?
deu,"Ich fand nichts, was mir gefiel."
eng,She told me she's shy.
ita,Odio le persone ingrate come lei.
deu,Die Schrecken der Katastrophe sind in der Erinnerung geschrumpft.
ita,Gli piace il vino.
spa,La capital de Albania se llama Tirana.
eng,"For Sami, killing was an easy means to an end."
deu,Gestern war es wolkig.
deu,Ohne dich bin ich verloren.
fra,Allez-vous directement à la maison ?
ita,"Di che nazionalità erano i suoi professori? ""Libica."""
deu,Das würde ich nie zugeben.
eng,Tom isn't the only one.
deu,Niemand hörte Toms Schreie.
spa,¿Sabes quién inventó el microscopio?
eng,Sami didn't want to smoke weed in his apartment.
spa,Ella tiene confianza en su capacidad.
fra,Il pense qu'il est mieux que les autres.
ita,Preparatevi per il peggio.
ita,"Gli ho chiesto di cosa fosse stato testimone, ma lui non aveva un atteggiamento molto collaborativo."
spa,Pensé que Tom llevaría a María a cenar.
eng,All indicators are normal.
eng,Who is it this time?
eng,Tom and Mary are on their way back.
fra,La toux de Ted est sans doute due au fait qu'il fume.
fra,J'avais justement la vague impression d'avoir oublié quelque chose d'important.
spa,"Si me tocase la lotería, me iría de viaje."
ita,Penso che non andrai per svago in Ucraina.
deu,Aufgrund seines Alters kann er nicht schnell gehen.
fra,Je suis très inquiet pour toi.
spa,Mentira.
ita,Non mi trattate come se fossi una bambina.
spa,Es mi querida.
deu,Untersuch das mal.
eng,"I want to help, but it requires your cooperation."
spa,Copia este programa en tu ordenador.
fra,Il a trop de livres.
fra,"Un panneau STOP au Japon a trois côtés alors qu'aux États-Unis, les panneaux STOP en ont huit."
fra,Qui s'occupera de ton chien ?
eng,"You had the chance, but you didn't take it."
fra,Où puis-je faire du shopping ?
deu,"Ich weiß, es ist nicht sehr sinnvoll."
fra,Pourriez-vous me dire comment me rendre à la gare la plus proche ?
deu,"Jetzt bist du an der Reihe, etwas zu sagen."
spa,¿Qué te parece dar un paseo después de cenar?
fra,Elle épousa un avocat new-yorkais de haut vol.
eng,Sami wanted to access Layla's money.
ita,Tu sei un uomo adesso.
eng,Tom finally realized Mary was never going to consider him her boyfriend.
eng,You're wasting ammo.
eng,Do not make a noise when you eat soup.
ita,Cos'hai da controllarmi tutto il tempo?
eng,We are bringing down the old house.
deu,Moral hat in der Wissenschaft nichts zu suchen.
spa,A Tom le gusta ver el fútbol.
deu,Fast ein Viertel der Italiener sind über 65.
fra,Quand avez-vous commencé à écrire des chansons ?
deu,Er ist kein Muslim.
eng,My aunt will come here for a week.
fra,Le tawellemmet est une langue berbère.
eng,Tom is cautiously optimistic.
ita,Farla in quel modo non sarebbe sicuro.
eng,This is going to be good for you too.
eng,The royal gardens were in full bloom for the celebration.
spa,Fue su hermana pequeña la que le rompió el juguete.
fra,Il se peut qu'elle n'apprécie pas son attitude.
fra,J'ai mis la main sur une vraiment bonne affaire.
fra,Il dit qu'il a un compte à régler avec toi.
spa,Su reino es tu infierno.
spa,"Un remedio eficaz para las llagas de la boca, es enjuagarse con bicarbonato."
spa,Te ves cansado. Deberías reposar por una o dos horas.
eng,We didn't believe it.
deu,Das kannst du aber besser!
spa,"La música es vida interior, y quién tiene vida interior nunca va a sufrir la soledad."
ita,Pensavo che Tom non fosse impegnato.
eng,"Plenty of opportunities will present themselves, if only you are awake to them."
ita,Verrai a casa per cena stasera?
eng,Ziri was greeted by the workers at the local diner.
ita,Ci sposiamo.
spa,"Él confesó todos sus delitos, pero la justicia le absolvió."
deu,Habt ihr Hilfe erbeten?
fra,Il n'a pas les manières d'un gentleman.
fra,Nous avons connu trois guerres.
fra,Et qu'ai-je dit ?
deu,"Alles was süß ist, lockt mich."
eng,Why do dogs eat poop?
deu,Sie sieht ein bisschen altmodisch aus.
fra,Tom m'a dit y être très heureux.
ita,Io vorrei qualche altro fungo.
fra,Mal lui en a pris.
eng,Do I have to sign something?
fra,Nous nous retirons.
eng,Sami told Layla about his views on Islam.
ita,Pianifico di vederlo lunedì.
spa,Estoy seguro de tener éxito.
spa,"Un poco de jugo, por favor."
deu,Wie viel wird die Eintrittskarte für das Konzert des Pianisten kosten?
fra,Faites attention dans ce rond-point !
deu,Was haben Sie vergessen?
eng,They said that they were all worn out.
ita,Siete potenti.
deu,"Ich sehe mich mal um, ob dir jemand helfen kann."
fra,Je me réjouis de vous voir heureux.
ita,Stiamo ancora parlando di couscous?
fra,"Heureusement, le temps était beau."
ita,"Di che nazionalità sono le loro dottoresse? ""Etiope."""
eng,Tom didn't realize that Mary was unhappy.
fra,L'immeuble est rempli de cafards.
deu,Die Wasserleitung leckt.
fra,Tom a demandé à Mary de lui apprendre à jouer du ukulélé.
ita,Tom potrebbe non pubblicarlo.
fra,J'ai demandé à mon professeur des conseils sur mon prochain cours.
eng,He says he's eager to do that.
spa,Este departamento es muy grande para una sola persona.
spa,"Hace más o menos medio siglo, el acordeón era un instrumento musical muy popular en todo el mundo."
ita,Non credo che Tommaso sarà occupato domani.
deu,"Wenn du eine Sprache erlernen willst, musst du geduldig sein. Der Erfolg braucht etwas Zeit."
fra,Mes grands-parents sont corses.
fra,Il tira un coup au hasard.
ita,Tom mangiò una pera.
eng,Have him come early tomorrow morning.
ita,Ho messo anche un cetriolo in questo piatto.
spa,"Intentamos hacer funcionar al cochecito con pilas nuevas, pero ya no sirve más."
spa,A nadie le importará.
fra,Ne compare jamais ta femme à une autre femme.
ita,"Scusi, ma non toccava prima a lei?"
eng,Tom didn't know Mary was John's niece.
fra,Je serai à vous dans cinq minutes.
eng,"I don't really know why, but they don't like me."
eng,"I am very patient, but I have to go home, now."
ita,Lavorare l'impasto.
eng,The coconut trees surrounded the little hut.
spa,Simplemente es así.
ita,Un quadrato ha quattro angoli.
spa,¿Por qué son ustedes tan avaros?
ita,Lei ha licenziato Mary.
eng,Algeria needs an inclusive central government.
fra,Ce film est inspiré de faits réels.
spa,"Tom, ¡estamos atrapados!"
deu,Das Jobangebot ist noch aktuell.
ita,Io? Incoraggiare te a lavorare? Blasfemia!
eng,Tom is allergic to soy.
spa,¿Quieres que te hagamos otra foto al lado del riachuelo? -Le dijo con retintín.
eng,The Sasquatch didn't look at Boris at all.
fra,Je préfère celle-ci.
fra,Le problème est que nous sommes à court d'argent.
fra,Je te les ai mouillés.
ita,Non vado a fare carriera in Lettonia.
spa,Juguemos béisbol después de la escuela.
fra,Elle ira là d'où elle ne reviendra pas.
ita,Qual è la capitale dell'Albania?
spa,-¿Va a nadar mañana? -Sí.
ita,Non andate a costruire fabbriche in Turchia.
deu,Manche Leute beschreiben Tom als eine Mischung zwischen Robin Hood und Zorro.
spa,Las bombillas funcionan con electricidad.
spa,Todo eso ocurrió antes del almuerzo.
deu,Ich versuche es später nochmal.
eng,Urdu is our mother tongue.
fra,C'est quoi le sujet d'aujourd'hui ?
ita,La mia opinione è completamente diversa dalla sua.
eng,Ziri did not change the password.
deu,Hier sieht’s einladend aus. Hinein!
deu,Schreibt die Antworten mit Bleistift!
spa,Esta mesa tiene seis puestos.
deu,Was hilft dir auf deinem Weg?
spa,El mandatario fue derrotado y exiliado del país.
ita,Non mi aspetti se piove.
fra,Il éclata en larmes.
fra,Elle a refusé d'enlever son voile.
deu,Wo komme ich zur U-Bahn?
deu,"Alle behandelten das Kind gut, dennoch fürchtete es, dass irgenwer es wieder schlagen würde."
spa,¿Eso qué logró?
ita,Vanno alla piscina pubblica?
spa,Estoy demasiado cansado como para conducir.
deu,Tom lernt den ganzen Tag.
fra,C'est un grand bâtiment en briques.
fra,C'est une histoire compliquée.
ita,A lei piace Londra?
spa,"Según mi opinión, dijo el hermano menor, ""tú estás equivocado""."
fra,Y a-t-il une vie après la mort ?
deu,Aus Lamawolle hergestellte Produkte sind sehr warm.
ita,Non andrò.
ita,Tom è un appassionato di computer.
spa,¿Qué les sucede ahora?
deu,"Ich wünschte, Sie wären in meiner Nähe!"
spa,Soy un vago.
deu,"Tom musste die Uhr, die er von seinem Großvater bekommen hatte, versetzen."
eng,Tom is a bad coach.
deu,Wie eingebildet diese Maria ist!
ita,Smettetela di copiarmi.
spa,No quiero ir a la escuela mañana.
spa,Él escribió este libro a los veinte años.
spa,Tom tomó sus gafas y las dejó en el velador.
fra,"Oui, je suis assuré."
eng,Tom realized that he wasn't the same as the other kids.
ita,Lei ha abitato lì per molti anni.
deu,Ich möchte hundert Jahre lang leben.
spa,¿Dónde aprendiste húngaro?
ita,Guardi cos'ha fatto.
spa,¿Cuánto cuesta un paquete de cigarrillos?
ita,Ha accettato il suggerimento.
eng,Tom told me he thought that Mary was worried.
ita,Ha detto che era troppo stanco per ballare.
ita,Vedere i miei sogni prendere forma in modi inaspettati mi riempie il cuore di felicità.
ita,Non infastidire.
fra,Cette phrase a plusieurs sens différents.
deu,Mir wurde das Auto gestohlen.
spa,Inti es un boliviano al cual gusta la ucronía.
eng,That was the first time I'd ever seen anybody do that.
fra,Il annonce son départ du club.
spa,Mi coche está en arreglo.
eng,This year's fashions are different from those of last year.
deu,"Wir nehmen alles, was du hast."
deu,"Tom sagte, er brauchte ein Dutzend Eier."
eng,It's not me that Tom wants to talk to.
ita,Vada alla spiaggia.
fra,Tom savait où il avait mis ses clés.
eng,I wasn't able to make Tom laugh.
eng,I'm a good taxi driver.
deu,"Sie nehmen uns die Möglichkeit, uns selbst zu versorgen."
spa,Diga su nombre completo para que conste en acta.
ita,Parli con i tuoi gatti?
ita,Sapete cucinare il pesce?
deu,Du bist mir wichtig.
spa,El policía le apuntó con su pistola al hombre.
fra,Je reste ici avec vous.
spa,"Lo sentimos, Tom."
eng,I'm going to the shop to get some groceries.
ita,"Chi ha paura della guerra, prepari la pace."
fra,J'ai une sale douleur dans le bas du dos.
spa,Esta manzana sabe agria.
deu,"Wenn du nichts riskierst, kannst du auch nichts gewinnen."
ita,Si rivolge spesso a lei con termini offensivi.
spa,Soy fea.
deu,"Tom wusste nicht, wo er war."
deu,Ich habe mir ein Hühnerauge am Fuß entfernen lassen.
eng,I know that Tom is greedy.
deu,Keiner besucht mein Land.
spa,Él viene aquí cada tres días.
ita,A te piacciono le farfalle?
deu,"Sie beherrschen die Szene, während die anderen von Zweifeln geplagt sind."
ita,È imparentata con noi?
eng,She's going to do it her own way.
deu,Das Kätzchen kam nicht mehr vom Baum herunter.
deu,Trinkst du viel Milch?
ita,L'ammodernamento degli edifici storici conserva il patrimonio culturale della comunità.
spa,Inclínense a un lado.
fra,Je vais prendre une photo de ce paysage magnifique.
spa,Él participó en una encuesta en línea.
fra,Tu es si puérile.
ita,Non potete andare da nessuna parte.
spa,África del Norte adopta el monofisismo en señal de protesta.
fra,C'est original.
ita,Ti piace ascoltare musica alla radio?
spa,Con razón no encontraste estas palabras.
ita,Non vi toccano per paura di una rivolta?
ita,"La distilleria è situata in una zona rurale, circondata da campi di grano."
spa,Probó la resistencia de la pieza y ésta se rompió.
fra,Tu as un gros cœur.
spa,No quería que nadie supiera por qué fui allí.
fra,Il le leur a donné.
ita,Questi mirtilli erano troppo costosi.
deu,Du solltest dich besser beeilen; denn die Banken schließen bald.
fra,Il ne veut pas rester à la maison.
ita,Un libro della fine del diciannovesimo secolo può non avere quattrocento pagine come i libri d'oggi.
deu,"Er hat kaum Geld, aber er kommt so durch."
ita,Raccontateci le vostre storie più terrificanti nei commenti!
ita,Non voglio che lei sia arrabbiato.
deu,Bist du gestern ins Kino gegangen?
fra,J'ai donné le trèfle à la jolie fille.
ita,Non vado a costruire scuole in Nuova Zelanda.
fra,Vous passez quand vous pouvez !
eng,"I'm sorry, my dad isn't at home."
deu,Ich gehe gern allein spazieren.
eng,Flavio and Isabella are both studying in the same city.
fra,J'ai été accusé de vol à tort.
ita,"Per quel che so, lui è un uomo onesto."
deu,Welche Weinflasche hat mehr gekostet?
eng,They're just looking at the pictures they took on the trip last week.
fra,Il a fixé du regard la caméra de surveillance.
spa,Te los sacaron.
eng,She has a lot of experience as a doctor.
eng,I wanted to call you.
eng,She went to the theater with him.
deu,Tom war damals erst dreizehn oder vierzehn.
deu,Ich habe diese Ohrringe von meiner Großmutter bekommen.
eng,The team conceded a goal after twenty minutes.
eng,I'll pray for Tom.
eng,Some major challenges remain.
spa,Puede que tenga que despedir a Tom.
deu,"Ich bewundere deine Fähigkeit, immer das Gute in anderen zu sehen."
ita,Si è votato in blocco.
ita,Suppongo che qualunque cosa sia possibile.
ita,Nella nostra società c'è troppo perbenismo.
spa,Se te pasó una palabra al copiar el cuaderno.
eng,I assume we're doing a pretty good job since nobody has complained.
ita,Torni al ranch.
eng,"Slow down, will you?"
deu,Halten Sie Tom wirklich für motiviert?
ita,Lasciamo l'edificio.
eng,"Tom doesn't still need to do that, does he?"
ita,Io trovo i linguaggi affascinanti.
deu,Das ist alles sehr plötzlich.
eng,He joined the Algerian Muslim Scouts.
spa,Mi padre solía beber hasta tarde por la noche.
eng,Tom told me that I'm better at doing that than Mary is.
ita,Chi merita deve essere apprezzato.
fra,Ma concierge parle beaucoup.
deu,"Sein Maul ist froh, dass es Nacht ist."
eng,Can you add a layer of caramel sauce to the cake?
spa,Solemos esperar largo tiempo.
ita,Ti ho detto che abbiamo già fatto questo genere di cose.
spa,Así es como debe ser.
fra,Il reste alité.
ita,Cosa ti diceva il messaggio?
fra,Comment pouvons-nous oublier ?
deu,"Ängstlich zu sinnen und zu denken, wie man es hätte tun können, ist das Übelste, was man tun kann."
eng,Ivan experienced a strange vision.
ita,Ha ucciso sua moglie con un coltello.
ita,"Se domani piove, non andremo."
ita,Guarda troppa televisione.
ita,Aprì la porta e mi trovai davanti il mio ex fidanzato.
deu,"Ich habe mir erlaubt, diesen unbedeutenden Fehler zu verbessern."
deu,Ich rief Tom an und erzählte ihm von meinem Problem.
fra,Nous ne devons pas rompre notre promesse.
fra,Elles ont vérifié leur boîte aux lettres.
fra,On parle beaucoup du fait qu'elle va en France le mois prochain.
ita,"Di che nazionalità sono i nostri amici? ""Lituana."""
spa,Van a demostraros que ese tipo de medidas ya no hacen falta.
eng,When do you think I can talk to Tom?
spa,¿Qué bebidas frías tiene?
deu,Wie hoch ist die Bildschirmauflösung?
ita,Ha paura di danzare.
eng,I don't think that doing that would be rude.
ita,Erano sicure.
ita,Sta diventando sempre più difficile guadagnarsi da vivere.
fra,La confiture de figues est en train de cuire depuis presque une heure.
spa,"¡Ah, qué alivio! Por fin me he quitado los zapatos, me estaban destrozando los juanetes."
ita,Non andiamo a fare carriera in Finlandia.
ita,Io amo la letteratura.
spa,Yanni odia derramar aceite en el suelo.
ita,Vanno a fare affari in Nigeria.
deu,Toms neues Spielzeug ist zwar ganz witzig; zu etwas nütze ist es aber nicht.
fra,"Sa femme, debout auprès d'un samovar, lui versait coup sur coup d'énormes tasses de thé."
spa,El gimnasio tiene escaleras.
spa,Quisiera salchicha.
spa,La higiene personal es muy importante.
deu,Sie ist erst sieben Jahre alt.
ita,Non è che non sono interessato.
spa,La mayoría de las gaviotas incluyen en su dieta cangrejos y peces pequeños.
ita,Penso che voi siate gelosi.
fra,Les enfants parlent.
eng,The foreign students felt alienated and excluded due to the English teacher's mocking behavior.
spa,Ya las habíamos cazado.
eng,Mary said she wished she'd eaten more.
eng,"Where are you from? ""Why are you asking?"""
fra,Alexandre a été blessé par une flèche.
deu,Zwei mal zwei ist gleich vier.
eng,"They like hockey, don't they?"
eng,Mary walked into her apartment and closed the door behind her.
spa,Vas a perder tu trabajo.
ita,Andate a costruire biblioteche in Australia?
fra,"Ne t'énerve pas, je vais t'aider."
ita,Questa è certamente una sciocchezza.
eng,Tom bought some radishes.
spa,Los plátanos maduros son amarillos.
deu,Das ist bemitleidenswert.
ita,Mi ha sempre fatto tanta tristezza.
fra,Je n'ai pas d'ordinateur.
fra,Sami déteste les chats.
eng,They're some developers who aim to make a fast buck!
spa,"No debería haber más policía, solo debería ser más eficaz."
deu,Du siehst toll aus in diesem Kleid.
fra,Elle crie et personne ne l'écoute.
spa,¿No tienen calor?
fra,Vous bougiez.
ita,Queiroz ha detto che il tempo in Grecia è buono.
fra,Ta mère est un renard argenté.
spa,¿Es grande Tom?
deu,"Tom fing an, Boxstunden zu nehmen, als er zwölf wurde."
eng,Tom and Mary admitted that they were homesick.
fra,Soyez gentils avec elle.
eng,I think that might be Tom.
deu,Leihst du dir oft von Tom das Auto?
spa,¿Puedes abrirla?
deu,"Ich wünschte, ich könnte mehr Zeit mit dir verbringen!"
eng,Gabor was a naive sucker.
fra,Il n'est pas mieux loti qu'un mendiant.
spa,Aún no sé qué regalarles a los niños.
fra,Vous êtes cinglés ?
ita,Lei è partita per Osaka ieri.
deu,Wir müssen weiter machen und alle Hindernisse überwinden.
eng,He is Tunisian.
ita,Entri nella stanza.
eng,I need some coffee.
fra,Tom ne double-clique pas.
ita,Non pensavo di venire.
fra,"Lorsque je cours, je me mets à transpirer."
fra,Le soleil va et vient.
deu,Davon wird mir übel.
spa,Estoy seguro de que lo haremos bien.
spa,Las encuadernaciones de casi todos los libros editados bajo este sello dejan bastante que desear.
deu,Das wollte ich auch schon die ganze Zeit fragen.
spa,No me he sentido así desde que Mary se fue.
fra,C'est une femme qui a eu une éducation classique.
spa,Los invitados están en la cocina.
deu,"Ihr seid doch viel jünger als ich, oder?"
deu,Die beiden Mädchen tanzten nach Herzenslust ganz froh und ungezwungen.
ita,Ho preso la decisione senza consultarlo prima.
eng,I really enjoy taking advantage of those who don't understand Chinese.
eng,Tom thinks that I don't know what he said.
fra,J'achète et restaure des meubles.
spa,No me gusta leer a Freud.
eng,"Mary is very determined, isn't she?"
deu,Tom und Maria besuchten den Dogenpalast in Venedig.
spa,Aún no tienes la razón.
eng,I think I'll need more time to convince Tom to do that.
spa,Tengo un conejo como mascota.
ita,Va a costruire fabbriche in Egitto.
deu,Tom wird immer für dich da sein.
fra,Les enfants viennent de l'école.
spa,Tom no me ha aburrido en ningún momento.
fra,La prudence est mère de la sûreté.
spa,Pues a mí lo que dijera o dejara de decir Mary me da igual.
ita,"Tu lo proverai, vero?"
spa,"Como habrán estado curioseando, seguro que lo han dejado todo patas arriba."
spa,Creo que es hora de que consiga un nuevo par de anteojos.
eng,"If you want to work here, you need a permit."
spa,"Si me acerco, el perro me atacará."
eng,Tom will be a great coach.
eng,Are they going to rape us?
eng,He offered her a bouquet made of fifty-three flowers!
deu,"Ich verstehe nicht, warum sich ein Deutscher und eine Französin auf Englisch unterhalten."
spa,Espero que hayan dormido bien.
fra,Ça ira pour cette fois.
eng,She phoned to say she was on her way.
deu,Er ist ein Abstinenzler.
ita,Noi abbiamo iniziato a lavorare su un nuovo progetto.
spa,Mary no merecía tu confianza.
spa,Las personas no deben ser discriminadas por razón de su género.
fra,Cette assiette est sale.
fra,Tafrawt est le nom d'un village kabyle.
ita,Alle volte basta veramente poco per essere felici!
ita,Vanno a costruire cimiteri in India?
fra,Nous n'avons pas de glace.
fra,Ta langue maternelle est le kabyle.
spa,Tuvo una infancia infausta.
spa,Egoísmo es soledad.
spa,La torta está sabrosa.
ita,Non si usò il latino per questi patteggiamenti.
deu,Wollen Sie mich abzocken?
spa,¿Quieres ver este programa?
spa,Él es un hombre en quien siempre puedes confiar.
spa,Tom ciertamente entendió el mensaje.
deu,"Man muss sich mit Brot behelfen, bis man Fleisch bekommt."
ita,Non va a costruire arene in Regno Unito.
fra,Il ne le dirait jamais.
ita,Tom venne torturato.
deu,Lass dir ruhig Zeit!
eng,Scores of people gathered in front of the Royal Palace.
deu,Existieren sie wirklich?
fra,Nul n'aime la guerre.
eng,I don't think that Tom has gotten around to doing that yet.
deu,Er hat einen guten Fotoapparat.
deu,"Es ist dir doch egal, wo du sitzt, oder?"
ita,Sai chi ha ucciso Tom?
deu,Wir haben dich vier Jahre nicht gesehen.
ita,Non vuoi incorrere nell'ira di Dio.
fra,"Elle était assise, grillant une cigarette."
fra,Il me répondit d'un sourire.
ita,Era irascibile.
fra,"Selon la radio, une tempête est imminente dans le nord."
ita,Per colpa tua bisogna rifare tutto.
eng,I'm not sure if I'm ready for that.
deu,"Heike war angenehm überrascht, als Dieter auf ihre Annäherungsversuche positiv reagierte."
deu,Was für einen Wein haben Sie?
ita,I soldi li ha tutti all'estero!
eng,What lovely flowers these are!
eng,The city is full of tourists.
fra,Le caméscope était essentiel pour moi.
eng,She told me that she never did that.
deu,Ich zitterte am ganzen Körper.
spa,Esa es una excelente idea.
ita,Hanno usato la loro chiave.
fra,Il a peur de tout perdre.
spa,Hoy nos vamos a achicharrar de calor.
fra,Les recruteurs débauchent souvent des experts.
spa,Todo el mundo está de acuerdo con vosotras.
fra,Elle ne viendra sûrement pas à temps.
fra,"Tom a perdu son argent, sa famille et ses amis."
fra,N'oubliez pas que je peux vous licencier.
spa,No me perdería tu concierto por nada.
ita,Disse che sarebbe stato disposto ad andare.
fra,"Il faisait froid ce jour-là, et il commença en outre à pleuvoir."
deu,Du wirst diesen ganzen Lärm wohl oder übel über dich ergehen lassen müssen.
spa,El dique que bloquea al río es muy ancho.
spa,Tom tiene buena mano con los niños.
eng,Have you checked your text messages?
spa,Simplemente necesitan alguien a quien culpar.
fra,Faites-moi le plaisir de venir.
spa,Vi que tenías la luz encendida y supe que todavía estabas despierto.
ita,Abbiamo vissuto lo stesso tragico episodio da due punti di vista diversi.
spa,No vengas hasta que yo te lo diga.
ita,Quando fu pubblicato il libro?
fra,Mes conseils juridiques sont facturés.
spa,Le dije todo lo que no le dije cuando estaba viva.
fra,Il est curieux comme une chèvre.
eng,I'm a little overweight right now.
fra,Il mange une friandise.
eng,"Tom worked as a carpenter in Boston, Massachusetts."
deu,Sechs Monate später waren wir verheiratet.
ita,Molti giovani in Spagna sono disoccupati.
eng,Do you often go to see plays?
spa,Me gustaba jugar al tenis los fines de semana.
ita,Non sa niente della tua famiglia.
eng,"INTP is my actual personality type, not ISTP."
fra,Démon !
eng,"He's old enough to drink, isn't he?"
deu,"Den Vater kannst du dir nicht aussuchen, den Schwiegervater aber schon."
spa,Yanni se sintió estresado.
ita,Mary sta preparando del tè.
eng,Why can't an ostrich fly?
ita,Va a costruire sinagoghe in Vietnam.
ita,Non vado a costruire moschee in Nigeria.
eng,This is one of the best restaurants in the city.
spa,Al mesero se le dijo que no tenía que quedarse.
ita,È un'anonima domenica pomeriggio.
ita,Vado a costruire cimiteri in Bielorussia?
deu,Toms Mutter hat ein Testament hinterlassen.
spa,Tom no está interesado en María y ella no está interesado en él.
spa,Esta es la primera vez que veo una película tan tenebrosa.
deu,Die Uhr blieb stehen.
ita,Su di me si può fare affidamento.
spa,¿Estás en Berlín?
ita,Chiederò a Mary come l'ha fatto.
deu,Er kennt ihn nicht.
ita,La materia è complessa.
spa,Ella negó haber estado ahí.
fra,Il faut que je lise.
spa,Cualquier revista servirá.
eng,I appreciate the sentiment.
eng,This ethnic dish is arranged in a Japanese style.
deu,Ich bin noch nicht bereit.
deu,Telearbeit ermöglicht eine neue Organisation in den Abteilungen.
spa,Me recuerdas a alguien.
deu,Tom ist schon ins Bett gegangen.
spa,Asegúrate de que la fortuna que buscas es la fortuna que necesitas.
fra,Elle lui conseilla d'attacher sa ceinture.
deu,Wollen Sie bestimmt nicht auf Tom warten?
spa,Estoy pensando si ir a estudiar el año próximo a EE.UU.
deu,Dem Vatikan gilt Gold zweifellos mehr als Gott.
fra,Tom va se chercher quelque chose à manger.
eng,Allow Tom to do it for us.
fra,N'est-ce pas meilleur ?
fra,As-tu encore besoin d'argent?
ita,"Di che nazionalità erano i nostri insegnanti? ""Bielorussa."""
ita,Mi ha fatto aspettare a lungo.
eng,Sami cleaned up the house.
spa,Tom intentó desacreditar a Mary.
deu,"Hättest du am Montag Zeit, vorbeizukommen und mir beim Umstellen meines Klaviers zu helfen?"
deu,Ohne die Überwindung des Nationalismus wird Europa keine Zukunft haben.
fra,Je veux que tu présentes tes excuses.
ita,Salutalo da parte mia.
ita,Questo è un buon momento per comprare una casa?
eng,"Whoever sleeps in a good blanket, says winter is not cold."
fra,Elles sortirent du bus.
fra,Comme c'est dégoûtant !
deu,"Ich wünschte so sehr, sie wäre hier bei uns!"
eng,Do not eat during class.
deu,Das Ei ist hart.
fra,Désolée de t’appeler à une heure pareille. J’avais besoin d’entendre ta voix.
deu,Ich kann meine Brille nicht finden. Vielleicht habe ich sie im Zug liegen lassen.
ita,Tom crede nelle scie chimiche.
fra,"Un jour, il n'aura d'autre choix que de compter uniquement sur lui-même."
ita,Chi comprerebbe questo?
ita,Perché le importa cosa capita?
eng,Tom told me that he thought Mary was confused.
fra,J'en ai marre de toi.
ita,Il suocero è il padre della moglie.
eng,Do I deserve a date?
fra,Les kabyles pratiquent une forme de démocratie participative à travers les assemblées villageoises.
spa,Puedes usar mi yate.
deu,Beim faulen Bauer gibt es für Ratten das beste Fressen.
fra,Qu'est-ce exactement ?
deu,Sieht Mama uns vom Himmel?
ita,È possibile che nessuno si faccia le domande giuste?
spa,"Mi alimento favorito es la pasta alfredo con hongos, tomate y mazorca en el lado."
deu,Marie hat eine Frage.
fra,Ne penses-tu pas qu'il s'agisse probablement d'une bonne chose ?
deu,Ihr habt es schon vergessen.
spa,En un coche caben más de dos personas holgadamente.
eng,Cannot delete the item.
ita,Perché non avete cercato di chiamarmi?
eng,Mary says that she's ready to do that.
ita,Vanno a cercare qualcosa in Libano?
deu,"Komm, sei kein Frosch! Wir anderen trauen uns ja auch in die Höhle."
fra,Je ne te pardonnerai pas.
ita,Voi siete state premurose a non disturbarci.
spa,"Doctor, este niño necesita primeros auxilios."
fra,Le supermarché est ouvert de neuf heures à dix-huit heures.
fra,Ils savent tout ceci.
spa,Eso no es realmente lo que quise decir.
fra,Réparez l'horloge.
spa,Ellos no van a ceder.
ita,Io penso che Kate sia anche una persona intelligente.
spa,"Firme usted aquí, por favor."
deu,Ich kann dich in die Stadt mitnehmen.
eng,Mary was happy to have got through it and be on her way home at last.
ita,Il coronavirus ha dimostrato che i lavori più essenziali sono quelli che vengono pagati di meno.
ita,"Di che nazionalità erano i nostri cugini? ""Albanese."""
fra,Il ne s'en est jamais remis.
fra,Vous prenez un ticket et vous faites la queue.
fra,Les civilisations les plus précoces apparurent en Mésopotamie.
ita,A quest'ora avranno già terminato tutte.
ita,Ivan diede il libro a Rima.
ita,"Ci sarebbero ancora delle cose da fare, ma non ho più voglia."
eng,Tom has gained weight since I last saw him.
fra,À quelle heure t'es-tu levé aujourd'hui ?
ita,Socialismo o barbarie.
deu,"Es gab viele, die ihn in seiner Verkleidung nicht erkennen konnten."
ita,Non vuoi un lavoro?
deu,Tom ist kein Erwachsener.
spa,El humo ascendía por la chimenea.
eng,Did you bring anything to eat?
eng,There was general panic.
ita,La popolarità non ha nulla a che fare con esso.
fra,Jetez-le à l'eau !
spa,Tom está entusiasmado con su proyecto.
eng,I intend to quit.
ita,Prendimi solo la coca cola.
fra,Cela ne doit pas arriver.
spa,Él es el último hombre en hacer algo así.
deu,"Ich möchte, dass du Tom kennenlernst."
eng,She questioned the limits of knowledge.
fra,Pouvez-vous m'aider à installer ce logiciel ?
ita,"Non sono così anziani, vero?"
deu,"Wenn die Seele hungert, kann man sie nicht mit Wohlstand füttern."
ita,Inciamparono e si slogarono le caviglie.
ita,Gli algerini hanno libertà di parola.
ita,Mary ha detto che ha paura di farlo.
ita,A me piacciono davvero i frutti di mare.
eng,He adopted this little girl.
eng,I appreciate what you did for me.
spa,¡Cuidado con los cognados falsos!
spa,Yo no soy un atleta.
eng,Tom isn't a very good tennis player.
deu,Sahen sie ihn?
deu,Schalte auf Handbetrieb um.
fra,Vous pouvez en profiter pour prêter attention à nos offres spéciales.
spa,¿Pero de dónde sacamos estas oraciones? ¿Y cómo las traducimos?
eng,Can you do it or can't you?
fra,Les musulmans doivent protéger la mosquée al-Aqsa.
deu,Schlag dein Lehrbuch auf allen Seiten gleichzeitig auf.
fra,Je compte faire une année de césure avant d'entrer à l'université.
spa,Sé que volveré a verte.
spa,"A pesar de todos sus esfuerzos, Rebeca no logró desenmascarar a las impostoras."
spa,Tengo un regalo para vos.
eng,Ziri and Rima didn't see each other.
fra,"Que le soleil rayonne, il prie après la pluie ; qu'il pleuve, il prie après le soleil."
fra,Comment vous qui guérissez les autres ne vous guérissez-vous pas vous-même ?
deu,"Ich möchte, dass Tom dies unterschreibt."
ita,Dovreste aiutare vostro padre.
ita,Io le chiesi di uscire.
spa,Te he comprado una cometa.
spa,"Dos pasajes a San Diego, por favor."
fra,Arrête de hurler !
ita,Ci troveremo un posto.
eng,Tom and I've known each other for years.
deu,Ich halte dich für eine gute Fahrerin.
spa,¿Podrías atar al perro?
spa,Tatoeba hoy va lento.
ita,La controlli e basta.
ita,Pensavo che volesse imparare il francese.
deu,Warum musst du nach Moskau?
deu,"Was ich nicht verstehe, ist warum."
fra,Ils en parlent partout.
ita,Non andiamo a costruire case in Norvegia?
deu,Die Politik ist ein Market: man muss die unpopuläre Maßnahmen oder die Lügen verkaufen.
deu,"Ich meine, dass beides richtig ist."
spa,Una palabra compuesta es una palabra formada por la adición de palabras simples.
eng,"Wherever she goes, she has bodyguards with her."
deu,Man kann sich auf den Bericht nicht verlassen.
eng,Tom is the only person for the job.
ita,"Scusate, non so come far funzionare quella motocicletta."
ita,"Prima di tutto, voglio dire le cose come stanno."
ita,Io vedo tanta ipocrisia.
fra,Connaissiez-vous la femme qui s'est suicidée ?
eng,I can't believe that you didn't have to do that.
ita,"Se fossi libera, accetterei il suo invito."
fra,Elle a l'air de comprendre ce que je dis.
spa,Él siguió leyendo mientras comía.
fra,Je te trouve très attirante.
spa,Puede que Lara lo tenga preparado.
eng,Tom said that he was baffled.
eng,I've got an iguana.
spa,¿Usted grabó ese concierto?
ita,I veri colpevoli sono loro.
eng,They put a bounty on Tom's head.
eng,Can you tell me how I can get to the post office?
eng,Tom burned his arm.
eng,Have any of you not yet eaten lunch?
eng,"Schucks, she noticed."
fra,Cela va-t-il durer encore longtemps ?
fra,Combien de temps as-tu travaillé pour eux ?
spa,Ellos admiraban la vista panorámica desde la colina.
ita,Non vanno a cercare qualcosa in Lettonia?
ita,So cosa sta succedendo.
eng,"She cost us a cow and her calf, that one!"
ita,Dice che vuole farlo oggi.
fra,Nous sommes allés ensemble en pique-nique.
deu,Ich bin fast vierzig und immer noch nicht verheiratet.
deu,Habt ihr das für mich gemacht?
ita,Cos'ha in mente?
eng,Ziri couldn't name any country in Africa.
ita,Si è presentato un'ora più tardi.
eng,Carlos stayed there to take care of Rima.
spa,La tormenta ha cesado.
spa,Tom se puso a gritar como una quinceañera.
spa,Me costó mucho verbalizar el problema.
deu,Es ist keine Korruption. Ich würde es als das Ausnutzen der rechtlichen Schlupflöcher bezeichnen.
spa,Vi algunos animales pequeños corriendo en todas las direcciones.
fra,J'ai réussi à le lui faire comprendre.
ita,Non penso che Tom conosca già qualche dettaglio.
fra,Heureusement qu'ils nous les ont appris.
eng,Tom is most likely going to buy the red car.
spa,Estoy tranquilo.
spa,Él no tiene empleo. Está jubilado.
spa,Tom amaestró al perro para que ladrara a los desconocidos.
fra,Comment se porte ta femme ?
ita,Mi sono mosso.
deu,"Tom will nicht, daß seine Eltern wissen, daß er die Schule abbrechen will."
deu,Ich verliere sie nicht.
spa,¿Harás eso?
fra,Je ne peux pas m’empêcher de penser à Tom.
fra,Je pense qu'il y a eu une erreur.
spa,El conductor del autobús resultó herido.
ita,"Tom è piuttosto felice, vero?"
fra,Je suppose que j'ai été trop occupé.
ita,Io ho deciso di andare via con i pellegrini.
ita,Tom ha detto che Mary non sarebbe qui.
eng,Ziri's shampoo commercial did well.
ita,Devo riuscire a disintossicarmi.
spa,¿Estás seguro de estar haciendo lo correcto?
deu,Keine Sorge. Uns geht's gut.
eng,Stay with us today.
deu,Ich möchte ein guter Vater sein.
deu,Das ging voll in die Hose.
eng,Help me move the table away from the wall.
ita,Era bello stare tra le sue braccia.
fra,Lui avez-vous parlé ou est-ce encore à faire ?
spa,"No estás casado, ¿no?"
eng,Tom can still take care of himself.
deu,"Bedenke, dass es nicht angenehm ist, einen langen Text auf einem Bildschirm zu lesen."
deu,Warum hat Tom das nicht getan?
eng,Igor was greeted warmly.
deu,"Ich weiß nicht, was Sie von mir erwarten."
fra,"Tu le connais, John ?"
ita,Gli piaceva la sua macchina.
fra,Je pense que la plupart d'entre eux ont pris part au complot.
spa,"El enfermo solo tiene un deseo; el sano, muchos."
eng,Stubble suits you.
eng,I'd like to hear Tom's opinion at least once before we come to a conclusion.
spa,En casa hablamos neerlandés.
ita,Questa macchina era così economica che è riuscito a comprarla.
eng,Tom rarely does that by himself.
ita,"Dove volete andare in vacanza? ""A Malta."""
fra,"Oh, toi, oh ! Viens, nous devons y aller maintenant."
ita,Cosa si mangia nel tuo paese?
deu,Wie viel Alkohol ist zu viel?
ita,"Di che nazionalità sono le loro nonne? ""Finlandese."""
eng,They won't give themselves up.
fra,"Que ce soit par crainte ou par fierté, il ne répondit pas."
spa,Tom está relajado en su litera.
spa,Esta puede ser la última vez que conversamos.
ita,Io vado a lavorare ora.
deu,"Möchtest du, dass ich das mache?"
spa,"FMI significa ""Fondo Monetario Internacional""."
eng,Schweitzer is a man to imitate.
eng,This is perfect for Ziri's busy lifestyle.
deu,"Tom und Maria sagten Johannes, dass sie nicht glaubten, dass Elke das gerade tue."
fra,J'ai demandé à mon père si je pouvais aller au cinéma.
ita,Mi piacerebbe parlare di nuovo con lei.
fra,Tu ne peux pas changer d'avis maintenant.
eng,Companies like these are subsidized by the Algerian government.
eng,There was a strong wind.
spa,No cualquiera puede ser maestro.
deu,"Was Tom und Maria denken, spielt jetzt keine Rolle."
ita,Ho già parlato con lui.
spa,Los ancianos merecen respeto.
fra,Le tamazight existe toujours.
ita,Lui sta per ammalarsi.
ita,Non vai a insegnare qualcosa in Lituania?
fra,Tom a lutté sans succès.
ita,"Non sono un'esperta, quindi la mia risposta alla vostra domanda è solo una stima ragionata."
ita,Cosa fai per non annoiarti?
eng,The U.S. government is to impose two of the sanctions against those countries.
spa,¿Por qué estamos aquí?
eng,I think Tom was sick all last week.
fra,Elle s'intéresse beaucoup à la politique.
fra,Tom dit à ses enfants de se brosser les dents.
fra,"Après tant d'épreuves, la lumière a fini par apparaître."
deu,Regel Nummer eins für Smalltalk: Nicht über Politik reden.
fra,Elle travaille à domicile.
ita,Problemi?
ita,Tom ha un problema che deve risolvere.
deu,Ihr braucht das nicht zu machen.
spa,A esta guitarra le falta una cuerda.
deu,Die britischen Fußballfans benehmen sich manchmal komplett daneben.
spa,Hice un esfuerzo para terminar mi trabajo.
eng,Ziri watched it on the big screen.
deu,Sagt dir dieser Name was?
ita,Il vero grande uomo è sempre modesto.
spa,Hay que seguir el plan y ser rápido al respecto.
ita,Tom vuole venderla.
deu,"Bitte halte mich auf dem Laufenden über alles, was während meiner Abwesenheit geschieht."
fra,Est-ce que vous me suivez ?
spa,¿Lo habéis puesto de lado?
deu,"Ich habe viele Male den Trainer gewechselt, weil sie alle nichts taugten."
spa,Los pilotos se comunican con el aeropuerto por radio.
fra,Pourriez-vous ouvrir une deuxième caisse ?
eng,I'm sure you'll whip us up something really good.
ita,Non fate qualcosa di stupido.
deu,Ich verstehe seine Argumentation überhaupt nicht.
ita,Andiamo a costruire mattatoi in Etiopia.
ita,Non penso di avervi visti prima.
eng,Thank you for seeing us.
spa,No quisiera hacer nada que hiciera enojar a Tom.
fra,"Je suis tombé sur Bernard hier, dans un restaurant."
ita,La sua voce aveva un'eufonia naturale che incantava chiunque l'ascoltasse.
spa,Querías saberlo todo sobre Mary.
eng,Yanni tightened that screw.
ita,Io ho il mio libro.
ita,Che stress questi concerti.
deu,"Machen Sie es jetzt. Wenn das nicht möglich ist, werden Sie es vergessen."
spa,Él lustró sus zapatos.
spa,Tom se sentó junto a Mary en clases.
fra,Il est beaucoup trop tard pour une visite.
deu,Tom las viel.
ita,Andiamo a costruire moschee in Canada.
deu,Ich habe eure Nachricht gestern bekommen.
eng,Listening and hearing are two different things.
eng,You hear me?
spa,Él fue interrogado por la policía.
spa,¿Cuándo han ido de viaje a Argel por última vez?
spa,Es una estupidez decir que debe condonarse la deuda de todas las naciones.
deu,Haben Sie sich die Füße gewaschen?
ita,L'albero motore è rotto?
fra,J'ai immédiatement regretté cette décision.
ita,Andiamo a costruire basi militari in Uruguay.
eng,"Why did you help Tom, but not Mary?"
deu,"Wie kommst du darauf, dass ich nicht gut tanze?"
eng,Miroslav found a cabin that was within his budget.
fra,Je dois garder à l'esprit cette importante question.
spa,Tom estaba sorprendido.
eng,Do you know why Tom doesn't eat meat?
ita,Chi sta prendendo le decisioni?
deu,Ich mache das unverzüglich aber nicht hastig.
eng,The bugler played taps as the tricolour was lowered at sunset.
fra,Qu'aimerais-tu y faire ?
deu,Wir haben zwei Töchter.
ita,Parlamene.
deu,Was macht ihr beiden da?
fra,Il y a une magnifique enfilade de salons dans ce palais.
fra,Laisse moi utiliser ton ordinateur.
spa,Quería ir a China.
deu,Der kleine Löffel steht im kleinen Glas.
deu,Der Regen begann in Schnee überzugehen.
eng,Algeria needs to import fewer things.
spa,"¡Felicidades, es un varón!"
deu,In meinem Haus hab’ ich das Sagen.
deu,Die ukrainischen Mädchen sind die schönsten auf der Welt.
eng,I didn't want to do what Tom told me to do.
ita,Non va a costruire strade in Bielorussia?
spa,Ensuciaron el agua.
fra,"Rendons visite à mon Papy, ce week-end !"
fra,Je la pressai sur mon cœur avec ivresse.
spa,Guarda el secreto.
fra,De qui penses-tu recevoir des cadeaux de Noël ?
ita,Di' a Tom dove parcheggiare la sua auto.
ita,Frastorni gli studenti.
fra,Je n'y tiens plus.
eng,Tom said last year was tough.
eng,Algiers needs to become a modern city.
spa,Los nuevos bizcochos de la casa son peores que los clásicos.
eng,Tom could only chuckle.
eng,I couldn't see the car's license plate.
deu,Ich will diesen Satz nicht übersetzen.
ita,Ruba della roba.
ita,"Di che nazionalità erano le loro studentesse? ""Camerunense."""
eng,Rosh Hashanah is the Jewish New Year.
eng,Tell Tom that I'm hungry.
fra,Nous faisons ce que nous voulons.
fra,Tom était un junkie.
spa,¿Cuándo viniste a Japón?
eng,I just said what I would've done if I had been you.
eng,When was the last time you had to deal with this kind of problem?
eng,Is it all right to eat out tonight?
ita,Tom sta giocando al piano di sopra.
eng,Tom is going to do that next spring.
ita,Non potevano saperlo?
eng,Tom frequently forgets to lock the door.
deu,Ich bin heute Abend bei meinem Chef eingeladen.
spa,Vi muchos pájaros volando en dirección al sur.
spa,La distancia entre las estrellas se mide en años luz.
deu,Es bläst der Wind.
spa,Al final él cedió a la petición de su mujer y compró una casa.
fra,Les notes de Sami ont chuté.
eng,Tom moved to Boston when he was thirteen.
eng,This is a stick-up! Stay calm and nothing will happen to you!
fra,Je suis contente que vous alliez à nouveau bien.
spa,No sé por qué necesitamos hacerlo.
eng,Yanni promised Skura that.
fra,Il mangera vos citrons.
eng,The cat squeezes through under the fence.
ita,Perché non sei andato con Tom?
spa,Ellos usurparon los restos de una civilización extraviada de la historia.
ita,Tom guida un motorino.
deu,"Nachdem er die Nachrichten hörte, hastete er aus dem Haus."
fra,Je veux que vous compreniez ceci.
spa,Hay muchos árboles en el parque.
deu,"Was ein Mensch erfinden kann, kann ein anderer entdecken."
spa,¿A qué hora saldrá el taxi para el aeropuerto?
deu,Haben Sie später Zeit?
deu,Es ist weit von hier.
ita,Non vai a costruire sinagoghe in Cile?
spa,Incluso Tom sabe eso.
eng,I care about your feelings.
deu,"Du weißt, warum ich hier bin, oder?"
deu,Das kleine Mädchen folgte dem weißen Kaninchen.
eng,Tom handed the pencil to Mary.
fra,Il maintenait qu'il était innocent.
deu,Es gibt zwei Kühe im Dorf.
ita,Voi avete tradito il vostro paese.
eng,Do you believe this to be true?
deu,Ein Welpe lief mir schwanzwedelnd hinterher.
deu,Meine Katze mag meine Tastatur.
ita,Mary è rimasta ferita in un incidente stradale.
deu,Wir müssen es heute tun.
fra,Tu es suffisant.
eng,I should've phoned Tom before I went over to visit him.
eng,This is the last letter that Tom sent me.
deu,"Schwimme nicht gegen und nicht mit dem Strom – schwimme dorthin, wohin du musst!"
deu,"Wer andern eine Grube gräbt, fällt selbst hinein."
ita,Non ci permetterà di aiutarlo.
deu,Tom strich die Wand weiß.
spa,¿Son velas estas?
deu,Diese Tiere ernähren sich von Gras.
ita,Tom ha mangiato davvero una rana?
fra,Il manque de bravoure.
spa,"Lo lamento, pero no me va a dar tiempo."
ita,"Sono i soldi, che vi servono?"
fra,Bush n’est pas un ami d’Al-Qaïda.
ita,Perché dovrei temere la morte?
fra,Il avait de profondes sautes d'humeur.
deu,"Er ist ausgegangen, ohne einen Hut aufzuhaben."
ita,Io non posso imitare Ken in presenza dell'insegnante.
ita,Per fortuna non è per tutti così.
eng,Tom said that he doesn't plan on doing that here.
deu,Sie können reinkommen.
ita,Pensava che io fossi sarcastico.
eng,She works in the Red Cross Hospital.
ita,Ma sei bellissima!
deu,"Tom befürchtete, soeben den schlimmsten Fehler seines Lebens begangen zu haben."
deu,"Als wir heirateten, waren seine Eltern bereits tot."
deu,"Maria will wissen, ob sie das Buch behalten kann, das du ihr geschickt hast."
ita,Non voglio lasciare Tom da solo.
deu,Sage das noch einmal.
spa,Él estaba ocupado con los preparativos del viaje.
deu,"Wenn die Menschen aufhören, an die Götter zu glauben, dann wird die Religion zur Mythologie."
deu,Ich fühlte mich sehr vernachlässigt.
deu,Der erste Schnee ist gefallen.
fra,Je bois du jus de pomme.
deu,Ich gehe jetzt nach Boston zu einer Konferenz.
fra,C'est certainement lui le meilleur pour ce poste là.
deu,"Sag Tom, warum du weinst!"
ita,Tom sta sempre ridendo.
eng,Phoenician and Hebrew are very closely related.
spa,¿Cómo amar a alguien que me ha hecho mucho daño?
ita,Lei mi spaventa.
eng,Yanni felt like he deserved a higher place.
spa,No sale agua del grifo.
spa,El amor pasa por el estómago.
ita,Cosa mi è successo?
fra,J'en ai essayé une.
spa,¿A qué hora crees que llegará Tom a casa?
ita,Non ti puoi lamentare.
fra,Pourquoi avez-vous voulu revenir ici ?
spa,No dejes tus gafas sobre la mesa.
fra,Marque les mots que tu n'arrives pas à comprendre.
ita,Volete andare giù dallo scivolo?
fra,Donne ce livre à Ramu.
ita,Non si sa mai quando succederà.
deu,Wir glauben ihnen.
deu,Warum bist du ins Restaurant gegangen?
eng,What a wonderful slogan!
eng,I didn't expect a surprise party.
ita,Ziri ha un pappagallo.
spa,Hay muchos mensajes ocultos en los cuadros de Leonardo Da Vinci.
spa,Los músculos están conformados por cientos de delgadas fibras.
fra,Avons-nous le droit de nous taire face une telle situation ?
deu,Ich habe einen stechenden Schmerz im Magen!
fra,Il y avait un store au-dessus du trottoir.
ita,È stata molto gentile con me.
deu,Der Zug hielt in Baltimore.
eng,It's a dream come true.
spa,Me sorprendí.
spa,Me respondió con una sonrisa.
deu,Tom erkennt den Großen Wagen und den Orion.
deu,Es ist besetzt.
eng,"Unfortunately, that's not going to happen."
ita,Tom sta digiunando.
ita,Sono qui per affari ufficiali.
spa,¿Qué crees que deberíamos hacer?
deu,Gehen Sie wieder an die Arbeit.
eng,I made smoothies with berries.
eng,You can practice speaking in English with me.
ita,Farò una chiacchierata con Tom.
eng,"Ziri's balloon floated across the room, catching everyone's attention."
deu,Sein Verhältnis zu seinem Vater war sehr gespannt und von Entfremdung geprägt.
spa,Esta música fue compuesta por Bach.
spa,Es para un amigo mío.
fra,Ceux-ci sont ceux de Tom et Marie.
fra,Je ne me fie strictement à personne.
deu,"Ach, erschlag sie nicht: die Fliege, die da Hände, die da Füße reibt."
fra,Bof ! Ne me dis pas ça !
deu,Sie versuchte ihn aufzuheitern.
deu,Er ist so freundlich wie eine Gefängnistür.
deu,Urteile nicht zu streng über ihn!
spa,No leo los periódicos.
eng,Tom expected me to pay for everything.
ita,Ha pile di libri.
eng,Her eyes lit up with admiration for his wisdom.
eng,Tom still doesn't know how to do that.
deu,Vor drei Tagen hat es geweht.
ita,"Del tè nero, per piacere."
fra,C'est un grand miracle qui s'est produit là-bas.
spa,Ella llevaba puesta una blusa roja.
ita,Andiamo a fare nuove conoscenze in Galles.
deu,Die Flucht war nicht weniger als ein Wunder.
fra,Tu es très vive.
eng,Sami used steroids.
deu,Ich bin in Moskau geboren und aufgewachsen.
fra,Maria prend des cours de piano une fois par semaine.
spa,Reparó mi paraguas.
deu,"Tom, du bist diese Woche fürs Staubwischen zuständig; Maria, du fürs Fegen; ich für den Abwasch."
fra,Marie dissimula ses yeux rougis derrière ses lunettes de soleil.
eng,Tom needs to decide what to do.
deu,Das neue iPhone von Apple hat keinen Kopfhöreranschluss.
spa,Siempre he querido intentar aprender francés.
fra,Un docteur m'a dit que manger des œufs était mauvais pour ma santé.
eng,Rodrigo immediately asserted his dominance in the cell.
eng,That isn't the only reason I'm doing that.
spa,María estaba fumando.
deu,Ich habe aber auch dich sehr geliebt.
deu,Ich habe das selbst geschrieben.
eng,I don't see what's so amusing.
fra,Allons les saluer !
spa,¿Quién ha escrito estas cartas?
spa,"Por desgracia, no puedo ir."
fra,Je n'y suis pas en odeur de sainteté.
eng,Tom has relatives in Boston.
deu,In Oslo will man den Autoverkehr bis 2030 um 30 % reduzieren.
eng,Flavio didn't seem like a university student at all.
ita,Tom sapeva che non avrebbe potuto farci niente.
eng,The neighbors ran towards the sound.
eng,Tom is in my office.
fra,Rejouez cette chanson !
ita,Che cos'è questa bandiera?
ita,Finalmente trovammo la chiave.
eng,I think that I could've done that.
spa,Tiene una agendita con más de 20 números de teléfono de follamigas.
ita,Ciò che Tom ha trovato era scioccante.
eng,The rest was my fault.
spa,Está acostumbrado a estar siempre con problemas. Así le va.
spa,No quiero ver a Tom.
spa,¡Hay que llamar al control de plagas!
fra,Aujourd'hui est le premier jour du reste de votre vie.
ita,Lei ha già finito il lavoro.
fra,Personne n'achètera ce truc.
fra,Le médecin a dit que je suis inapte au travail.
ita,Lasciale provare.
ita,Devo dire che mi aspettavo peggio.
deu,"Tom ist ein alter Mann, der immer schöne junge Frauen um sich hat, die ihn bewundern."
ita,Un altro passo e saresti caduto dalle scale.
fra,Je ne comptais pas que tu te montrerais ici.
spa,Hay muchas sociedades comerciales en Nueva York.
spa,Él vive con su madre.
deu,So hat er es wörtlich gesagt.
fra,Connais-tu quelqu'un sachant parler français ?
ita,Abbiamo l'appartamento pieno di scarafaggi.
spa,¿Has tenido alguna vez alguna complicación en anteriores embarazos?
fra,Le dentiste m'a donné des pilules pour mon mal de dents.
deu,"Nächste Woche zahle ich euch das Geld, das ich euch schulde, zurück."
spa,¿Por dónde se irán a su casa?
fra,Est-ce que tu voudrais un verre de jus d'orange avec ton petit-déjeuner ?
fra,Je suis toujours heureux.
deu,Dafür bezahle ich Sie.
eng,Tom apologized for the inconvenience he had caused.
spa,Íñigo me lo recomendó ayer.
ita,Mary ha detto che le fa piacere che avete vinto.
eng,I didn't say you could use my phone.
deu,"Zählt das, was ich will?"
fra,"Parmi les animaux, il y en a qui se nourissent de viande, comme les lions."
ita,Il problema più importante che abbiamo di fronte è il denaro.
ita,Sospetto che stia celando delle informazioni.
spa,Te he juzgado mal.
fra,Pourquoi n'as-tu pas mangé la carde qu'il t'a servi ?
ita,Non vanno a cercare qualcuno in Brasile.
deu,"Hat die Maus einmal den Speck gekostet, so kommt sie wieder."
spa,Tom lo pagó con tarjeta de crédito.
spa,El Corán es el libro sagrado del Islam.
fra,Ma grand-mère a les cheveux gris.
ita,Ha infilato la matita dietro l'orecchio.
ita,Io sono ancora sposato con Tom.
deu,Tom war bereits dahintergekommen.
deu,"Glauben Sie, dass Tom glücklich ist?"
deu,Ich mache mir Sorgen um das Kind.
fra,Ils se sont trompés d'avion.
ita,La gente mi ha resa così.
fra,"En été, les jours sont plus longs qu'en hiver."
ita,Ziri può prendersi cura della figlia di Rima.
fra,Je trouve ses opinions étranges mais intéressantes.
spa,Vamos juntos a la escuela.
spa,Esta camisa es de talla regular.
spa,Reserva tu fuerza.
spa,El equipo azul estaba en franca desventaja frente al rojo y al amarillo.
fra,Tom a abandonné sa famille.
ita,Ciò è così frustrante.
fra,Amène quelque chose à boire.
eng,"In Japan, school starts in April."
spa,Traeré de inmediato la cuenta.
eng,It wasn't me. It was the cat.
fra,"À l'évidence, Thomas a besoin d'aide."
eng,I didn't tell you because I thought that you weren't interested.
fra,Elles se sont assurées que personne ne pouvait les voir.
eng,I wasn't at that meeting.
deu,Sie ist nicht in der Stadt.
ita,Sono a favore di quella.
ita,Tom è molto scettico.
fra,Pépère fait appel de la décision du Programme ontarien de soutien aux personnes handicapées.
deu,Wir haben um zwei Uhr ein spätes Mittagessen gegessen.
deu,Ich brauche eine kalte Dusche.
deu,Wir diskutierten das letzte Woche.
ita,Forse rinuncerò presto e andrò a farmi un sonnellino.
fra,Je suis de mauvais poil.
deu,Tom und Maria gaben sich gegenseitig die Schuld.
spa,Tom y María también estaban en el auto.
ita,Penso che Tom abbia più di trent'anni.
fra,"Pour une raison que j'ignore, je me sens plus vivant la nuit."
eng,Are you Tom and Mary by any chance?
fra,Il semblait mincir de jour en jour.
fra,Les loups chassent en meute.
ita,Ho il passaporto mongolo.
ita,Che ne dici di un po' di pizza?
spa,Las raíces del árbol se extendieron profundo dentro de la tierra.
spa,¿Quién va ir a comprar pizza turca?
deu,"Von einem gewissen Alter an bedauert man nur noch die Sünden, die man nicht mehr begehen kann."
spa,Nada es más bello que ser joven y amar; y nada trae más dolor.
eng,She pushes her ideas to new heights.
fra,Je me répète souvent à moi-même de rester zen et de bien garder mes nerfs sous contrôle.
deu,Er hat als Erster die Besteigung des Fuji im Winter gemeistert.
spa,Busqué mi linterna a tientas por los alrededores en la oscuridad.
eng,I wanted to fuck you in the ass.
ita,Dove li ha sciacquati?
deu,Meine Sonnenbrille ist kaputt.
deu,Er hat mich nicht geküsst.
fra,"J’ai découvert un documentaire sur les traditions théâtrales asiatiques, c’était fascinant."
fra,Le but du jeu est d'essayer de le casser.
ita,Non hanno il passaporto tedesco.
ita,Ho chiuso la porta.
eng,This is secret between you and me.
fra,Sa sœur semble jeune.
spa,El que se case con mi hija se convertirá en mi yerno.
ita,Il tuo vestito e molto bello. Quanto lo hai pagato?
fra,Qu'est-ce qu'ils vont faire à Tom?
spa,¿Por qué no te quedaste con Tom?
deu,Sehr viele Schauspieler stehen lieber auf der Theaterbühne als vor der Kamera.
ita,La manderà via e-mail?
ita,Sai perché a Tom non piace Mary?
fra,Il y a des vertus qu'on ne peut exercer que quand on est riche.
eng,Tom's parents were a wizard and a witch.
spa,Tom sabía que Mary estaba sufriendo.
eng,Your TV's volume is too low; I can't hear anything.
deu,Ich arbeite nicht mehr. Jetzt studiere ich nur noch.
ita,Stanno a guardare?
fra,Voulez-vous le toucher ?
spa,El agua filtraba porque había un agujero en la tubería.
spa,Mis padres no me dejarían salir con muchachos.
fra,"Hier, j'ai rêvé que tout était mots."
ita,Non era così difficile il nesso.
spa,Ojalá fuera más alto.
eng,Bob said that Moses wrote about him.
deu,Die Sonne ist präsent.
eng,"Don't you trust me? ""Not really."""
deu,Vergiss dein Geld nicht!
fra,Dans trois jours se dérouleront nos noces.
spa,¡Crean en la ciencia!
deu,Ich halte Sie für den für diesen Vorfall Verantwortlichen.
deu,Tom wird warten.
fra,C'est le premier film de ce réalisateur.
ita,Vado a costruire ponti in Etiopia.
ita,E se avesse validi motivi per darci contro?
fra,"Je suis désolée d'avoir été dans l'incapacité d'être là pour toi, comme j'aurais dû l'être."
eng,His surprise seemed to be feigned.
fra,Hier elle était à moitié soûle.
spa,Falta un calcetín.
spa,No quiero hablar de la escuela.
fra,Ils le firent devant le personnel.
deu,Sie möchte ihn nicht heiraten.
deu,"Wenn du eine angenehme Halbinsel suchst, siehst du dich um."
ita,"Siamo arrivati in città, dove siamo restati per una settimana."
eng,I don't normally dance.
eng,This product isn't commercially available in Algeria.
spa,El entrenador de mi equipo es rumano y se llama Antenor.
ita,Come si chiama il tuo gatto?
ita,Perché sembra burbero?
ita,Ammetto d'esser stato negligente.
deu,Wir haben Tom vergeben.
ita,Tu abiti a Kyoto.
spa,traedla a nosotros.
fra,Je comprends la phrase mais je ne suis pas en mesure de la traduire.
eng,My telephone number is 9876-5432.
deu,Alles unterliegt den Gesetzen der Natur.
ita,"Non mettere il carro davanti ai buoi, anche se l’impazienza prende il sopravvento."
spa,¿Quieres ir a la piscina conmigo mañana?
spa,Voy a deshacerme de él.
deu,Unternehmt ihr einen Schulausflug?
eng,Look at those guys prancing about on stage!
spa,"Buenas noches, papá."
deu,"Liisa benahm sich, als wäre sie von allen guten Geistern verlassen."
fra,"C'est vrai, elle est d'une rare beauté."
deu,"Mit der Brechstange kommt man am besten ans Ziel, meint Tom."
spa,Somos una familia.
eng,The doctor has taken a swab from the mucous membrane.
ita,Amo veramente allenarmi.
eng,She asked me how old I was.
eng,Those birds build their nests in the summer and fly to the south in the winter.
spa,Son profesores.
fra,Je passerai le prendre plus tard.
fra,Pourquoi as-tu désobéi à mon ordre ?
deu,"„Hier stehen die Initialen von irgendjemandem.“ – „Warum denkst du, dass das Initialen sind?“"
eng,Mary may go with you if she wants.
fra,Ce chien est plein de tiques.
eng,I've seen it many times.
deu,Der Hof ist mit Unkräutern überwuchert.
eng,I think that Tom is rich.
ita,Mary è nella sua tenda.
eng,It's never good.
ita,Andate a fare amicizie in Nuova Zelanda?
deu,Uff! Es war aber auch Zeit!
fra,« Lisez-vous un livre ? » « Oui. »
fra,Ce qu'on a pu se bidonner !
deu,"Was geschah, war außerhalb meiner Kontrolle."
ita,"Via, confessate: dove avete messo il gatto?"
deu,Das sind drei und ein halbes Kilogramm Butter.
deu,"Sie können so viel essen und trinken, wie Sie wollen."
eng,"Despite the terror warnings, I am not the slightest bit afraid of walking through crowded places."
deu,"Wenn du unaufmerksam fährst, wirst du die Abzweigung verpassen."
fra,Il est remis sur pied.
deu,Diese Dose ist aus Porzellan und wunderschön bedruckt.
spa,¿Te has asegurado de que la puerta esté cerrada?
ita,Quella è l'ultima cosa che voglio.
deu,"Ist es notwendig, dass ich dort hingehe?"
spa,Las verduras no pueden hablar.
eng,Tom is a really cool guy.
eng,Is there anything I can do for you now?
ita,Il vostro lavoro è fantastico.
fra,Sa femme se rend avec lui où qu'il aille.
fra,Vraisemblablement.
deu,Viel Spaß beim Lernen!
deu,In welche Richtung waren sie unterwegs?
eng,Are we prepared for space travel?
eng,Ziri is staying here forever.
spa,Ella solucionó el acertijo con facilidad.
spa,Voy un poco tarde a la escuela.
deu,Die Welt wäre einsam ohne dich.
deu,Tom stellte seinen Koffer neben Marias.
ita,Andiamo in vacanza in Uruguay?
spa,Estoy bastante complacido contigo.
eng,Chapeau!
spa,Toshio puede hablar muy bien inglés.
deu,Ich habe nie mit ihm über dieses Thema gesprochen.
deu,Wann haben Sie Ihre Handschuhe verloren?
deu,Er musste die Stadt verlassen und nach Berlin ziehen.
deu,Wer ist dieser alte Mann?
ita,E anche questo esame è andato!
ita,Ti ho detto di indossare un cappello.
ita,"Dove andranno fra un mese? ""In Nuova Zelanda."""
deu,Ich gieme.
eng,I don't think Tom knows what he has to buy.
eng,How nice to be in Australia again!
fra,Il est passé par au-dessus.
eng,There's a very good chance that Tom will be late.
spa,La norma es ser bilingüe.
ita,Tom potrebbe essere infelice.
spa,Se la has dado.
fra,Quelqu'un ici a-t-il un tire-bouchon ?
fra,Combien de béliers y a-t-il dans le troupeau ?
deu,"Es fällt Tom schwer, sich Namen zu merken."
fra,J'ai une excellente mémoire visuelle.
eng,There'll be ample.
deu,"Das ist mein Mann, dem dieser Löwe hier folgen wird."
spa,"El hombre joven que no ha llorado es un salvaje; el viejo que no se ríe, un idiota."
eng,Rima and Skura kept talking.
deu,Vilnius ist Litauens Hauptstadt.
fra,John s'est souvenu de son perroquet.
spa,Nunca apresaron al incendiario.
fra,Personne n'aime les vantards.
deu,Er kann sich nicht anders fortbewegen.
deu,"Es ist gut, so viele Kanji wie möglich zu schreiben und zu üben."
spa,El experimento fracasó a causa de algunos defectos menores.
fra,Elle n'a rien dans le pantalon.
spa,¿Piensas que eso es una pista?
deu,"Ich weiß nicht, was passiert sein könnte."
deu,"Wir wollen nicht gehen, wir bleiben hier."
ita,Non lo chiuda!
spa,Tom reservó un asiento.
eng,Tom has a guitar that was made in Korea.
ita,Mi ricordo volentieri della mia infanzia.
eng,Luck smiles upon those whom Justice lets slip.
deu,Was sprichst du öfter? Französisch oder Englisch?
spa,No hay que meter a Tom en esto.
fra,Je me réfère souvent au dictionnaire.
ita,Ha spesso la nausea?
spa,No es perfecto.
deu,Halte diese Plätze für Senioren frei!
spa,Mi mamá nunca me enseñó a lavar la ropa.
eng,I know Tom is a member.
spa,"Por favor, no me eviten por tener este don."
eng,I'll deal with you both later.
ita,Sono pronto a esplorare nuove opportunità nella mia vita.
fra,Il a fait semblant de ne pas avoir entendu.
eng,The water was hot.
eng,How do you plan on hiding this?
spa,"Hace calor aquí dentro, ¿verdad?"
eng,Tom and Mary asked John to tell them about the house he'd lived in when he was a child.
ita,Tom è stato in grado di superare l'esame.
spa,Eso fue una insensatez de Tom.
deu,"Als sie den Abhang hinabfuhr, quietschte ihr altes Fahrrad."
deu,"Gib nicht mehr aus, als du mußt!"
ita,Non andiamo a fare affari in Danimarca.
deu,Fang noch einmal an.
fra,Il perdit une fortune sur le marché des actions.
deu,Samurai lebten nach einem Ehrenkodex.
ita,Hanno riaperto le piste da sci.
fra,Tom a cru Marie.
eng,He says mosquitoes don't bother him.
ita,Che idea!
spa,Él se quedó sentado ahí por horas.
eng,The party's on Tuesday.
eng,Mary promised that she would help us.
deu,"Sie kosten viel, taugen aber wenig."
ita,Non avete di meglio da fare.
deu,Ich schaffe das nicht ohne Tom.
deu,Die Gesellschaft hat mich für tot erklärt.
fra,C'est une fleur ?
ita,La voce di Tom era calma.
spa,Dile a esas personas que se aparten para que el helicóptero pueda aterrizar.
spa,Camino de clase se encontró con su cuñada.
spa,El perro de mi vecino ladra.
fra,Oh ! je ne me fais pas d’illusion !
spa,Él está mintiendo.
eng,They don't wish to cause themselves problems.
ita,La manifestazione comincia alle quattro del mattino.
eng,I really respect his teaching skills.
deu,"Sie dürfen mich, wann immer es Ihnen beliebt, mit einem Besuch beehren."
eng,I know Tom is a junior in high school.
fra,Comment as-tu su que Tom me plaît ?
deu,Ich werde das Thema hier erledigen.
eng,I don't keep a diary.
spa,Sé que te debo dinero.
fra,Je ne peux pas te dire ce qui est arrivé.
deu,"Er sagte, dass er dankbar sei."
deu,"Maria sagte Tom, dass sie glaube, dass Johannes allein sei."
ita,Ecco il lavoro!
eng,Tom wrinkled his brow like he was displeased.
ita,"Quando siamo arrivati, la lezione era già iniziata."
eng,Yanni says it's complicated to travel in Japan.
eng,Tom thought that Mary didn't want to do that.
eng,Charles is a French citizen.
ita,Vai a fare nuove conoscenze in Siria.
spa,En mi compañía también hay un número de trabajadores extranjeros.
deu,Saht ihr den Bär?
ita,Sei mai stata in Cina?
deu,Bring nächstes Mal auch all deine Freunde mit!
fra,J'ai passé trois années de ma vie à Fourmies.
fra,Il viendra le jour ou nous le regretterons.
ita,"Apri il pacco, per piacere."
fra,J'ai couru vers les pèlerins.
deu,Ich gehe dir einen Arzt holen.
eng,Is everything okay at the office?
ita,Mi piacciono veramente le mie compagne di squadra.
eng,Mennad feels so much better now.
deu,Ich unterstütze dich.
ita,Gli darò il messaggio.
fra,Dégagez !
fra,Je peux sentir les battements de ton cœur.
spa,Estoy esperando a mi amiga.
ita,Parla italiano in maniera fluida e corretta.
eng,Which car is the most beautiful in this race?
deu,"Glaubt Tom, dass ich helfen kann?"
spa,¿Es esa una opinión personal?
eng,You're lazy.
spa,El norte de México se parece a las películas animadas de vaqueros.
ita,"Spegnereste la TV, per piacere?"
deu,Mein Zimmer ist so groß wie Ihrs.
ita,"Di che nazionalità erano le sue alunne? ""Scozzese."""
ita,Conosco mia figlia meglio di chiunque altro.
eng,They're rich.
fra,Je le pense du fond du cœur.
eng,Autistics are just a different type of person.
ita,Non ha ballato con lui.
spa,Desembarcamos enseguida.
spa,Este arroz está demasiado seco.
spa,Tom llegó a la mitad de la oración cuando murió.
spa,Estella y yo nos vamos a dar un paseo.
ita,Perché Tom vuole parlare con me?
ita,Vuole prenotare un viaggio per Malta?
fra,Vous avez été occupé.
eng,Tom didn't know why Mary wouldn't do what he asked her to do.
fra,J'essaie de comprendre comment ça marche.
spa,¿Cuántos días tiene un año bisiesto?
eng,Did someone shoot at us?
deu,Hier spricht der Pilot.
eng,Tom holds a monopoly over all the toilet paper rolls.
eng,The sun was shining like gold.
fra,Nous avons alerté la police.
eng,I'll tell you what I know about Effie's history.
fra,Tu as peur que je fasse une bêtise.
fra,Aimes-tu les chats aussi ?
deu,Moderne Katzen essen keine Ratten.
spa,A Tom le gusta tomar cerveza.
deu,"Durch ein Teleskop betrachtet, bietet der Saturn einen der schönsten Anblicke des Nachthimmels."
fra,Cette nouvelle est trop belle pour être vraie.
eng,Tom's body was consumed by the flames.
deu,"Es beruhigt, wenn die Natur auf einen wirkt."
eng,My new car will arrive here next week.
fra,Il y a une chose au monde qui coûte plus cher que l'éducation : l'absence d'éducation.
spa,Están sentados en la cocina tomando té.
ita,Rimase a lungo sul binario e seguì con lo sguardo il treno in partenza.
spa,El talento de Tom es innato.
spa,¿Qué bebida contiene cafeína?
spa,¿Tienes algún bocadillo?
fra,La fenêtre est ouverte.
eng,Tom is getting a little fussy.
fra,"Partons, dans un baiser, pour un monde inconnu."
spa,Tom no sabía que Mary había decidido renunciar a su trabajo.
deu,"Sag Tom, dass er mein Fahrrad haben kann, wenn er will."
ita,Nevica molto d'inverno?
deu,"Sie hat ihn nicht nur ausgelacht, sondern auch noch rausgeworfen."
ita,"Ho comprato una poltrona, ma non so ancora dove la metterò."
fra,La boîte fut écrasée lors du transport et le contenu s'éparpilla.
spa,Estoy sudado.
deu,Ich nehme diese Woche Urlaub.
ita,Questi sono capelli.
ita,Che ne dite di aggiungere un po' di salsa Worcestershire?
ita,"State uscendo con qualcuno, vero?"
deu,Es ist ein komplexes Problem.
fra,J'ai laissé ma place propre.
ita,Lui guadagna 30.000 yen al mese.
spa,Puede que mañana no esté aquí.
deu,"Haben Sie auch Essen für Menschen, die keine Tiere essen möchten?"
fra,Je crois à ce qu'il dit.
deu,Ich bin Witwe.
deu,"Deine Würden darfst du vergessen, deine Würde nie."
deu,Sie haben die Kommentare gelöscht.
deu,Du solltest mal endlich Wörter lernen.
eng,"I'm not a ghost-writer, I'm the ghost of a deceased writer."
spa,Vi a Papá Noel besando a mamá.
fra,J'en suis capable.
spa,Tom se comió la ensalada de Miri.
spa,Recuerdo aquella casa tropical con la piscina abandonada llena de renacuajos.
deu,Ich kann Englisch.
ita,Hai il passaporto saudita?
deu,"Meine Hand ist so kalt, dass ich sie nicht mehr fühle."
eng,My team is great.
ita,So come fare.
spa,¿No habéis visto al médico?
ita,Ora il dato è ufficiale.
deu,"Wir brauchen mehr Arbeitsplätze, nicht mehr Druckmittel gegen Arbeitslose."
spa,No creo que la casa sea tan grande como nos esperábamos.
deu,Ich erinnere mich oft an meine Großmutter.
deu,Tom beklagt sich kaum jemals über etwas.
spa,El congreso de España está lleno de traidores a la patria.
spa,Ayer tuve que quedarme en casa todo el día para cuidar de mi madre.
spa,"Debo tener mucho cuidado, Tom."
ita,Perché si nasconde?
spa,"Aquí tienen su dinero, niños."
spa,Ella no es mi tía.
deu,Warum gratuliert mir niemand?
deu,Warum bist du so nett zu mir?
eng,"When I woke up this morning, it was raining hard."
eng,Tom said that he's tempted to do that.
spa,"Por cierto, ¿cuántos años tienes?"
eng,There's no water in the well.
deu,Er erhob sich und ging an die Bar.
spa,Los cochecitos no están hechos para llevar a niños grandes.
fra,Mon perroquet est mort hier.
ita,Devo consigliarlo al mio autista.
ita,L'ho riconosciuto dal modo in cui cammina.
deu,"Wie findet ihr den Eintopf, den Tom gekocht hat?"
deu,Kann man hier sein Gepäck aufgeben?
ita,La gente è leggermente incazzata.
fra,Layla a travaillé pendant de longues heures.
deu,"Ich weiß, wie ungern Sie das tun."
spa,Puedo compartir.
deu,"Wer Gastfreundschaft übt, bewirtet Gott selbst."
ita,Questo ci permetterà di evitare molti problemi.
deu,Hat Tom angerufen?
ita,Trasferiscili.
fra,Mon grand frère est un fan de football très enthousiaste.
eng,We're going to eat dinner afterwards.
fra,Nous sommes tous impatients de connaître la vérité.
fra,Il a choisi d'être avocat dans la vie.
ita,Andiamo a costruire sinagoghe in Turchia.
spa,Quien juega con cristal se acaba cortando.
deu,Wir müssen es jetzt tun.
deu,Offensichtlich sind wir zwei uns sehr ähnlich.
spa,No importa lo que él dijo.
deu,"Ich kann nicht einmal Englisch, von Spanisch ganz zu schweigen."
deu,Wegen des dichten Nebels wurde das Gebäude unsichtbar.
fra,Déshabille-toi !
ita,Non ti reputo affidabile.
eng,Tell Tom that I'm sick.
deu,Er hat den ganzen Tag gearbeitet.
deu,"Alle stimmten zu, dass das die richtige Entscheidung war."
deu,"Ich meine, dass sie sich scheiden lassen wird."
ita,Ti ricorderemo sempre con il sorriso!
fra,Il n'y a pas d'olives cette année.
eng,Tom is back from the gym.
spa,Tengo cien manzanas.
deu,Die Schwingung klang langsam aus.
fra,Tom est un chanteur bien connu.
ita,Insegnatemi judo.
ita,Andate in banca domani?
spa,Mi vecino ha estado bebiendo otra vez.
eng,Tom loves pansies.
eng,We found a dead dog in the barn.
fra,Arrête de procrastiner.
ita,Ricorda quello che mi ha detto prima?
deu,Bald ist schon wieder Weihnachten.
deu,Heute muss er nicht ins Institut fahren.
ita,Noi non abbiamo visto nessuno.
deu,Er verbesserte das Gerät.
spa,Por favor deja de reír.
ita,Dimmi come va.
eng,I reacted on instinct.
spa,Creo que usted la conoce.
eng,I spilled coffee all over my shirt.
spa,Ellos me odian.
fra,Il y a de l'animosité entre eux.
ita,Allora dove vado?
fra,Je devrais peut-être revenir une autre fois.
deu,Die können gut miteinander.
eng,I have just heard from Tom.
fra,Je ne rougis pas !
ita,Mi ha fatto vendere il cane.
deu,"Alle sahen Tom an, als ob er seinen Verstand verloren hätte."
deu,"Es ist schade, dass ich nicht abnehmen muss."
fra,Peux-tu m'envoyer un acte de naissance ?
deu,Kein Ausgang!
deu,"Ich glaube nicht, dass das passieren kann."
fra,Elle décida de l'épouser.
spa,Te toca cantar.
eng,She isn't tired.
deu,Es war einfach mit Tom zu sprechen.
eng,Mary looked beautiful last night.
ita,Tom sta bevendo birra?
deu,Tom nahm Maria nicht allzu ernst.
eng,I have nothing else to say.
fra,Pourquoi ne m'as-tu pas dit ça tout de suite ?
eng,"Meanwhile, the foolish uncle was sitting in the living room."
eng,Ziri paid a corrupt cop to cut Rima's phone line off.
fra,Sami n'est pas marié avec Layla.
fra,Y a-t-il quelque chose de particulier que tu veuilles regarder ?
fra,Mon chat va tout seul chez le vétérinaire.
deu,Ihr müsst euch um Maria keine Sorgen machen.
fra,Viens rester avec elle.
ita,L'avete preso in prestito?
deu,Ihr möchtet es.
eng,The Islamists want to turn Algeria into a caliphate.
fra,Tu n’as pas la carrure d’une meneuse.
ita,"Che colpa ha la gatta, se la massaia è matta?"
ita,Non va a fare carriera in Belgio?
deu,Thomas spielt Orgel.
ita,Noi non abbiamo niente da dire a Tom.
deu,Wie viele Sätze hast du heute hinzugefügt?
spa,¿Qué has aprendido acerca de Tom hasta ahora?
fra,"En tout cas, je suis content que tu aies pu aborder ce sujet difficile."
eng,I was home alone last night.
ita,Sai almeno cosa sia?
eng,Did you hear Tom scream?
fra,On se passera aisément de vos services.
spa,Voy a perder toda la mañana.
deu,"Damit die Tür nicht quietscht, muss man sie hin und wieder mit Maschinenöl schmieren."
spa,Esto sin duda es una broma pesada.
fra,Ce sont des employées à temps partiel.
deu,Eure Erklärung war sehr leicht zu verstehen.
spa,Ellos se apuntan.
fra,Cette piscine n'est pas destinée à plonger mais à faire des longueurs.
deu,Ich zählte bis drei und sprang dann ins Wasser.
eng,Mary said she thought Tom might want to do that.
ita,È un tennista molto bravo.
spa,Puedes ir a donde te plazca.
ita,È necessario ripetere a voce alta.
fra,Les événements se déroulèrent exactement tel qu'elle le prédit.
spa,"Buenas tardes. Tú eres nuestro nuevo vecino, si no me equivoco."
fra,"Quand il a fui le pays, ce n'était pas pour gagner sa croûte."
eng,How much more money do we need to spend to complete this project?
ita,"Dove andranno in vacanza? ""In Finlandia."""
deu,"Sie ist siebzehn, ich achtzehn."
spa,Mi hermana se parece a mi madre.
eng,I've always tried to do the right thing.
eng,He wishes to be above them.
fra,Les girafes peuvent atteindre des feuilles que d'autres animaux ne peuvent pas.
ita,Devo controllare delle cose.
deu,"Was glaubt ihr, wie lange es dieser Wagen noch macht?"
fra,La souffrance était atroce.
spa,La opinión generalizada no siempre es la más veraz.
deu,Ich wollte dir eine Freude machen.
fra,J'aimerais que vous payiez en avance.
eng,He did not kill her.
deu,Du bist ja kein kleiner Dummkopf!
spa,Afuera está oscureciendo.
eng,"We're not going to make it, Tom."
deu,"Tom und Maria haben keine Ahnung, was Johannes vorhat."
spa,Él es profesor en nuestra escuela.
eng,We won't stop.
spa,Me tomé otro vaso de vino.
deu,"Sie sehen sich an, aber sie reden nicht."
deu,Ich war sehr eifersüchtig.
eng,Tom went straight to bed.
ita,"A causa dell'amore per Mary, Tom ha perso la testa."
fra,Nous ne disposons d'aucun argent.
fra,Sais-tu ce qu'est le millet ?
deu,Wo ist Ihre Zeitung?
spa,Dice que ha comido tortuga.
spa,"¿Quién es? ""Es Jim."""
fra,« Le vase à fleurs est cassé. » « Ça m'est égal. »
ita,"Aah!, sospirò lei."
ita,Yanni ha comprato un libro.
deu,"Das Wiesel versucht, sich die Mäuse zu schnappen."
fra,Je ne suis plus un jeune homme.
deu,Ihr habt es gut erklärt.
fra,Je voudrais une chambre qui donne sur la mer.
ita,Però devi ammettere che imparo in fretta.
ita,Io credo che Tom stia bene.
ita,Ti piace il tuo lavoro?
deu,Habt ihr euer Auto reparieren lassen?
eng,Tom isn't a drug addict.
ita,Il prossimo anno devo dare gli esami di ammissione.
eng,He owns Orlando's largest construction firm.
ita,È più anziana di Tom?
eng,Yanni tried to distract Skura.
eng,They accused him for no reason.
eng,"I didn't want to get married, but my parents really wanted me to, so I got married."
deu,"„Wie kommt ihr denn zu meinem Buch?“ – „Wir haben es uns ausgeborgt, ohne dich zu fragen. Verzeih!“"
eng,The party walked down the mountain.
deu,Habe ich gestern Fisch gegessen?
deu,"Macht nutzt den ab, der sie nicht besitzt."
fra,Décidez vous-même de ce que vous pensez être normal.
fra,Mary eut une vision.
ita,Comincia sempre il re.
eng,Gentlemen! Tomorrow we shall proclaim the Republic.
spa,"Esta herida está infectada, tiene pus."
eng,Tom was sure Mary knew she didn't need to do that.
spa,La semana próxima voy a Chicago.
eng,Please don't walk so fast.
eng,Tom was having all kinds of bad luck.
spa,Ella es más rápida que cualquier otro alumno.
deu,Sind Sie noch immer abergläubisch?
ita,È vergognoso!
spa,Usted tiene bronquitis crónica.
eng,Tom has never had a mustache.
ita,Tom possiede molte proprietà.
spa,"No, en realidad no."
eng,What exactly do you do here?
eng,Tell them it's an emergency.
fra,Il eût préféré le bonheur de lui plaire à la certitude de l’épouser sans en être aimé.
spa,De hecho no lo sabía.
spa,No soy de la India.
spa,Aquel niño me rompió el diccionario.
spa,LÚ.GAL en sumerio significa gobernante o rey.
spa,Mary creía que no debía hacerlo.
fra,Tom est le dindon de la farce.
deu,"Man kann wieder im Freien spielende Kinder sehen, seit sich das mobile Internet verbreitet hat."
deu,Dich hat niemand gefragt.
fra,"Pour vous dire la vérité, cela m'est à présent complètement indifférent."
deu,Wir suchen unsere Eltern.
ita,Vorrei tanto raccontarti delle cose.
fra,"Veuillez écrire la date, et éventuellement l'année."
eng,Baya was wearing a beautiful Egyptian dress.
deu,Darf ich mal meinen Freund in Japan anrufen?
ita,Tu lavi l'automobile.
deu,Könnten Sie noch ein paar Tage bleiben?
spa,Ellas han creado una nueva sociedad a Londres.
deu,Nichts ist ihm unmöglich.
eng,This railing is not as stable as it could be.
deu,Viele der alten Sprichwörter in diesem Buch muten heutzutage seltsam an.
eng,We might have to be in Australia for a week or two.
deu,Sie begleitete ihn.
spa,Protegeremos a Tom.
spa,"Unos cuadros son arte, otros son basura."
fra,Le dialecte est une langue régionale.
eng,Tom and Mary are watching a movie now.
ita,È meglio dove sei?
fra,Ma camarade de classe est très intelligente.
deu,Sein Rücktritt wurde von seinem Vertragspartner angenommen.
deu,Ich habe mir meine Schuhe putzen lassen.
fra,"Ceci est une instruction, pas réellement une phrase descriptive."
spa,Sus gestos desdeñosos no me afectan.
ita,Io non penso di volere andare.
eng,Can I take your word for it?
spa,¡Nunca en la vida!
eng,Ziri drank the wine.
deu,Bitte setzen Sie sich!
deu,Ich mag Elefanten.
spa,"Si no lo comprendéis, os lo aclaro de nuevo."
spa,"Gracias, significa mucho para mí."
deu,Ich hätte diesen Fall ohne Sie nicht lösen können.
ita,Sembra una gran porcata.
eng,They said they wouldn't wait.
deu,Du mußt deinem eigenen Weg folgen.
deu,Tom wollte hin; also ging ich mit.
ita,L'appartamento di Sami sembrava un mattatoio.
ita,È ciò che ho intenzione di fare.
spa,¿Le has invitado?
eng,Thomas has a head for business.
spa,Dimitir del trabajo con un portazo es catárquico pero ¿es lo más adecuado?
eng,Only those who dare to dream change the world.
ita,Noi dobbiamo pensare ai nostri figli e ai nostri nipoti.
spa,Me gustó ese cuaderno.
eng,They have already been here several times.
spa,Tom pidió todo lo que había en el menú.
spa,Tomasa y Mario se lo pasaron pipa en el parque de atracciones.
eng,Yidir lives in Morocco.
spa,Se dieron cuenta del error.
eng,What do you reckon to the wine?
ita,Ha lasciato gli occhiali in macchina.
spa,El Sr. Smith debería haber dicho la verdad.
ita,Era sorpreso quando glielo dissi.
spa,Sólo a mí me despidieron del trabajo.
deu,"Wir müssen Elijah MacCoy zurückgeben, was Elijah MacCoy gehört."
deu,Jetzt verstehe ich dich.
spa,Mi perro le tiene miedo a los truenos.
fra,Tu n'es pas obligée de fournir des explications.
ita,Noi non l'abbiamo ancora vista.
deu,"Ihr Traum ist es, nach Paris zu fahren."
ita,È un peccato che la professoressa lasci la nostra scuola.
eng,All the workers who are lazy must be fired.
ita,Queste scarpe non mi vanno più bene.
eng,He has nothing to do.
spa,Está en un escorzo tan pronunciado que tardé un buen rato en percatarme de lo que era.
spa,¿Te gusta el francés?
spa,La policía aún lo investiga.
deu,Letzte Nacht hat es im Supermarkt gebrannt.
eng,Ivan will allow Rima access to all parts of the property.
spa,Todo funciona tal como Tom lo predijo.
deu,"Willst du, dass wir dir helfen, das zu machen?"
eng,You should show her more respect.
eng,"Where's Tom? ""He didn't make it."""
eng,I thought I could do that without any help.
deu,Viele nehmen Ausländer nicht ernst.
deu,"Wenn Sie jeden Tag laufen, nehmen Sie ab."
spa,Ella es conocida por su sopa.
fra,Ils détestent les femmes.
fra,« Son mariage lui a couté la vie. » « Il ne faut pas exagérer ! »
spa,Vació el recipiente.
ita,Perché ve ne siete andati presto?
spa,Boston Dynamics construyó un robot que incluso puede correr.
ita,Il gatto dormì sul tavolo.
eng,Tom is going to come at 2:30.
ita,Non possiamo lasciarle.
deu,Ihr hättet euch nicht ihr Auto leihen sollen.
fra,Le xylophone est un instrument de musique en bois que l'on frappe avec des baguettes.
eng,She's eating lunch right now.
deu,"Je mehr ich arbeite, desto weniger schlafe ich."
eng,Algeria has better resources.
deu,"War es Leibniz oder Newton, der als erster die Infinitesimalrechnung formulierte?"
ita,"Non siamo una coppia, ma passo praticamente tutto il mio tempo con lui."
deu,"Ich glaube, Tom wird ja sagen."
eng,It isn't too heavy.
spa,Viene aquí prácticamente todos los días.
deu,Alle schauen Tom an.
spa,"Me preguntó por mi edad, nombre, dirección etc."
deu,Er geht in den Park.
fra,"Vous étiez ivres, pas vrai ?"
eng,Layla was a pretty strong political figure in the city.
ita,"È duro, sapete."
spa,La muerte de su amigo drogadicto fue un revulsivo para dejar las drogas.
deu,Sie fährt mit dem Taxi vom Bahnhof nach Hause.
ita,Sa come insegnare le lingue.
eng,Tom's cell phone rang.
deu,Sie waren prinzipienlos.
fra,La fille aînée s'écria soudain : « Je veux des bonbons ! »
deu,"Was ist das schönste Geschenk, das Sie je bekommen haben?"
spa,"Él es un excelente reparador, y siempre ha sido considerado como tal."
eng,They claim that they've never done that.
ita,Fortunatamente arrivò la polizia.
deu,Sie heiratete und bekam Kinder.
ita,Ero troppo timido per fare qualsiasi cosa.
deu,Bei jedem Regen leckt das Dach.
fra,Ce repas est un vrai poison.
deu,Das ist nur eine provisorische Lösung.
deu,"Glaubt ihr, Tom würde mir erlauben, das zu tun?"
ita,La situazione peggiora sempre di più giorno dopo giorno.
deu,"Maria machte gestern einen Adventskranz, und jetzt ist sie dabei, ihn noch etwas aufzuhübschen."
eng,Don't the police have anything better to do?
deu,Die Schule tötet das Kind im Menschen.
ita,Sono filastrocche.
deu,"Tom sah aus, als ob er jeden Moment losheulen würde."
ita,Mary mangiò da sola.
fra,Avez-vous besoin d'exemples ?
ita,Il bambino è scoppiato a piangere.
fra,Vous nous obéirez.
ita,Lo sai che mi piace un sacco.
spa,Estas estructuras óseas son típicamente elefantinas.
eng,I don't think that'll be possible at all.
eng,Rima is teaching Berber next school year.
deu,Sein Einfluss erstreckt sich über das ganze Land.
eng,He wore horn-rimmed glasses.
fra,Tu devrais dire à Tom que tu ne peux pas faire ça.
deu,"Diese Suppe ist wirklich vorzüglich, nicht wahr?"
eng,Tom uses anabolic steroids.
deu,Sie riskiert ihren Job.
fra,J'ai repris le poids que j'avais perdu au cours de l'été.
deu,Aus welchem Grund studierst du Französisch?
deu,Das hat etwas mit diesem Problem zu tun.
deu,"Ich würde gern wissen, was du jetzt siehst."
fra,Les chats aiment les boîtes.
ita,Vai a fare amicizie in Pakistan.
spa,¡Mira los libros que he comprado!
fra,Je commence à comprendre pourquoi.
ita,Il maiale di oggi è il prosciutto di domani.
deu,Er hat mich gestern Nacht zu später Stunde angerufen.
ita,Rilassa la mano.
deu,"Ich begegnete Tom, als er die Treppe herunterkam."
spa,"Según Tom, Mary está enferma."
fra,"Malgré tous mes efforts, je peine à imaginer ce que cette phrase veut dire."
fra,C'est une voisine des plus courtoises.
eng,The new President is well spoken of.
ita,Lui si è dimenticato di tutti gli altri?
spa,¿Me ayudas a encontrar mis llaves?
deu,"Einer meiner Vorzüge ist, dass ich überall schlafen kann, wo auch immer."
eng,Good evening. How are you all?
ita,È finita.
eng,I don't think that we'll do that by ourselves.
fra,C'était un méchant.
deu,Ohne Wasser ist Leben nicht möglich.
deu,"Wir schwammen, bis es finster wurde."
spa,Usaré el vestido azul.
eng,Their house is very modern.
spa,Vi a mis abuelos leyendo las esquelas de ayer.
eng,You're going to be a good father.
spa,Tus zapatos no casan con ese conjunto.
deu,"Nehmen Sie so viele, wie Sie wollen!"
deu,Tom wollte unbedingt sein Auto verkaufen.
eng,Tom is never going to be able to do that without our help.
fra,Elle est prête-plume.
fra,"Je ne peux pas marcher, mais je suis sûr que j'arrive à boiter."
ita,"Di che nazionalità sono le nostre professoresse? ""Estone."""
deu,"Wer redet, macht Politik! Wer handelt, verändert die Welt!"
deu,Wann haben Sie zuletzt ein Faxgerät benutzt?
spa,"En el nombre de Allah, el Clemente, el Misericordioso."
ita,Ciò che è in questa scatola è molto fragile.
spa,Siento como si estuviese entre la espada y la pared.
eng,I was dating Mary at the time.
deu,Was ist denn das für eine blöde Frage?
deu,Wie viele Onkel und Tanten haben Sie?
fra,Je pense que je suis tombé amoureux de toi.
eng,Mary says she's not a member of any club.
spa,Él odia a Nancy.
deu,Warum bist du jetzt so aufgebracht?
eng,"The wedding announcements, did you mail them?"
fra,Depuis ce jour nous n'avons pas mangé d'œufs.
ita,"I due capi di Stato non sono mai stati amici, ma ora si stanno avvicinando."
spa,"Ahora que he perdido peso, quepo en este vestido."
deu,Tom hatte eine Verabredung mit Maria.
spa,Tasira es el nombre de una aldea de Vgayet?
deu,"Tom fürchtet sich nicht, Maria aber schon."
fra,Je pense que Tom a oublié de me le dire.
fra,Nous voulons voir l'enfant.
ita,"Mi ribello alle sue proposte, che non sono per niente adatte al problema."
ita,La recente storia greca insegna?
fra,Elle a salopé le boulot.
eng,I know that Tom will very likely do that.
ita,"Tom è giovane, ma non è innocente."
ita,Sono troppo contenta!
deu,"Bekomme ich einen Rabatt, wenn ich bar bezahle?"
eng,"She's wasting time, isn't she?"
ita,"Gira un po' la lampada, per favore."
fra,La même chose est aussi probable qu'autre chose.
spa,"Ve más rápido, ¡llegaremos tarde!"
fra,Elle m'a frappé à l'épaule.
spa,¿A quién le diste el libro?
deu,Der Bus kann 30 Personen befördern.
eng,"In our opinion, solar panels are a good investment."
spa,La forma más sencilla de ser feliz es ser bueno.
ita,Io ho preso un raffreddore terribile.
eng,What do I have to do to make you believe me?
ita,Lo chiederemo a loro.
eng,Tom said that he wished that he could play the banjo as well as Mary.
eng,I don't have a house in Boston.
deu,Tom steht an diesem Fenster.
fra,"L'emballage était défectueux, il y a deux verres de cassés."
deu,Hast du ein Präservativ benutzt?
fra,Cela m'a émue aux larmes.
deu,"Ich glaube, ich hatte noch nie so viel zu tun."
spa,"Ese abrelatas es una porquería, no vale para nada."
ita,Non sapevo come farlo.
fra,Nous avons mangé du tilapia et du riz.
deu,Lass dieses Vogel-Strauß-Verhalten!
fra,Elles vont vous accompagner.
spa,No sé tocar la flauta.
ita,Io ero piuttosto malata lunedì.
ita,Noi vi abbiamo sempre detto che non vediamo l'ora di ospitarvi!
eng,Soldiers must follow orders.
ita,Mary non voleva che Tom la baciasse.
spa,Nuestro tour en bicicleta por los alpes franceses duró dos semanas.
fra,Il y a cinq personnes dans cette famille.
fra,J'éructais.
deu,"Es wäre mir lieber, wenn du statt meiner hinführest."
deu,"Es wird die Polizei sehr interessieren, dass du Tom im Keller gefangen hältst."
fra,Nous n'avons plus de bière.
eng,I'm Paraguayan.
fra,Peut-on les faire accoupler ?
fra,Sais-tu jouer au tennis ?
ita,Mi ha detto che è timida.
deu,Tom saß allein in der Kantine.
eng,I did this alone.
ita,È cosi carino!
deu,"Tom mag keine Leute, die unpünktlich sind."
ita,Datela a chiunque ne abbia bisogno.
eng,I only hope Tom likes Mozart.
ita,Dove sono le foto?
eng,I can't go to Boston next week.
spa,Ya he dado de comer al perro.
deu,"Wisst ihr, was das bedeutet?"
spa,Tom sabía que esto iba a pasar.
ita,Spazzerò la mia stanza.
fra,Les poissons sont poïkilothermes.
ita,Noi stiamo partendo.
deu,"Wann haben Sie begonnen, Deutsch zu lernen?"
eng,The doctor said to eat in moderation.
fra,Il ne fallut pas longtemps avant que la nouvelle nous parvienne.
ita,Mary mi ha detto che si sentiva bene.
deu,Tom hat starken Husten bekommen. Ich mache mir Sorgen um seine Gesundheit.
fra,Elle lui donna de l'argent aussi bien que de la nourriture.
spa,Yuba bebe un poco de café.
fra,Il ne sait pas cuisiner.
deu,Drei meiner Kinder sind gestorben.
eng,What you're doing is dangerous.
fra,Elle utilise la machine tous les jours.
fra,Le passage de la boue au béton représente une évolution des bidonvilles.
deu,"Hast du wirklich genug Geld, um eine so wertvolle Uhr zu kaufen?"
ita,Qualcuno ha un suggerimento?
fra,Ce fut facile pour eux d'être célèbres partout dans le monde.
ita,Non ti va di andare alla festa?
ita,Non so che fare stasera.
fra,Le beurre dans la boîte a fondu.
deu,Er schläft gerne nackt.
ita,Tom aspetta una lettera.
deu,Langweilige Wiederholung tötet unglückliche Lehrer.
fra,"Vu que j'ai été très occupé hier, je me sens très fatigué ce matin."
eng,Can't we just toss a coin?
eng,Do you want us to call you a taxi?
fra,Les Algériens égorgent leurs moutons le jour de l'aïd devant leurs enfants.
spa,"Si quieres, habla conmigo."
deu,Mancher entfleucht dem Falken und wird vom Sperber gehalten.
spa,Incluso mi hermana habría huido.
eng,The judge declared a mistrial.
deu,"Wer hat dir denn gesagt, dass ich dir helfen würde?"
fra,Je me suis acheté cette machine à popcorn ultrarapide comme cadeau de Noël.
spa,El gallego es casi lo mismo que el portugués.
deu,Du hast recht: dieses Spitzbogenfenster sieht wirklich märchenhaft aus.
ita,Mi devi salvare.
ita,Non vanno a imparare qualcosa in Russia.
ita,Dove potremmo comprare del kebab?
ita,Layla ha protetto Sami.
deu,Wo hast du sie denn hingelegt?
spa,Quería que Tom tuviera una copia de mi nueva novela.
fra,On ne sait jamais de quoi l'avenir sera fait.
deu,Das wichtigste Buch zum Lernen einer Sprache ist natürlich ein Wörterbuch.
deu,Gehen sie aus?
ita,Sami era un amante dei cani.
spa,"Hola, ¿puedo hablar con Mauro? ""Sí, ¿de parte de quién?"""
ita,Io devo andare a comprare un giornale.
spa,Estas pinza son de muy buena calidad.
ita,Non ho mai scalato il Monte Fuji.
eng,There's going to be a major fight when I get home.
eng,It's customary.
deu,Verstecken wir uns!
fra,Il refuse de me rendre mon argent.
spa,No entiendo absolutamente nada.
deu,Ich verleite euch nicht.
ita,Lei si arrabbia per delle sciocchezze.
ita,"Meditate, gente, meditate!"
spa,La película no era tan interesante como el libro.
ita,Ha chiesto una migliore retribuzione.
spa,Sonia hace el papel de zombi en la nueva película casera que estamos filmando.
fra,C'est un sujet intéressant.
fra,Je crains que nous n'arrivions trop tard.
deu,Such es im Kleiderschrank!
eng,I cannot pat this dog. I am afraid it might bite me.
eng,Tom is taking a biology class this semester.
fra,Certains professeurs épluchent des patates en enseignant.
eng,I guess that can be arranged.
deu,Sie lächelt mir immer zu.
fra,Tu t'es gratté.
ita,L'opera era basata su una storia vera.
spa,No hace falta que vayas si no quieres.
spa,No digas guarangadas.
ita,"Di che nazionalità erano i loro alunni? ""Francese."""
eng,I didn't think that Tom would be so interested.
spa,Releer mis propias frases a veces me sorprende mucho.
deu,Sami geht jeden Samstag in diesen Laden.
fra,Tu me conseillais quel chemin ?
ita,Devo studiare francese.
fra,Le serveur versa de l'eau d'une carafe en argent en un geste élégant.
spa,Fueron semillas mis errores.
eng,Tom recovered.
deu,Warum duldest du sein stümperhaftes Tun?
eng,Discussion is based upon mutual respect.
deu,Der Flüchtende eilte zur Grenze.
deu,Die Männer haben ihre Helme aufgesetzt.
eng,I believe in life after death.
ita,Tom deve spiegarmi alcune cose.
deu,Kanntet ihr die Opfer persönlich?
fra,Tout le monde a cané.
spa,Sus esfuerzos dieron frutos.
spa,El gato estaba sobre la mesa.
eng,"Excuse me, where is the metro?"
spa,José es cojo.
fra,Où allons-nous ce soir ?
fra,"Les yeux se fient à eux-mêmes, mais les oreilles se fient à autrui."
fra,Vous n'avez pas pu compter sur elle.
ita,Vado a fare affari in Olanda?
spa,Estoy acostumbrado a perder.
fra,Elle est retournée au Japon.
fra,Un de mes meilleurs amis est canadien.
spa,Mis aficiones no solo son muy diversas sino además útiles.
fra,"Tu peux utiliser ma voiture, à condition d'être prudent au volant."
spa,Sé tu serio y extraordinario problema.
deu,Ich war für drei Jahre im Gefängnis.
ita,Io penso che Tom sia instabile.
ita,Non andiamo a costruire fabbriche in Australia?
fra,Je ne sais pas quand je rentrerai.
deu,"Ich dachte, ich wäre tot und sei ins Paradies gekommen."
ita,Ziri la aiuta.
deu,Ich wollte das gestern mit dir besprechen; du schienst da aber nicht aufnahmebereit zu sein.
eng,I'm pretty sure that Tom and Mary are planning to be here today.
deu,Ich hörte auf zu trommeln.
deu,Wer ist denn das da mit dem Schnauzbart?
ita,La paura del disprezzo mi ha quasi fatto rinunciare a continuare il mio lavoro.
ita,A me piacerebbe sentire la tua opinione.
ita,Carlos si è voltato e ha guardato.
ita,L'astensionismo è inutile?
spa,Hemos llegado a la casa al mismo tiempo.
deu,Wann trefft ihr euch?
eng,Tom Jackson's obituary said that he was born in Boston.
ita,Però voi non siete lì.
eng,Do you think that everyone will find this good?
fra,Il n'est pas pressé d'aller à Adekkar.
deu,"Im Inneren sind wir alle Zyniker und dennoch haben wir die Hoffnung, dass wir uns irren."
eng,Are you sure everything is OK?
eng,I wonder whether or not Tom can do that.
fra,Tom vient de disparaître.
eng,Tom suddenly stopped dead in his tracks.
spa,"De aquí para adelante, hablen solos."
spa,Quédese a este lado de la línea amarilla.
deu,"Ich muss Sie warnen, dieses Spielzeug macht süchtig."
spa,Le gusta sacar fotos.
eng,Tom said Mary may win.
eng,Karl heard another noise.
spa,Hoy os vamos a mostrar algo de nuestro país y os presentaremos a una gente muy interesante.
ita,Non andrà mai via?
fra,Tom n'apprit jamais à faire du vélo.
fra,Je tirais la corde.
eng,Mary doesn't permit her kids to do that.
eng,They brainwashed Silya.
spa,Suele regresar a Tazmalt.
ita,Lavoro otto ore al giorno.
ita,Tom aiutò.
eng,Tom is getting paid to do that.
eng,I seem to have the wrong number.
fra,L'habileté oratoire de Tom était incomparable.
eng,He seems unable to swim.
ita,Ha dato loro quel cane?
ita,Il mio computer portatile si è rotto.
fra,L'avocat est corrompu.
eng,Why did she leave her last job?
deu,Ich fahre nicht mehr Motorrad.
deu,Ich mag meine Französischlehrerin.
deu,Sie sind wirklich aufmerksam.
eng,Can you drive a little faster? We are in a hurry.
deu,Sie hat zwanzig Jahre mir gehört.
deu,Wir brauchen nur ein bisschen mehr Geld.
fra,Tom ne parle jamais de quand il était petit.
deu,Die Reden der Feldherren sind Taten.
spa,Tom dice que necesita hablar algo con Mary.
deu,"Ich weiß nicht, wo wir ankommen werden."
spa,"De acuerdo, ¿pero qué hay del gerente?"
spa,Tom y sus amigos juegan al póker casi todos los viernes por la noche.
spa,¿Puedo hablar contigo un minuto?
fra,Il était bègue.
deu,Was hast du morgen vor?
ita,Non andate a costruire università in Lituania?
ita,Oggi è il suo compleanno.
spa,Me perdí en su argumentación.
eng,It's difficult to have a conversation with someone who only says yes or no.
deu,Ich will Ihnen die Wahrheit sagen.
ita,Ha mai visto dei lupi da queste parti?
spa,Realmente no lo conozco.
eng,You shouldn't speak ill of him.
ita,Mi sto pure impegnando.
spa,"Sí, por favor hacelo."
deu,Ich gehörte nicht dazu und hatte kaum Freunde.
eng,Algeria is investing in housing.
deu,Wollen Sie fernsehen?
eng,"Once upon a time, Lebanon was called ""the pearl of the Middle East."""
spa,¡Volvamos al trabajo!
fra,"Au dire de tous, Fr. Mulligan était un parangon de vertu."
ita,Penso che lei conosca tutti qui.
eng,The tragedy left a scar on my mind.
eng,I didn't do anything to hurt Sami.
deu,Wir haben uns für das Finale qualifiziert.
fra,Il y a suffisamment de raisons pour penser qu'il est honnête.
spa,Lo importante no es ganar sino que el otro pierda.
fra,Je sais. J'y étais.
eng,I want to do my best to help Tom.
eng,Sami was in the county jail.
fra,Je dois bientôt partir.
spa,"Tengo tanto miedo de morir. Pero con eso no prevengo mi muerte, más bien obstaculizo mi vida."
ita,Dica a Tom che io sono pronto.
ita,Vado dal dentista un giorno sì e uno no.
ita,"Prendi il telefono, Mennad."
spa,A las crías de gorrión se les llama gurripatos o gurriatos.
deu,Wir sind hundertzwanzig Kilometer dorthin gereist und hundert zurück.
eng,Do you think you'd like to live in Boston?
eng,The kid is temperamental.
eng,Ziri couldn't shake off that feeling.
ita,Dove è parlato l'interlingua?
eng,Tom is quite drunk.
eng,Your letter has just arrived.
fra,Il m'écrit une fois de temps en temps.
fra,Je ne vais pas payer pour ça.
deu,"Ich denke, ihr müßt euch keine Sorgen darum machen, was passieren könnte."
eng,Sami was the victim of a sexual assault.
spa,No vino nadie.
ita,C'è qualcosa che vuole comprare?
deu,"Etwas ist nicht in Ordnung, aber ich weiß nicht, was."
ita,I sospetti di Tom erano giustificati.
deu,So etwas ist nutzlos.
fra,On a invité des amis au chalet pour se faire une petite fondue.
deu,Hein ist nett zu Katzen.
ita,Voi pensate che Tom potrebbe essere in anticipo?
fra,Le sionisme est aux antipodes du judaïsme.
ita,Lui vede il mondo ostile.
spa,El contenedor verde tiene forma de iglú.
deu,Mit einem Mal löste sich alles in Wohlgefallen auf.
spa,Estoy casi quebrado.
fra,"En fait, il est temps de manger."
deu,Haben die Bäuerinnen sich um die Pferde gekümmert?
fra,Jouais-tu au tennis hier matin ?
ita,La vorrei ringraziare.
ita,Lui ha appoggiato il libro sulla scrivania.
spa,Tom miente a Mary con frecuencia.
eng,Tom is really serious.
eng,Mennad was taking care of sixty patients.
deu,"Er hat den Mut darüber zu sprechen, was er für rechtens hält."
eng,Jim boasts of having passed the exam.
deu,Das Ungarische gehört zum finno-ugrischen Zweig der uralischen Sprachfamilie.
spa,Él no apareció en la fiesta ayer a la tarde.
eng,Rate limiting sucks. Add this to the pile of reasons I don't like Space Karen.
eng,Ziri woke up at the medical clinic.
spa,Ella me vio entrar a la tienda.
deu,Tom hat eine Neigung zur Faulheit.
fra,Il ne devrait pas en aller ainsi.
spa,Haré mi mejor esfuerzo para terminarlo.
fra,Moi j'ai contribué.
deu,"Tom bemerkte, dass Mary noch nicht einmal angefangen hatte, das Mittagessen zu kochen."
deu,"Ich habe nie zu dir gesagt, du sollst aufhören."
deu,Karl lernt seit gestern Guarani.
spa,¿Oyen pájaros?
eng,And they both offended the mind of Isaac and Rebecca.
spa,Tom tiene un helicóptero personal.
fra,Ne soyez pas naïfs !
spa,¿Acaso no es una buena cantante francesa?
spa,"Cuéntame lo que sabes y yo te cuento lo que sé, que no haya secretos entre nosotros, ¿de acuerdo?"
eng,Tom doesn't regret doing that.
eng,Tom grew up in South Florida.
spa,Su esposa es nuestra profesora de italiano.
ita,Pochi delle sue amiche vivono a Kyoto.
spa,Tom compró una cámara nueva.
eng,Tom lives in a very small apartment.
ita,Questo ci mancava!
deu,Manchmal schien die Sonne.
eng,I wonder whether I should call the police or not.
fra,Vous connaissez probablement déjà notre entreprise.
spa,No tienen a nadie que los asesore.
spa,¡Estudiad!
deu,Sie möchte ihn nicht eintreten lassen.
spa,Los artistas son personas muy creativas. Siempre tienen muchas ideas.
eng,She writes her poems from the heart.
spa,¿Qué tipo de cosas haces los fines de semana?
deu,In meinem letzten Brief habe ich dir alles Wissenswerte mitgeteilt.
spa,¿De verdad viste a Tom besando a Mary?
fra,L'envoi de ces lettres ne prendra pas beaucoup de temps.
ita,Non c'è niente di buono da vendere.
spa,Tom todavía puede llegar a tiempo si corre.
eng,"Tom is fairly rich, isn't he?"
deu,Maria verarbeitete in ihren Geschichten ihre Begegnungen mit Tom.
ita,In cassaforte c'erano oggetti preziosi?
spa,Está totalmente sumergido en su vida familiar y no tiene deseos de trabajar.
deu,Maria hatte nie zuvor einen Sari getragen.
deu,Die alte Dame sprach mit einer rührenden Einfachheit.
spa,"Por ser joven, puede trabajar todo el día."
spa,Quiero aprender a disparar como tú.
eng,We should leave.
eng,Tom had no sooner walked in the door than Mary started to complain.
ita,Abbiamo delle nuove vicine.
ita,Non andate a costruire birrerie in Irlanda del Nord.
eng,There must be a fire nearby.
fra,N'allez-vous pas en faire part ?
deu,Der Geigerzähler ist ein Messgerät für Radioaktivität.
spa,Tom se alegrará de haberlo hecho
eng,Yanni left the mosque.
fra,Tout le monde se soucie de son propre intérêt.
eng,Tom had to know about it.
deu,"Beide Waren haben den selben Preis, aber ihre Herstellungskosten sind sehr verschieden."
eng,"If your credit limit is too high, it's not hard to accumulate a lot of debt."
spa,¡Ojalá que sufras miles de violaciones!
spa,Tengo que terminarlo en un tiempo dado.
deu,Ich habe gerade Tom gesehen.
eng,I feel very useful in my own job position.
eng,The view is impressive.
ita,Un contratto è un accordo legalmente vincolante.
deu,Die Großväter von Tom und von Mary haben zusammen im Zweiten Weltkrieg gekämpft.
fra,Saviez-vous que la conversation a été enregistrée ?
ita,Hai lavorato veramente bene.
eng,I ride a bike to work.
spa,Jamás podré vencerle.
spa,¿Dónde está mi ropa?
eng,Mennad's nose job cost him a lot.
fra,Je ne sais pas trop quoi faire.
eng,Can you play the organ?
eng,"If you ever do that again, be careful!"
eng,We need to talk privately.
fra,Elles plaisantent.
eng,She wants to be more independent.
spa,¡Tienes los hombros destrozados! No debes cargar peso.
deu,Ich bin gescheitert.
spa,Tom trató de no oír a Mary y a John discutir su situación financiera.
eng,He's praying.
ita,È partito ieri notte.
fra,Soyons calme !
deu,"Nein, ich kenne sie nicht."
fra,Elle aime battre le fer quand il est chaud.
ita,Tutte le opzioni sono sul tavolo.
eng,I ran to the train station.
spa,¿Qué tal el viaje?
ita,Non vi ha insegnato nulla.
ita,Conta pure su di me!
ita,Non vado a costruire fattorie in Libano?
fra,De quelle affaire parlez-vous ?
ita,È sommersa dall'acqua!
spa,¿Qué tal si en realidad él decía la verdad?
fra,Il a couru jusqu'à la maison de son grand-père.
fra,Elles a assoupli le règlement.
ita,Siete liberi questo fine settimana?
deu,"Es ist kein Baum so glatt, er hat einen Ast."
fra,Ils m'étaient inconnus.
eng,Tom isn't conceited.
spa,El arquitecto alcanzó la fama mundial.
ita,Cosa le piace sulla sua pizza?
deu,"Ich würde gerne unter vier Augen mit dir sprechen, Tom."
eng,Why doesn't she write me anymore?
ita,Lui è un completo rottame.
deu,"Ich lernte eifrig, als ich noch zur Schule ging."
deu,Tom weiß nicht den Unterschied zwischen Usurpation und Wucher.
fra,Je vous le ferai savoir.
deu,Die Kerze riecht gut.
deu,Siehst du oben auf dem Bildschirm die Menüleiste?
ita,Sta provando ad escludermi?
deu,"Tom sagte, das sei ein Problem."
fra,Marie est rentrée de Chine.
deu,Tom ist schwer zu überbieten.
deu,"Was glaubt ihr, warum Tom das heute machen wollte?"
ita,Questo orologio è prodotto in Giappone.
ita,Gli intellettuali hanno bisogno solo dell'esperanto e del lojban.
eng,Three of the windows are open.
fra,Il conserve toutes ses économies à la banque.
fra,Je viens tout juste de recevoir un message d'elle.
eng,I'm surprised that you didn't know Tom used to live in Boston.
fra,J'ai croisé Michael et Caroline en ville cet après-midi.
eng,Life's too short to spend the next hour listening to this podcast.
spa,El mercado está lleno de gente.
deu,Liebe ist die Schönheit der Seele.
ita,A Tom non è permesso lasciare il paese.
deu,Ich hätte euch nie verlassen dürfen.
deu,Tom isst kaum noch Fleisch.
deu,"Ich begegnete ihr, als ich in Boston war."
ita,Io capisco come sia difficile ciò.
spa,La gatita está sentada sobre el contenedor.
eng,"After his brother was killed by a rival gang, Tom planned revenge."
fra,L'explosion a brisé de nombreux vitraux.
deu,"Lasst uns etwas lernen, zum Beispiel eine Sprache!"
spa,Es la primera vez que ayudo a mi padre.
eng,Sami was also frustrated.
eng,Tom and Mary said John thought they might not be permitted to do that by themselves.
eng,Tom stole my mother's booze.
spa,Vendo zapatos.
eng,You're still wrong.
deu,Ich machte eine schnelle Berechnung.
ita,È tutt'altro che bella.
fra,"Quant à moi, je ne pourrai pas assister à la réunion d'aujourd'hui."
spa,El herrerillo común es una de las aves migratorias.
fra,Il ne pique-nique jamais.
ita,Guarda il ragazzo dietro l'auto.
spa,La pobre niña estaba al borde de la inanición.
fra,Un avis d'interdiction de fumer a été affiché hier à l'extérieur du restaurant.
ita,Abbiamo comprato una nuova lavatrice.
deu,Sie ist kompromissbereit.
spa,Siempre hace mucha ilusión descubrir que alguien ha traducido alguna de tus frases a otro idioma.
eng,Mary pretended she was sleeping.
fra,Tom a abandonné l'anglais pour l'allemand.
ita,Ero completamente assorbito dalla lettura di un romanzo poliziesco.
spa,El doctor me recomendó hacer más ejercicio.
spa,Voy a contarle a Tom la verdad.
fra,Je suis plutôt sûr que je n'ai pas dit ça.
ita,Non sono avventurosa.
fra,Je me demande s'ils vont pouvoir les rassembler.
eng,Tom's lost all his important documents.
fra,Le marché a repris.
spa,La gallina cacarea durante el día.
ita,Non va a imparare qualcosa in Spagna.
spa,Teníamos nuestras diferencias.
deu,Wie viele Sprachen beherrscht ihr?
deu,Du bist ein Serienkiller.
ita,Non lo conoscete neppure Tom.
eng,He doesn't do things by halves.
fra,Martino a commencé à avoir des soupçons.
spa,¿Por qué Tom está cansado?
ita,Lo farò se mi direte come si fa.
ita,Sono piuttosto assonnata in questo momento.
deu,Ein Furz kann entspannen.
eng,Don't forget to send the letter.
deu,Ich arbeite bei einem großen Chemieunternehmen.
eng,Tom says Mary doesn't believe John could do that.
deu,Tom ist Informatiker.
eng,Mary dashed water in Tom's face.
eng,She might've been happy with him.
fra,Le langage est le véhicule de la pensée.
spa,Tom vio una jirafa.
ita,Cosa mangiano le tigri?
spa,Elena se dedica a dar sablazos a todo hijo de vecino.
deu,Eines der beiden Mädchen lächelte Tom an.
ita,Oggi in televisione c'è qualcosa di bello?
fra,Tom était fermier.
spa,La ambición que tenía por el dinero le costó la vida a su abuelo.
ita,Lui camminava a quattro zampe.
spa,Antiguamente las mujeres usaban corpiños para moldear su torso; actualmente se usan muy poco.
deu,"Wie lange werden Sie bleiben? – ""Etwa zwei Wochen""."
eng,We will agree only under that condition.
fra,"Si j'étais vous, je commencerais tout de suite."
spa,Él siempre se inclinó por el arte.
fra,J'aime beaucoup ce jaune sur l'uniforme du gardien de mon équipe.
fra,Qu'est-ce que j'ai dit ?
deu,"Haben Sie die Person gekannt, die verletzt wurde?"
spa,Yo diría que Tomasa está al borde de un ataque de nervios.
ita,La popolazione di quel villaggio era diminuita.
fra,Il ne sait pas ce qui m'est arrivé.
ita,Noi impiegheremo ore a finire questo.
fra,Ils parlaient d'eux.
eng,"If you order me to stay to do that, I'll obey."
spa,"Su perro era tan bravo, que nadie se acercaba."
fra,"Enfin, nous avons trouvé un compromis."
eng,I wonder what Tom was doing in here.
eng,Tom didn't have any place to go.
fra,Je suis un peu court ce mois-ci.
spa,Mi padre murió cuando yo tenía siete años.
ita,Faccio molte foto.
spa,Me dijisteis que lo hizo él.
eng,I will go provided that the others go.
spa,Por un rato me quedé callada.
ita,Non andiamo a costruire birrerie in Siria?
eng,Tom will probably pass the test.
eng,I prefer spending time indoors.
ita,"Io voglio piacerti, Tom."
fra,Le roi a banni l’homme qui avait trahi son royaume.
fra,Les deux maisons se dressent l'une à côté de l'autre.
ita,"Ho bisogno di spazio per respirare e crescere, non di possessività."
deu,„Vielleicht sollten wir Tom um Hilfe bitten.“ – „Auf Toms Hilfe kann ich gut und gerne verzichten.“
eng,Tom thinks Mary won't say yes.
fra,La tempérance est le meilleur remède.
eng,We ate Hoppin' John with black-eyed beans.
eng,I was shocked about John's death.
eng,Tom doesn't know how to take care of his children.
spa,La belleza de la novia es la mitad de la dote.
ita,Oggi c'è un caldo davvero asfissiante!
eng,Don't you believe us?
ita,Lei è saltata nel fiume da una finestra.
deu,"Dieses Lied bringt mich jedesmal, wenn ich es höre, zum Weinen."
eng,"After Yanni checked the depth of the river, he decided against crossing it."
eng,Doesn't it interest you a little?
deu,Das werde ich euch nicht sagen.
deu,"Wenn du Unrecht hast, habe ich auch Unrecht."
eng,I don't know why he left the company.
deu,"Macht es dir etwas aus, wann wir kommen?"
eng,That's a bit much to ask.
ita,Mary lasciò i suoi guanti nell'automobile.
eng,They will speak.
eng,A very strange thing happened today.
eng,It may be quite harmless.
fra,Est-ce que son adresse est en Australie ?
ita,Tom è generoso?
fra,Il n'a aucune chance de réussir.
spa,¿Os apetece salir a dar un paseo?
ita,Lui è stato fedele alla sua promessa.
fra,Combien d'épisodes regardes-tu d'affilé ?
ita,Volevo soltanto essere con loro.
ita,Non la disturbate.
eng,There was a large audience at the piano recital last night.
eng,Janos had another seizure.
deu,Warum hilft mir denn keiner?
fra,Tu vois un archet ?
deu,Liebe ist blind. Hass ist auch blind.
eng,Tom bought too much milk.
spa,No me voy a ir a Los Ángeles.
eng,Tom killed Mary because he found out she had started the fire that had killed his family.
ita,Mi scrisse una lettera.
deu,"Du sorgst dich zu sehr darum, was andere denken könnten."
deu,"Es war schon wieder Zeitumstellung, und ich hab’s gar nicht mitgekriegt."
ita,Non ho dettagli.
ita,Le parole hanno il valore che dà loro chi le ascolta.
spa,Cada palabra es un pájaro que enseñamos a cantar.
fra,Veuillez-tous vous lever pour accueillir le Grand Conseil !
deu,"Wir haben alle geweint, als wir uns den Film angesehen haben."
fra,Vous me les avez sacrifiés.
eng,I thought everybody knew.
ita,Tom e Mary dissero che avevano pianificato di farlo?
eng,What part of your body hurts?
fra,Il me faudra être à la gare à neuf heures.
ita,Penso di essere sbronzo.
spa,"Cuando cogí al bebé en mis brazos, éste comenzó a llorar."
eng,His grades took a big jump.
deu,Er lebt im Schatten seines berühmten Vaters.
fra,"Je ne suis pas spécialiste du vol spatial, je suis cuisinière."
deu,Tom kommt heute nicht vorbei.
spa,La comida china no es menos exquisita que la francesa.
spa,Debes recordar eso.
eng,I want to be left alone.
ita,Il numero dei pazzi è infinito.
fra,Mon ami d’enfance est devenu curé.
ita,Tom mi ha promesso che sarebbe stato qui entro le due e mezza.
eng,I bought the least expensive pair of shoes in the store.
deu,Wir sind gerade gestern hier angekommen.
fra,"Emprisonné deux ans, il en profita pour traduire plusieurs livres dans plusieurs langues."
fra,J'espère que vous ne prenez pas mal ma franchise.
spa,Ella le ha estado esperando durante 30 minutos.
eng,He gave me that.
eng,Tom must've been surprised.
fra,Elle a regardé l'élève.
ita,Di domenica si può dormire fino a tardi.
eng,"Look, I said no!"
eng,That hasn't happened since last September.
spa,Tom soltó un erupto.
fra,Je n'ai pas remarqué la façon dont elle était habillée.
eng,Do you see the bear?
fra,J'ai encore beaucoup de boulot.
fra,Il a regardé de l'autre côté.
fra,"Grâce à l'innovation technologique, le maximum de rendement de l'usine a doublé."
fra,Je vais voir le médecin.
spa,Él es popular entre los alumnos.
spa,La próxima semana va a ser estresante.
fra,Je viens souvent ici le lundi.
eng,Tensions between the USA and Russia are on the rise.
fra,Il est immunisé.
spa,La artista siempre pintaba sola.
ita,Vanno a costruire strade in Romania.
eng,He has a family to support.
eng,Do Tom and Mary feel the same way about that as you do?
spa,Todas fueron mujeres libertinas.
spa,¿Dónde están corriendo todos?
eng,I walk faster than you.
fra,Je veux aller faire du bowling avec Tom.
spa,Y Dios vio que era bueno.
ita,Perché avete comprato quell'ombrello?
spa,¿Estás haciendo algo?
deu,Tom hat Mary vor allen kritisiert.
ita,Questo è il punto. Continuate a scavare.
deu,Ich wohne in der Türkei.
spa,No me gustan los juegos de pólvora.
spa,Es difícil encontrar a alguien que escriba en chino tan bonito como él.
spa,No te passan los años.
spa,El sol está quemando.
eng,We don't know it.
deu,Liisa zeigte eine große Vorliebe für Süßigkeiten.
spa,Exprímeselo.
spa,Esto se pone peor cada día.
fra,Tu perdras du poids.
ita,Siete mai stati in un paese straniero?
fra,Elles ne sont pas tes amies ?
deu,Der Staat New York ist fast so groß wie Griechenland.
fra,Ne nous attends pas.
deu,Die Stille war ohrenbetäubend.
fra,Vous en conviendrez que ce n'est pas ainsi.
deu,Dir fällt bestimmt noch eine bessere Methode ein.
spa,Llevamos horas esperando.
eng,You are not brave.
deu,Durch Streit wird die Sache nicht gelöst.
eng,How best can that be accomplished?
deu,Er hat einen Telefonanruf von ihr erhalten.
spa,Mi amigo compró un coche de color amarillo.
fra,As-tu vu quelque chose de suspect ?
deu,"Tom dachte, dass Perlhühner fliegen können."
deu,Der Geschäftsführer des Ladens lässt sich einen Bart wachsen.
ita,Il mio capo è molto rigoroso.
ita,"Scusate, ma dove leggereste che l'attentato è giustificato dalle vignette pubblicate?"
ita,Vai a costruire birrerie in Nigeria?
fra,Tu as peut-être entendu parler de moi.
spa,Sé que el Lojban es bueno para ti.
fra,Un petit bateau se dirige grâce à une barre accrochée à l'extrémité du gouvernail.
spa,Necesito un cuaderno para aprender esperanto.
spa,Mary piensa que Oliver es todavía demasiado joven para tener novia.
fra,Je suis désolée de ne pas avoir répondu plus tôt.
eng,Tom and Mary both kept quiet.
ita,Devo una scusa a Tom.
ita,Dimmi un gruppo che sono curiosa.
spa,Con la peste porcina hubo que diezmar infinidad de pocilgas.
fra,Je ne peux y aller seul.
eng,I think the museum is closed on Mondays.
ita,Io vorrei mangiare del riso al curry per cena.
deu,Ich fürchte mich vor Erdbeben.
eng,The captain invited them for breakfast.
deu,Was willst du später mal werden?
deu,"Haben Sie gesagt, ich sei schön?"
deu,Sami war zu der Zeit sechzehn.
deu,Letzte Woche war er krank.
deu,Am Ende wurde das stolze Troja genommen.
ita,Sarei dovuta rimanere con lei.
ita,Tom è un prodigio della matematica.
spa,Apaga la vela. El corte de luz terminó.
fra,Je sais que tu m'apprécies.
eng,The keg is downstairs.
deu,Er hat es vergessen.
ita,Non hai visitato la Bulgaria?
fra,Il a pris de l'argent.
ita,Vendevano dei frigoriferi.
spa,Los copos están cuajando.
ita,Io ero folle.
fra,Il ne faut pas se soucier de son âge.
spa,Acabo de liberarme.
spa,No dejó gota en el vaso.
fra,Je m'efforce de ne pas faire de mouvements brusques.
eng,Tom didn't need to stay if he didn't want to.
fra,J'ignore si c'est ce qu'il veut ou pas.
fra,Me suivriez-vous ?
ita,Ho due biglietti per il teatro imperiale.
deu,Tom spielt den ganzen Tag nur.
fra,Ses prétendants guignaient tous son argent.
eng,"Look how chubby you've got, said Nan, tapping Tom's tummy."
eng,"Remember to feed your hamster every day, okay?"
eng,Mennad was in Egypt and his family was in Algeria.
fra,"Dorénavant, je te dirai toujours la vérité."
spa,¿Alguna vez os han detenido?
eng,I should give them a call.
eng,"I don't care what color ink, just bring me a pen."
fra,J'ai changé de travail.
spa,En esos papeles había información extremadamente sensible.
spa,Esos animales son fuertes.
fra,Nous disposons d'un bateau.
fra,Tu veux te faire couper les cheveux un peu plus long ou un peu plus court ?
deu,Ich habe überhaupt keine Meinung dazu.
eng,That bread is freshly made.
ita,"Per favore, ditemi come arrivare a Boston."
ita,Tom aveva torto marcio.
fra,Il nous les a lavés.
spa,En mi casa no hay muchos muebles.
deu,Er ähnelt einem Bekannten.
fra,Vous pouvez rester jusqu'à ce soir.
fra,La loi ne reconnait pas les aveux sous la torture.
deu,"Wenn du einen Schirm brauchst, leihe ich dir meinen."
spa,El edredón no se puede lavar.
eng,The sight tempted him to steal.
spa,Cada día el tiempo viene más frío.
spa,Los monjes medievales copiaron todo el saber antiguo en manuscritos.
deu,Er wurde am Ufer des Baches gefunden.
ita,Non lo fa mai per conto suo.
deu,Maria wandte sich in ihrer Verzweiflung an Tom.
spa,¿Se te informó cuándo debes venir?
eng,"Go on, speak, I'm all ears."
ita,Dov'è la mia spada?
spa,La habitación está empezando a calentarse ahora.
spa,"Puede que ella haya discutido con él, pero no creo que pudiera pegarle."
spa,"Cada cosa tiene su belleza, pero no todo el mundo lo ve."
ita,Tom sapeva cose che Mary non sapeva.
deu,Muss ich Kaffee kochen?
deu,Vergleicht die Ergebnisse!
spa,Tom es un faquir.
spa,Me alegro de haberla visto.
ita,Sono troppo impegnati?
ita,Non vanno a costruire strade in Bangladesh?
spa,Vi a mi hermana hacer tiras la carta.
fra,Aucun entraînement formel n'est requis.
eng,I'm sorry that I forgot to wake you up.
ita,Andiamo a costruire palestre in Norvegia?
spa,He visto cuán inteligente es usted.
ita,Lei va al concerto questa sera?
ita,Scriviamo una lettera a Tom.
deu,Wir sind noch nicht aufbruchsbereit.
eng,They hit it off from the beginning and have been together for two decades now.
deu,Ich bin in euren Händen.
ita,Ha appena comprato dello smalto?
eng,I can't wait to visit Australia.
ita,Tu non mi hai preparata per questo.
eng,I wonder if anything happened to him.
ita,Sono disposta a fare un tentativo.
eng,I know Tom wasn't interested in doing that.
ita,Noi abbiamo giocato a calcio assieme.
ita,Sono impegnata da domenica scorsa.
ita,Tutto il paese ne sta parlando.
ita,Non beviamo mai dell'alcol.
spa,Me siento como un extraño.
ita,Il ponte è basso.
fra,Je veux simplement que les gens m'aiment.
eng,"Next, please."
ita,Ti ha tradito.
deu,Für dich Kaffee mit Milch oder ohne?
fra,Il s'agit des cas extrêmes.
eng,It's strange that Tom's coming alone.
eng,Tom was unpleasant to me today.
spa,Jane es una chica maravillosa.
spa,¿Mis calcetines siguen sin secarse?
eng,"Although I asked him to be quiet, he went on speaking."
ita,Sami sentì qualcosa di spettrale.
deu,„Guten Tag! Was darf ich für Sie tun?“ – „Mein Name ist Heinzelmann. Wir haben reservieren lassen.“
deu,Er ist sieben Jahre alt.
fra,Es-tu content ?
deu,"Wenn wir uns schon getroffen hätten, würde ich mich an Ihr Gesicht bestimmt erinnern."
spa,Creo que puede llevarse con sus vecinos.
ita,A me manca mio padre.
fra,J'ignore ce que je dois faire maintenant.
spa,A él le gusta tomar el café sin azúcar.
ita,Vai a costruire fattorie in Nuova Zelanda.
eng,You are so smart!
ita,Dovete essere molto fiere di lui.
deu,"Ich habe nicht alles gefunden, was ich brauchte."
spa,Él refutó el rumor.
eng,What did Tom bet?
fra,"Bon, parlons franchement !"
eng,Tom lost to Mary at arm-wrestling.
spa,¿Puedes enseñarme a volar?
fra,Tu es allé là-bas sans me le dire !
eng,Tom and Mary told us they wouldn't fight anymore.
ita,Preferirei tacere per sempre.
ita,Chi le ha detto che è morto?
deu,Tom braucht dich.
spa,"Dios te salve María, llena eres de gracia."
eng,He found them awake.
eng,"For twenty years now, I’ve been waiting for a truly suitable and affordable electric car."
ita,Hanno visto qualcuno.
spa,"Hubo un desierto aquí en esta región, donde más tarde se construyó esta enorme ciudad."
ita,Tom non ha paura di morire.
ita,Sono delle sue buone amiche.
eng,Ziri never saw a thing there.
fra,Ma mère est en train de préparer le déjeuner.
eng,There's always something waiting to be done.
deu,Tom wollte nach Boston ziehen.
spa,Estate tranquilo. Todo se solucionará.
spa,Recién casado.
eng,Mary said she didn't speak French very well.
eng,Thou shalt have no other gods before Me.
deu,"Was ich erlebt habe, wünsche ich keinem anderen."
ita,Non posso mangiare tutto questo da solo.
eng,"Giving up what you want is hard, but sometimes we have no other choice."
ita,Lui è il fratello di Taro.
spa,¿Entiendes el problema?
eng,"As soon as she got up from there, I got up too."
fra,Elle doit arriver à midi.
eng,Tom said it didn't look like I was tired.
deu,Tom liegt völlig falsch.
spa,La luz centelleante de una bengala me distrajo en aquel instante.
deu,Wie kommst du denn auf so was!
ita,Non vidi nulla.
spa,¿Puede el arte cambiar el mundo?
fra,On ne peut pas faire entendre raison à Tom.
ita,Che storia emozionante!
deu,"Ich täte besser daran, dir die Wahrheit zu sagen."
fra,Tom se fiche de ce que je pense.
spa,Ella no es inteligente.
spa,"Su sugerencia fue, realmente, una orden."
eng,She's so cheap that she uses tea bags three times before she throws them away.
fra,J'ai été choquée par les tristes nouvelles.
fra,Y a-t-il une femme dans votre vie ?
deu,"Pack Er sich, sonst wird Ihm der Kopf zwischen die Beine gelegt!"
spa,Los japoneses tienden a pensar así.
fra,Il s’est endormi la radio allumée.
eng,Tom told me I'm difficult to get along with.
spa,Tengo muchas flores. Unas son rojas y otras amarillas.
ita,C'è una stanza dove giocano i bambini. Puoi portare tuo figlio lì.
ita,Va in una fabbrica idroelettrica e ne scrive un libro.
eng,I work as a hotel inspector.
ita,Sami continuò a usare quel computer.
spa,La idea es pésima.
spa,El aborto es asesinato.
ita,Marie era insultata.
eng,Does it make sense?
eng,We will help as much as we can.
fra,Il a envoyé des centaines d'invitations pour son mariage.
spa,El profesor está con el director.
spa,Nosotras crecimos juntas.
fra,C'est le même crayon que celui que j'ai perdu l'autre jour.
eng,We're waiting for Tom to return.
fra,Je voudrais prolonger mon séjour en Amérique.
eng,Do you like pears?
ita,Dovrei lasciare il mio lavoro?
eng,Ziri was getting hungry.
spa,Tom está hecho polvo.
fra,L'émail des dents est la matière la plus dure dans ton corps.
spa,Estás bien.
fra,Aucun enfant n’appartient à ses parents.
fra,Ceci veut-il dire que tu m'as pardonné ?
deu,Der Tag der Entscheidung ist nah.
ita,Vado nella camera.
spa,Compré una remera.
deu,"Ich hatte nie vor, ein professioneller Übersetzer zu werden."
fra,Vous seriez surpris de connaître le nombre de dispositifs de sécurité que comporte cette machine.
ita,Lei quanto tempo desidera restare in Bretagna?
deu,"Das ist alles, was ich bekommen habe."
ita,Non la capiamo.
fra,Tom n'est pas étudiant.
ita,Sta parlando con me?
deu,Er will ein Zimmer mit seiner Schwester teilen.
deu,Welch große Zahl!
deu,Ich weiß nicht viel über unsere Außenpolitik.
deu,Tom machte einen Mittagsschlaf.
ita,Non andiamo a costruire negozi in Libia?
deu,"Warten wir einfach mal ab und gucken, was passiert!"
ita,"Per favore, restituisci questi libri alla biblioteca."
ita,Guarisci in fretta!
deu,Auf dieser Website können sie sich genauer über das Event informieren.
ita,"Lei era una donna molto bella, nessuna era più bella di lei."
deu,Du musst dich beeilen!
fra,Tom a bien aimé sa voiture.
fra,C’est elle qui a raison.
spa,No me telefonees después de las diez.
deu,Außer Englisch spricht Tom keine weiteren Sprachen.
fra,As-tu la monnaie d'un billet de 10 ?
eng,"Eventually, Rodrigo lost consciousness."
ita,"Su un cavallo da giostra, non andrai molto lontano!"
deu,Jimmy wurde bei einem Verkehrsunfall verletzt.
fra,Les entreprises sont moins loyales à l'égard de leurs salariés.
eng,No one will believe you.
eng,She values her mentors deeply.
ita,Come le avete aiutate?
ita,Il numero preferito di Tom è il sette.
spa,Anteayer recibí tu carta.
deu,April ist der vierte Monat des Jahres.
spa,Yo quisiera que acompañaras a Tom.
deu,Es ist unglaublich!
eng,Do you still enjoy watching baseball as much as you used to?
deu,"Ich dachte nicht, dass das dein Platz war."
fra,Où vas-tu chercher tes champignons ?
ita,Tom non può vincere.
fra,On prétend que le papillon est l'âme.
spa,Tom probablemente no es feliz ahora.
deu,Geht Tom jemals laufen?
deu,"Ich kann mit meiner Maus nach unten scrollen, aber nicht hoch."
fra,Cette langue n'a plus que très peu de locuteurs.
eng,How many factories might there be in Uganda?
eng,I'll get dressed in a second.
spa,Quiero que comprenda mi situación.
fra,Il a ouvert son pantalon.
fra,Ce con s'est fait gauler par les flics.
spa,Ella cumplió dieciséis años.
eng,Pack your stuff and go.
deu,Tom fiel vom Hochbett.
deu,"Vergiss bitte nicht, das Licht auszumachen, bevor du ins Bett gehst."
fra,J'en ai fini avec tout cela.
spa,Ellos tomaron mi plan.
ita,Andiamo a costruire negozi in Niger.
eng,Is it a fish?
ita,Di cosa ti meravigli?
fra,Je suis navré d'avoir crié sur vous.
eng,Did you get what you needed?
ita,Quella cantante ha una bellissima voce.
deu,Warum hasst du mich so sehr?
ita,Perché Tom gliel'ha detto?
eng,I didn't realize this was going to happen.
fra,Le kabyle est votre culture.
fra,Les peintres tels que Picasso sont rares.
fra,Nous dormîmes dans le même lit.
ita,Io vivo qui da molto tempo.
fra,« Je suis désolée. Je ne peux plus faire ça. » « Tu ne peux plus faire quoi ? »
eng,I'm in despair!
ita,Ti avrei preso volentieri.
deu,Ruhe oder du fliegst raus.
ita,Noi abitiamo vicino alla spiaggia.
eng,He had his sweater on inside out.
eng,I'm going to be in the bathroom.
spa,"La muchacha de la cual él se enamoró, lo dejó después de algunos meses."
ita,Tom voleva che Mary venisse in Australia per Natale.
ita,Quello non mi importa.
fra,Il y a aussi des explications qui embrouillent tout.
spa,Juan está lleno de ira y odio y por eso suele tener menos ganas de vivir.
fra,Bande de connes !
deu,"Maria bemühte sich, in der kurzen Zeit, die sie hatte, möglichst viel zu schaffen."
deu,Ich will nicht nur an euern Verstand appellieren. Ich will eure Herzen gewinnen.
deu,Tom war nicht gut in Mathematik.
ita,Farò tutto ciò che lei mi dice di fare.
spa,¿Qué sabrás tú?
eng,Mr. Gardiner left them soon after breakfast.
deu,Du kommst spät zur Party.
spa,"Ese profesor hablaba demasiado rápido, no hubo ni una sola persona que le comprendiese."
ita,Perché non mi darete del denaro?
deu,Sie hat am Russellplatz 56 gewohnt.
spa,Recuérdamelo mañana.
ita,Dove potrei comprare delle scarpe?
fra,Ils sont lents.
ita,Noi sappiamo di Tom.
ita,È molto amichevole con lei.
fra,Où vivent les Français ?
fra,Est-ce que tout va bien ici ?
spa,Improvisad más.
deu,"Er hat den Preis nicht bekommen, war aber nahe daran."
spa,El sudor permite regular la temperatura corporal.
eng,Tom seemed tired and hungry.
spa,Le gusta la atención.
eng,Tom said he wasn't going to Boston.
spa,No le hables a la cabra en italiano por favor.
deu,Tom wollte nicht Marys Geliebter bleiben.
deu,Ich weiß nicht: War es gut? War es schlecht? Aber ich musste es machen. Das war sehr wichtig.
deu,Erschießen Sie mich nicht! Ich bin nur der Übersetzer.
eng,Soon you'll be a doctor.
spa,¿Le molesta esta maleta?
fra,N'insiste pas sur ce point.
deu,Haben Sie sich Notizen gemacht?
eng,Tom has a good appetite this morning.
deu,Du darfst hier drin nicht rauchen.
eng,She wrote me four letters.
spa,Tiene pesadillas todas las noches.
ita,Quest'opera affronta un argomento esplosivo e spesso doloroso.
deu,"Ich saß einfach nur da und versuchte, nicht daran zu denken, wie einsam ich mich fühlte."
ita,La voglio vedere.
deu,"Ich bin sicher, es wäre ein Fehler, es Tom zu erzählen."
spa,Asegúrate de quedar callado.
spa,No doy nada por sentado.
ita,Vuoi un sorso?
deu,Ich will Chirurg werden.
ita,Non vanno a costruire allevamenti in Nuova Zelanda.
spa,¿Te parece que te estoy diciendo estupideces?
eng,I've already finished eating.
fra,Nous n'obéissons à personne.
spa,"Si no lo puedes explicar de forma simple, no lo entiendes lo suficientemente bien."
fra,Marie ne ferait jamais une chose pareille.
spa,¿Te gusta jugar voleibol?
deu,Schuld daran bin ich. Das weiß ich.
ita,Tom è un ottimo vicino.
eng,"If you think that's going to happen, you're wrong."
eng,She needed you.
spa,Tom jamás soñó que María alguna vez lo abandonaría.
eng,Hedgehogs are expensive to take to a vet.
spa,¿No hay otra manera?
spa,No es posible que él hiciera esa tontería.
deu,Ein Seemann hat ein Mädchen in jedem Hafen.
deu,Er konnte seine Familie von seinem mageren Gehalt nicht ernähren.
deu,Ihr habt gestern abend mit meinem Vater gesprochen.
fra,Tu as été accusé de vol.
fra,Ton oncle t'a vue.
ita,"Sei pronto? ""No."" ""Va bene, andiamo."""
fra,Pourquoi les nuages pleurent-ils ?
ita,Non devi lasciare impolverare i tuoi libri.
eng,"Come on, get up. You're going to be late to school."
fra,La maison a été construite.
fra,L'Algérie a une côte sur la Méditerranée.
eng,We're going to need your help.
ita,Posso avere il vostro caffè?
ita,Tom non è morto.
spa,Estoy seguro de que mi pasaporte está en alguna parte en este cuarto.
ita,Com'è patetica!
deu,"Das ist Tom, mein Teddybär."
deu,"Ihr wurde nicht gesagt, was ich in diesem Brief geschrieben hatte."
spa,"Tengo que relajarme, que si no reviento."
eng,What are some of the advantages?
ita,Sono ancora delusa.
fra,Elles lavaient le linge.
spa,Mi lengua materna es el polaco.
spa,Ella no llamó después de todo.
ita,"Oh, che intasamento!"
deu,Nichts kann dich aufhalten.
eng,Beijing is China's capital.
fra,Nous sommes sur le point d'entrer en guerre.
eng,Yanni got a head of Skura.
eng,Did you sleep with her?
spa,Me agrada tu artículo.
ita,Saresti interessato a lavorare per me?
eng,Tom doesn't want to sleep in the attic.
spa,"Si estás ocupado, con gusto te ayudaré."
eng,I don't think we can say that.
fra,Je vais y faire attention pour toi.
fra,Il a dit qu'il a écrit.
eng,Sami is talking about his girlfriend.
deu,"Er hat nichts zu bieten außer Schweiß, Mundgeruch und fettigen Haaren."
eng,Mary promised that she wouldn't drink anymore.
deu,"Nichts ist so, wie es scheint."
ita,Ha appena comprato una nuova macchina fotografica e in questi giorni ha fatto un sacco di foto.
fra,Tom est désespéré.
fra,La souffrance était inimaginable.
fra,Merci d'avoir fait tout ce chemin.
spa,¡Pido mil disculpas por llegar tan tarde!
fra,Je te les ai enterrées.
eng,I've always hated Australia.
fra,Quelle est votre artiste préférée ?
ita,Sarò chiara per lei.
spa,La del medio es mía.
eng,Many peoples live in Asia.
spa,Las esclusas del submarino estaban perfectamente cerradas.
eng,Tom hurt his elbow when he fell down.
deu,"Meister ist, wer was ersann. Geselle der, der etwas kann. Lehrling, das ist jedermann."
eng,When will Tom get back from Boston?
fra,Obstacle et délivrance sont deux choses correspondantes.
spa,Este lago suministró agua a nuestra ciudad.
deu,Er veröffentlicht Bücher in Italien.
deu,Wann hat sie Geburtstag?
eng,Who wrote that song you just sang?
eng,Is there anything I can do for you before I leave?
ita,Il koala sta dormendo.
ita,Rientri a casa.
deu,"Jannis Mutter war beängstigend, wenn sie wütend war."
deu,Tom sah gut aus.
deu,"Findest du, ich bin hässlich?"
deu,Ich habe immer noch keine Angst.
ita,Tom imbrogliò nel suo esame di storia.
fra,Je vais essayer de ne pas trop prendre de votre temps.
deu,Greta Thunberg ist eine Klimaschützerin.
fra,Savez-vous ce qu'il lui est arrivé ?
eng,Tom doesn't deserve another chance.
fra,Elle est à l'aise ici.
eng,Tom fooled us all.
ita,La maggior parte dei politici parla molto e fa poco.
ita,Prendo lo zainetto?
ita,Tirò fuori il revolver e lo mise sulla scrivania.
fra,Je veux détendre mes jambes.
spa,¿Cómo vas a explicar la razón de tu no asistencia?
eng,Why do people like this?
eng,I beg you to reconsider.
deu,"Ich wollte Tom besuchen, aber er war nicht zu Hause."
spa,A los principiantes no les recomiendo este libro.
ita,A Tom piacciono le bionde.
ita,Non passerà Natale con Tom?
deu,"Wir haben ein armes, kleines Kätzchen im Garten gefunden."
fra,Il ne joue pas au baseball.
eng,Tom is in the other truck.
eng,They were arrested immediately.
spa,Le debo 1.000 dólares.
eng,Mary painted her nails.
ita,Chi non intende la propria scrittura è un asino di natura.
fra,Cette fourche-ci a quatre dents.
fra,"Garçon, faites nous des factures séparées, s'il vous plait."
spa,Tom desayunó.
fra,"Je me fiche que l'avenir appartienne à ceux qui se lèvent, je veux dormir."
ita,Tom sembra piuttosto annoiato.
ita,Ho comprato delle mele.
spa,Buenos días. Hoy hace buen tiempo.
deu,Die Stadt wurde von einer großen Armee verteidigt.
ita,Fuori fa così caldo che voglio stare tutto il giorno in casa con l'aria condizionata.
eng,You can't have everything. Where would you put it?
spa,¿Dijiste dieciocho u ochenta?
deu,Tom führte Marias Pferd behutsam den steinigen Pfad hinunter.
eng,"The mountain is more than 3,000 meters above sea level."
ita,Tutti arrivarono.
eng,This is the first time I have faith in God.
deu,"Wenn es dir nicht gutgeht, solltest du vielleicht zum Arzt gehen."
spa,¿Sabéis cuál es la capital de Camerún?
eng,Both of my brothers are teachers.
eng,She read my mind.
deu,"Manchmal bin ich so gutmütig, da würde ich mich selbst am liebsten über den Tisch ziehen."
fra,"Comme elle est mariée à un professeur d'anglais, elle peut prendre des cours gratuitement."
fra,J'ai regardé une belle poule.
eng,Yuri has something he would like to say to you.
fra,Quelques objets furent volés.
ita,Tom pensa che le donne dicano sempre tutto alle loro migliori amiche.
fra,Nous avons un témoin.
ita,Lei non è per niente sorpresa.
deu,Komm nicht hier heraus.
deu,"Das Positive am Skeptiker ist, dass er alles für möglich hält."
ita,Non scelgo lei.
eng,"I was excited for the movie, but in the end it wasn't that interesting."
ita,Lei si rammarica di non aver superato l'esame.
fra,Je prendrai soin de vous tous.
eng,I wasn't wearing my uniform then.
deu,"Man lernt nicht gehen, wenn man immer sitzt."
spa,Deshágase usted de esas ideas ingenuas.
ita,Non pensavo che dormire fosse così complicato!
ita,Iniziamo con della birra.
deu,Du hast schon elf Flaschen Bier getrunken!
spa,Soléis pasear en Ticci.
deu,Tom und Maria haben in Boston geheiratet.
ita,Non vanno a lavorare in Romania.
spa,"La comida para mascotas está barata, así que voy a comprar de sobra."
spa,¿Cuándo volviste de Boston?
fra,Je respecte ton opinion.
ita,Lui ha avuto molte esperienze sfortunate.
fra,On comprend sa réaction.
deu,Sie sehen gut aus in diesem roten Pullover.
ita,Il cavallo è mio.
spa,Laos es un país de los que no se sabe apenas nada en España.
fra,Il parle le bengali.
deu,"Es ist unmöglich, jetzt rauszugehen."
spa,¡Eres tan valiente!
eng,What are you celebrating?
ita,Lasciate che parli con loro.
deu,Maria war mit den Nerven am Ende.
fra,"À ce moment, c'était sa seule tâche."
fra,"Dans quelques années, nous fêterons Noël dehors, en maillot de bain."
eng,"I want to go abroad, for instance, to Italy and Spain."
ita,Perché così tante persone soffrono di acrofobia?
spa,Nadie me lo dijo.
deu,Laurie ist zwanzig Jahre alt.
fra,Pouvez-vous me montrer comment ceci fonctionne ?
eng,"From now on, please call me Tom."
ita,Vado a costruire sinagoghe in Scozia.
deu,Ist alles normal?
fra,Tu ne la trouveras pas là-dedans.
spa,Una de las cualidades del aceite es que flota sobre el agua.
ita,Io non penso che il loro piano funzionerà.
deu,Ich gehe gerade meine Nase pudern.
spa,Los traidores robaron los fusiles al ejército.
eng,I'm always ready for death.
eng,Petrol is scarce in these parts.
eng,"It has four legs, it is made of wood and it lives in the kitchen."
eng,Someone needs to take Tom to the hospital.
spa,¿Me dejas tu diccionario?
fra,On a assassiné ton ami à ton nez et à ta barbe.
deu,Tom mag Rechnen.
ita,La fonduta svizzera è una prelibatezza per gli amanti del formaggio.
spa,Muchos perros están vivos.
ita,Ho sentito dire che eravate ammalate.
eng,Tom was suddenly brought back to reality.
fra,Il a eu beaucoup de chance.
deu,Ich kann das alles gar nicht glauben.
fra,C'est autant un art qu'une science.
fra,Tous les hommes sont partis à la guerre.
deu,"Tom fragte Maria, ob er sie küssen dürfe."
ita,Sto cercando di tenerli in vita.
deu,Ich kann nicht nach Hause fahren.
eng,That would mean a lot to me.
deu,Die werden mich anbeten. Du hast mich ja nur gern.
spa,Mantén esa cosa lejos de mí.
fra,Venez le lundi.
deu,Woher kommt dieses Gewimmer?
spa,Él toma con alcohólicos.
spa,Una casa es más que un mero edificio.
spa,Yo no pienso entrar en la casa de los horrores de este parque de atracciones.
eng,Fork-users have historically been in the minority.
fra,Mets cette robe !
spa,Temo que estaré atrapado aquí para siempre.
spa,Tus ideas no tienen ningún sentido.
deu,Ist der Satz ansonsten richtig?
eng,The house was hardly visible from a distance due to poor visibility.
eng,Tom told me he wasn't in Australia.
ita,Tutti sono in spiaggia.
deu,Ich fühle mich so allein.
deu,Haßt ihr uns?
ita,Non la posso pagare oggi.
deu,"Ehrlich gesagt: Das Zimmer, das man mir gegeben hat, war alles andere als komfortabel."
eng,"Be so kind, then, as to give me this gift."
ita,Vanno in vacanza in Lettonia.
spa,Ella enseñó en profundidad las bases de la gramática inglesa a sus alumnos.
eng,Tom hit me on the head.
fra,Des milliers de spectateurs furent enthousiasmés.
deu,"Von Tugend spricht, wer keine hat."
ita,Tom depositò un po' di denaro in banca.
deu,Sie nahm ein Taxi.
deu,Dies ist eine Übersetzung nicht zum Nach- sondern zum Bessermachen.
eng,Ziri and Rima sat next to each other in class.
eng,Today's newspapers recounted a meeting of Esperantists.
ita,Ho la cellulite.
ita,"Per favore, ascolti adesso."
deu,Ich bin wirklich sehr glücklich.
ita,Tu sei il nostro orgoglio!
eng,Tom is distorting the truth a bit.
eng,You can't park on this street.
fra,Que tiens-tu là dans ta main droite ?
eng,I'm sure Tom could show you how to do that.
ita,C'è poco da stare allegri?
fra,J'aimerais pouvoir commander de la nourriture thaïlandaise en thaï.
eng,Pray for rain.
ita,Io cammino sull'acqua.
deu,Wo habe ich meine Autoschlüssel gelassen?
spa,Usáis rapé.
eng,I admit I sometimes cry.
fra,Pourquoi elles ne m'ont pas prévenu ?
spa,Mis compañeros duermen a pierna suelta.
fra,Quand vas-tu lui demander ?
ita,Aveva un'espressione triste in volto.
eng,These overalls are very comfortable.
eng,I really missed you guys.
deu,Ich kehrte nach Japan zurück.
fra,Te laves-tu les mains avant les repas ?
deu,"Ich denke, das ist nicht wirklich wichtig."
fra,Le syndrome de Charles Bonnet provoque des hallucinations visuelles chez les malvoyants.
deu,"Diese Dinge sind Familienerinnerungen, die nur einen ideellen Wert haben."
spa,Debe ser muy triste tener que enterrar a un hijo.
spa,Él se jacta de que puede hablar seis idiomas.
eng,I know Tom might be permitted to do that by himself.
ita,È stato un sogno?
spa,Quiero esa chamarra.
fra,Ils sont capables de chanter.
ita,Era già partito.
deu,Mache das noch ein Mal.
eng,Tom noticed that Mary was asleep.
fra,"Ah oui, c'est vrai."
deu,Ich züchte Fische.
eng,You used to have a sense of humor.
deu,Ein Mensch muss arbeiten.
deu,In dem Geschäft gibt es eine große Auswahl an Taschen.
fra,Ce n'est pas celle qui change facilement d'avis.
deu,Ich hatte Recht.
eng,Boldi decided to have a little snack on the way to school.
ita,Gunter è uscito da lì prima che fosse troppo tardi.
deu,Er ist aktiv und hat eine gute Kondition.
ita,"È la tua sorella gemella, vero?"
fra,Il lui a demandé pourquoi elle est venue si tard.
eng,Tom explained his bizarre theory to me.
eng,He hardly ever came out of that room.
deu,Tom war auch da.
spa,Tom no quiere vender su granja.
spa,"Una habitación individual con baño, ¿verdad?"
deu,Tom gewann vergangenes Jahr auf der Wissenschaftsmesse.
fra,"Puisqu'il est en retard, nous avons commencé sans lui."
deu,Ich möchte ein Haus mieten.
deu,Im Deutschen kann man die Gegenwartszeit ungestraft für die Zukunft verwenden.
deu,Die Konferenz wurde geheim gehalten.
eng,I'm too tired to study now.
fra,L'été était en avance.
deu,"Ich habe die Aufgabe, für das Mittagessen das Gemüse zu dämpfen."
fra,"Un ensemble totalement ordonné est souvent appelé une ""chaîne""."
spa,Ha sido más fácil de lo que me esperaba.
spa,"Técnicamente, el hiragana es un silabario, no un alfabeto."
deu,Bin ich nicht schnucklig?
fra,Combien d'aubergines estimez-vous avoir mangées dans votre vie ?
eng,They couldn't move.
deu,"Mir doch scheißegal, was du denkst."
eng,Could you put something in the car?
fra,Êtes-vous sûres que vous n'êtes pas autorisées à rester ici ?
fra,Jiro Akagawa a écrit plus de 480 romans.
ita,Non essere troppo duro con loro.
ita,Siate gentili con me.
eng,I shall have received justice at your hands.
ita,Ho bisogno della tua esperienza.
fra,Elle a le sommeil très léger. Le moindre bruit la réveille.
fra,Ce qu'elle dit pourrait être vrai.
deu,Die Jugendlichen im Schwimmbad sind unsere Kinder.
ita,È abbastanza difficile padroneggiare il francese in due o tre anni.
eng,She had new tires put on her car.
spa,¿No os queda nada de harina?
fra,Je viens de Rome.
fra,"Eussé-je été plus jeune et plus riche, tu m'aurais épousé."
ita,Non vedo l'ora di rivederti domani!
fra,Ils attrapèrent un lion vivant.
fra,ils ne sont pas arrivés au Souk Letnayen.
ita,Li deve aiutare.
ita,Ci sopportiamo a vicenda!
ita,Mary ha detto che conosce il segreto di Tom.
ita,Vada a giocare con le sue amiche.
spa,Mi hermana mayor toca bien la guitarra.
eng,We must leave tomorrow!
eng,Karl didn't see any other cars.
eng,I haven't told Tom where I'm planning on doing that.
fra,Nous vivons dans la seconde moitié du vingtième siècle.
deu,Deine Schrift ist sehr leicht lesbar.
eng,Heron's Formula shows how the area of a triangle can be expressed as a function of its side lengths.
deu,„Das ist ein Problem.“ — „Das ist kein Problem.“
eng,The problem has become more complex.
eng,She got her hair braided and wore a Kabyle dress.
deu,Haben Sie im Zoo Fotos gemacht?
fra,Elle est morte d'une maladie chronique.
ita,Mi chiedo se dovrei avvertirli.
eng,Tom and I are mortal enemies.
ita,Io pensavo di essere troppo anziano.
spa,Tom está de vuelta con su exesposa.
ita,Cucina il couscous a casa.
fra,Tes cheveux sont frisés.
fra,Il est plausible que Tom parte bientôt.
deu,Auf diese Fragen wollten alle eine Antwort.
eng,Tom moved his lips without a sound.
fra,Range ta chambre !
fra,Elles ont porté les olives à Bejaia.
spa,Necesito un poco de ayuda.
spa,"Si estuvieras aquí, estarías feliz."
ita,Taglia un po' le patate.
ita,Mi mostri qualcos'altro.
eng,Tom thinks Mary won't eat dessert.
eng,There was a bus stop at the foot of the hill.
ita,Tutti mi guardano male.
deu,"Tom versucht, nett zu sein."
eng,Tom is going to have a great time.
ita,Odio veramente quando le persone mi fissano.
fra,J'apprends à conduire.
ita,Tom mise giù il suo libro.
ita,Questo dipinto è già stato venduto.
fra,Je te souhaite une bonne journée !
spa,Es una perra de plástico.
deu,Im Trümmerschutt fand man ein Band mit einem Rubin.
ita,Qual è il vostro gioco di corsa preferito?
fra,Est-ce que vous prenez des médicaments en ce moment ?
deu,"„Wollen wir nicht eine Tasse Kaffee trinken?“ – „Nein, vielen Dank. Ich muss gehen.“"
eng,Tom got bitten by a dog when he was thirteen years old.
ita,Adesso è troppo tardi. Inoltre sta iniziando a piovere.
spa,Comprémosle algo bonito a Tom.
fra,L'italien est considéré par beaucoup comme la langue de l'amour.
eng,Tom turned into a bat and flew away.
spa,Le molestamos.
ita,I due cani sono come i nostri figli per noi.
fra,Tom s'est perdu en venant ici.
fra,"On peut braver les lois humaines, mais non résister aux lois naturelles."
eng,"You're not the only one who's supposed to do that, are you?"
fra,Pouvons-nous aller dans ta chambre ?
spa,"Si se rompe, lo cambiamos."
deu,Bist du Fachmann?
eng,He set the house on fire.
ita,Non li allatto.
ita,Questa è la cosa più divertente di sempre!
eng,Sami was in his pyjamas.
fra,Tom ne sait pas où sont les lunettes de soleil de Manon.
eng,Tom said that he doesn't think Mary really wants to do that by herself.
eng,There is an urgent need for action.
ita,Io sono sicura che le piacerà Tom.
ita,Lui ha abbandonato il piano.
spa,Se me ocurrirá algo.
eng,Why don't we eat somewhere else?
ita,Fra il pubblico c'era il Ministro della cultura.
fra,Elle a bu du thé avec du lait.
spa,"Si te descalzas al entrar en casa, puedes reducir el desgaste de la moqueta."
spa,Apague la luz.
ita,Sai cos'è successo?
deu,Wie viele Sprachen möchtet ihr lernen?
spa,Voy a la casa de Tom.
eng,Mary drank the orange juice I poured for her.
fra,"Désolée, j’ai appuyé par erreur sur le bouton d’envoi en cours de route."
deu,Du bist nicht aufgetaucht.
ita,Andiamo a costruire palestre in Brasile?
deu,Sie begleitete ihn auf dem Klavier.
spa,Picasso es un artista muy famoso.
spa,Tom me da más miedo que Mary.
spa,¿Se puede posar?
eng,I'm not really sure who I'm supposed to talk to.
eng,I don't think that I have one of those yet.
deu,Das ist Toms Wagen.
deu,Tom ist empörend.
spa,Me he hecho daño corriendo.
eng,No one was aware of her literary talent.
deu,Ich mag Brombeeren.
deu,Warum habt ihr nicht weiter mit mir gesprochen?
fra,Sami montait.
eng,Tiziri grows plants.
ita,Tutto è costoso a Londra.
deu,Dein Portemonnaie liegt auf dem Tisch.
spa,"Tráeme el periódico, por favor."
fra,Est-ce que vous me comprenez ?
fra,Quand est-ce que tu reviens ?
ita,Mary la perse.
spa,Tom necesita que le digan la verdad.
eng,I didn't know how to get there.
fra,Elle a perdu la clé de sa voiture.
ita,Aveva suonato.
ita,Le dirò che sei passato a trovare.
spa,Es una buena muchacha.
spa,¿Cómo pronuncias esta palabra?
deu,Tom zog seinen Überzieher aus.
fra,"Cette odeur de moisi, émane de la rivière."
fra,Tom a empêché Mary de faire cela.
deu,Niemand wird heute Nacht schlafen.
fra,L'hôte recouche l'enfant agité.
spa,"Puesto que he domesticado mi cólera, la guardo en mi bolsillo. Cuando la necesito, la saco."
ita,Lo sappiamo tutte che l'oro è più pesante dell'argento.
spa,Mi padre siempre se pone nervioso.
ita,Lasciamoli decidere.
eng,I don't think it's very likely Tom will do that.
fra,As-tu des œufs ?
ita,Viviamo sulla terra.
deu,"Ich weiß, dass Tom euch weh getan hat."
fra,Aère-toi la tête.
eng,Sami didn't like sharing space with Layla's son.
deu,Das ist eine große Illusion.
eng,Mary wasn't in her bedroom.
spa,No me importa nada de esto.
ita,Concentrati sui tuoi punti di forza e migliora continuamente i tuoi punti deboli.
ita,Parliamo con loro.
eng,His career had faltered.
eng,The misfortune of the ants makes the elephants laugh.
eng,I would've been worried if Tom hadn't been there.
deu,Ihr Herz war voller Mühsal und Kummer.
spa,Estoy nadando en el río.
fra,Je lui ai déjà pardonné.
fra,On n'est pas rendues.
spa,¿Qué lenguas sabes?
ita,Aveva compagnia.
deu,"„Hast du verstanden, was Maria gesagt hat?“ – „Bruchstückhaft. Sie hat viel zu schnell gesprochen.“"
eng,They got grounded.
eng,You understand that book.
spa,El gusto de mi esposa para vestirse es contrario al mío.
spa,Me está observando.
fra,Boston ne me manque pas du tout.
fra,Nous ne savions pas quelle voiture acheter.
deu,Ich bin Ihnen sehr dankbar für diesen so angenehmen Abend.
ita,Vado a fare amicizie in Islanda.
fra,Je suis aussi malade.
fra,Tomáš est un étudiant slovaque.
eng,"It's hot today, so we can swim in the ocean."
spa,Tom necesita un médico.
ita,Penso che non andrò per svago in Grecia.
spa,Estaba en la tienda.
eng,The girl is very pretty.
fra,Je suis Scorpion.
spa,La trompeta es un instrumento musical.
eng,What's the most serene and peaceful destination you've been to?
spa,Es la última mujer que yo esperaba ver.
spa,Le di a Tom todo lo que tenía.
spa,Un camión atropelló al perro.
ita,Nomini tre angeli.
deu,Ich hätte es fast vergessen.
ita,Ho rimandato tutto per stasera.
fra,C'est quoi le nom de jeune fille de votre mère ?
ita,Vorresti che noi portassimo qualcosa alla cena?
ita,Perdona Tom e me.
spa,No podemos ayudarlo ahora.
deu,Wir haben hinten gesessen.
ita,Ha incontrato Salas nella moschea.
ita,C'è una differenza evidente?
ita,Tom annusò il fiore.
spa,"Finalmente, Tom se cansará."
spa,Vi la forma en que lo estabas mirando.
eng,Tom ought to be reliable.
ita,Vuole andare a fare shopping con me?
spa,Encontré una llave vieja y oxidada en esa habitación.
spa,¿Niegas que fuiste allí?
fra,Trente-cinq degrés Celsius correspondent à quatre-vingt-quinze degrés Fahrenheit.
eng,I blush when I see you.
spa,"No me acusan, me insultan; no me combaten, me calumnian, y no me dan el derecho de defensa."
ita,Li uccisero.
deu,"Die Nachricht, dass sie gestorben sei, ist eine Lüge."
ita,Mary li ingannò tutti.
eng,I thought that Tom said he liked this kind of music.
ita,La prigioniera è stata messa in libertà ieri.
fra,La voiture a heurté le camion.
ita,"Dove andrai domani? ""In Sudafrica."""
fra,Il a essayé de me griffer.
fra,Pourquoi voudraient-ils faire cela ?
deu,Er ist hochgewachsen.
spa,¿En qué grupo está su amigo?
spa,Tengo todo el derecho.
deu,Gehe nicht zurück! Bleib stark!
spa,No fue demasiado pronto.
ita,Non vado a costruire mausolei in Libano.
fra,Je ne parle qu'un semblant de japonais.
ita,Mary si è lamentata del suo lavoro.
fra,Il m'a permis de travailler dans ce bureau.
ita,Si può facilmente giudicare la maturità di una banana dal colore della sua buccia.
fra,Qu'y a-t-il dans le sac ?
fra,Nous l'avons rattrapée sur la route.
deu,Er hat eine Fahne.
deu,Die Spannungen nahmen zu.
eng,"Calm down, man!"
ita,Cosa inventò Bell?
deu,Ich arbeite als Manager.
fra,Le taureau rue dans l'arène.
spa,Colm es la persona que pensé que vi.
spa,Los platos del desayuno todavía estaban en el fregadero.
ita,Dovreste consultarle.
eng,He had been working on his novel for six months when we visited him.
eng,The grapes seem to be sour.
ita,Dobbiamo ancora imparare la verità.
spa,Yo sé que tú quieres mucho a tu esposo.
eng,Tom is a TV enthusiast.
deu,Träume sagen die Wahrheit.
eng,At least 31 people were killed when Mt. Ontake erupted.
ita,So tutto ora.
deu,Beim Mahl der Kaki / erscholl der Schlag der Glocke. / Hōryūji.
eng,Ziri harvested the medlar tree.
ita,Lei ha solo quindici anni.
deu,Behalte die Tür im Auge.
spa,El muchacho besó a la muchacha.
deu,Warum bist du so erbost?
ita,Non sto facendo questo per me.
deu,Tom heulte.
ita,Va a cercare qualcosa in Bangladesh.
fra,Il a tiré trois fois.
deu,Warum laßt ihr Tom mit einer einfachen Verwarnung davonkommen?
eng,Americans dream.
deu,"Sie gab zu, dass mein Angebot angemessen war."
ita,A me piacciono queste mele.
fra,Je ne me sens plus en sécurité ici.
fra,Je ne dis pas cela sans raison.
spa,No podemos permitir que Tomasa se vaya como si tal cosa.
ita,Avete provato gli appuntamenti online?
deu,Schweizer sind keine Schweden.
ita,Non va a costruire negozi in Ucraina.
spa,El doctor le dió a ella morfina.
deu,Wilhelm änderte sein Erscheinungsbild.
spa,¿Ya has recibido la copia para noviembre de la revista Mi Jardín?
ita,Si tolga le calze.
deu,Du hättest sein Gesicht sehen sollen.
eng,Have you packed everything?
ita,Non andiamo a costruire strade in Arabia Saudita?
fra,Il le sait avec une certitude absolue.
fra,Voici des clous pour réparer la table.
spa,¡Siéntate derecho!
ita,Siamo stati a casa perché stava piovendo.
fra,Allons-y ! Aux motos !
ita,Ho visto un gregge di pecore.
eng,My father would never allow me to do that.
spa,Esto lo haremos sin costo.
spa,Me dolían los brazos.
eng,"You know I don't want to do that, don't you?"
fra,Tout le monde se refuse à parler.
spa,La quiero mucho.
fra,"Marie regarda George, admirative."
fra,Le chameau a une grosse bosse sur le dos.
ita,Non ho mai detto niente.
eng,Tebboune regularly holds a council of ministers.
spa,"¡No mires a Tom, mírame a mí!"
eng,"She's kind of weird, isn't she?"
spa,Él enseñaba historia en la escuela.
deu,Könnten Sie das bitte für mich tun?
spa,La gente de hoy en día no puede vivir sin coche.
eng,Stuart gave me a slip of paper with an address on it.
fra,Je t'ai dit que c'était trop tôt.
spa,Está hospedado en un hotel.
spa,El mono trepa rápidamente por el árbol.
ita,Tom chiese a Mary se conosceva il suo nuovo indirizzo.
fra,Vous avez peur de moi.
eng,"She's good at math, isn't she?"
fra,Essaieras-tu de trouver des symboles dans tes rêves nocturnes ?
eng,Do you want me to teach you how to do that?
fra,Combien de fois par semaine prenez-vous un bain ?
spa,"No seas mal pensado, él es solo mi amigo."
fra,Ce groupe cartonne partout en France.
spa,¿Tienes una llave extra?
ita,Troverà qualcosa.
ita,Abbiamo studiato.
eng,"If you dress like that at your age, you'll make a fool of yourself."
deu,Haben Sie wirklich Musik studiert?
ita,Io non sono mai stato a una festa così bella.
spa,Yo tengo un hermano mayor y dos hermanas menores.
spa,Voy a estudiar ruso.
ita,"Hai dei fratelli e delle sorelle? ""No, sono figlio unico."""
spa,Ciertos periódicos deformaron la verdad.
ita,Dovresti scusarti con Mary.
fra,"Néanmoins, je pense que l'expérience fut un succès."
fra,Ils devenaient nerveux.
fra,Tiziri a dit ça.
spa,Mi padre me ha comprado una nueva bici.
fra,"Il semble que les bikinis soient à la mode, cette année."
deu,Bei Tom hapert es gewaltig an Einfühlungsvermögen.
eng,Algeria needs to provide more subsidies to cushion the blow of inflation on poor families.
ita,Quando ti svegli la domenica?
eng,I have dinner with Taninna almost every day.
spa,"La gente mayor, con dolencias respiratorias, son población de alto riesgo."
deu,"Tom wartet darauf, dass Maria wiederkommt."
fra,L'enfant malade est soignée par la voisine.
fra,Mon ordinateur est cher.
fra,Le temps est demeuré mauvais.
spa,¿Hay una farmacia cerca?
ita,La risposta di Tom era evasiva.
deu,Nehmen Sie meinen.
eng,I would've thought that Tom would do that.
spa,¿Por qué te molesta?
ita,Va a fare affari in Spagna.
spa,Te arrepentirás de ello.
ita,Sami era geloso.
eng,It's enough to send you round the bend.
ita,Non mi sono dovuto sforzarmi molto.
eng,We were living peacefully.
deu,Warum ist das hier?
eng,She will be seventeen next year.
fra,Je suis très en retard.
deu,"Sie hat es verdient, die Wahrheit zu erfahren."
spa,No molestes a Tom mientras está durmiendo.
eng,Did you hear the birds tweeting?
spa,¿Quieres decir que ignoras lo que pasó?
ita,Il parco è chiuso lunedì.
spa,Ya es demasiado tarde para echarse atrás.
deu,Sie hat dich angelogen.
deu,Ich wandere gern.
spa,Ese auto me chocó muy fuerte.
fra,Il passait par-dessus les échaliers.
deu,Das Mädchen scheint nicht auf ihn zu achten.
spa,¿Por qué no entras y hablamos de ello?
fra,Où avez-vous vu ça ?
fra,Ces jumeaux-là se ressemblent comme deux gouttes d'eau.
ita,Mi hanno detto che sarebbero stati qua.
deu,"Es ist sehr gut, aber du kannst es viel besser machen."
ita,Non riesco a mentirvi.
fra,Elles sont allées acheter de la laine.
ita,Ditele di aiutarlo.
ita,Di cos'è che aveva così tanta paura?
eng,"Thousands of Moroccans have defied their authoritarian king, calling for change."
ita,"Di che nazionalità sono le loro madri? ""Boliviana."""
fra,On a tous réclamé des poèmes kabyles.
deu,Es ist warm heute.
deu,Ich habe einen Brief von einem Freund aus London bekommen.
eng,I drove downtown to meet her.
deu,Erfülle diesen Tag mit Freude und Vergnügen!
ita,Benvenuti nella nostra nuova casa.
eng,No one can undermine your impact at work.
spa,Dibujádmelo.
spa,No soy apto para la labor física.
eng,Both Mary and I like Australia.
fra,M'accoutumer au bruit m'a pris un long moment.
deu,"Tom wohnt zwar schon zehn Jahre hier, aber er scheint die Stadt nicht gut zu kennen."
eng,Most of us feel the end is very near.
ita,Posso venire.
ita,Il bambino ha finito l'esercizio.
spa,Todos los partidos del torneo serán transmitidos en vivo por Internet.
spa,"Cuando crezca, quiero ser conductor de tren."
eng,Tom has been declared brain dead.
spa,¿Cómo se debería de hacer para parar el descontento?
fra,Mon père pouvait parler l'italien très couramment.
spa,Es ya hora de comer.
spa,Hay muchas colinas en esta región.
spa,¿Puedo irme a dar un paseo?
spa,¿Quién sería tan estúpido como para hacer eso?
ita,Va a costruire allevamenti in Canada.
fra,J'ai hâte de te raconter ce qu'on a fait.
eng,I don't think that we should be fighting.
deu,Sie hat ihren Eltern ein schönes Haus gebaut.
ita,Si è sofferto troppo.
spa,La forma honesta en que él vive es verdaderamente admirable.
fra,Ses dents sont jaunes à force de trop fumer.
ita,Tu sei piena di energia.
fra,Il ne reste que cinq minutes avant que le train ne s'ébranle et elle n'a pas fait son apparition.
eng,"I read the article ""Effects of Collisions upon a Partial Dyson Sphere."""
spa,Él es maestro.
deu,"Tom isst kein Schweinefleisch, nicht wahr?"
spa,Siempre está aprendiendo algo nuevo.
spa,¿Cómo pudo haber ido mal?
ita,Non poteva proteggerlo.
spa,"Ocupado, te llamaré de vuelta."
fra,Akira joue très bien au tennis.
deu,An der Kinokasse ist ein ziemliches Gedränge.
eng,Not one of us is local.
eng,"Mary is waiting in the car, isn't she?"
ita,Non ho mai pensato che li avrei trovati.
spa,¿No te parece divertido este pasaje?
ita,Prima di andare a dormire è necessario aerare la stanza.
fra,Cela ne te regarde pas.
spa,"Antes, todos los niños podían distinguir el bien del mal."
deu,"Er fragte, ob ich chinesisches Essen möge."
fra,Veux-tu verser du lait dans le thé ?
deu,Ich steige hier aus.
spa,No es Navidad.
fra,Fais-je l'objet de soupçons ?
ita,Tom e Mary dissero che non erano dispiaciuti.
eng,"If you don't do that, we'll kill you."
ita,"Se vai in quel negozio, prendi due paia di calze?"
deu,"Du sagst, ich habe schon nicht mehr alle Tassen im Schrank, dabei bist du selbst schon geisteskrank."
spa,María siempre está sola.
eng,Toki Pona is an aphoristic language.
eng,"Are you angry at me? ""How could anyone ever be angry at you?"""
eng,Sami's mother would do anything to provide for her son.
deu,Das sind meine Brüder.
eng,Algiers should have a unique form of modernism.
ita,"Tu hai comprato il cibo, quindi se compro il vino si pareggeranno le cose."
fra,Promets-moi que tu tiendras tes promesses.
fra,La porte arrière n'était pas verrouillée.
eng,How do I study best?
deu,Das zu tun wäre ein großer Fehler.
eng,He's a hippie.
spa,No puedo ayudarte con esto.
ita,Ce la fai a stringere i lacci?
deu,"Tom nahm mir das Versprechen ab, niemanden mehr als Esel zu bezeichnen."
deu,Kaufe ihm nichts.
eng,"In the 19th century, the number of immigrants swelled rapidly."
deu,"Weißt du, was ich an dir liebe?"
spa,A Tom le dolía la cabeza.
eng,We're parents now.
fra,C'est une hypothèse intéressante.
fra,Tu n'es pas viré.
ita,Le ciliegie di Ziri sono più grandi.
deu,Hast du es je hageln sehen?
deu,Heute Nacht werde ich nicht einschlafen können.
fra,Les gens le savent ?
fra,"Ici, c'est moi le patron."
fra,J'ai le profond regret de vous annoncer son décès.
spa,El reportaje que emitieron mostraba una situación claramente sesgada.
eng,What's a computer hard drive?
eng,Where's my ticket?
ita,Questo non ti aiuterà.
fra,"Acquière de la maturité, Joé."
eng,Why don't we see if we can get inside?
deu,Er war irgendwie in der Lage über den Fluss zu schwimmen.
spa,"El nombre del coche de Marco es ""Thunder Giant""."
ita,L'esperienza vi insegnerà il buon senso.
fra,Je manque de vitalité.
eng,I let Tom know what I was thinking.
fra,J'ai reçu des commentaires de milliers de personnes.
fra,Je ne savais pas qu'un tel lieu existait sur le chemin de l'école.
deu,Waren Sie schon einmal am Schwarzen Meer?
fra,Je me demande où Tom a appris comment faire cela.
deu,"Der Welt Schlüssel heißt Demut. Ohne ihn ist alles Klopfen, Horchen, Spähen umsonst."
spa,No puedo pararme.
fra,De quelle équipe fais-tu partie ?
fra,Il neige sans cesse.
spa,Él pudo resolver el problema con facilidad.
fra,J'ai dit que je voulais manger.
deu,"Ich denke, du solltest ihn fragen."
eng,My body isn't as flexible as it used to be.
deu,"Tom, liebst du mich noch?"
spa,Busco a mis amigos.
fra,Le gâteau est en train d’être mangé.
fra,Veuillez accepter mes condoléances.
eng,Ziri is reliable on Rima.
spa,"Separado de ella, él se sentía completamente desamparado y perdido."
deu,Der Film war viel besser als erwartet.
deu,Susanne kommt ganz nach ihrer Mutter.
fra,Il n'est pas allé à Ouadnan.
ita,Tom mangiò tutti i suoi pasti nella sua stanza.
fra,Je ne suis pas pauvre au point de ne pas pouvoir envoyer mon fils à l'université.
deu,"Tom eilte zu Maria, als er hörte, dass sie Hilfe brauchte."
fra,Beaucoup de personnes sont encore portées disparues.
deu,Wir schwimmen einmal pro Woche zusammen.
ita,Benvenute al cabaet.
ita,Ma fammi il piacere!
deu,"Die Erde würde alle Menschen ernähren, wenn alle solidarisch handeln würden."
fra,Il est plus sage de quitter cet endroit.
deu,Ich habe Augen. Und mit denen kann ich sehen.
spa,¡Has estado mirando esa pantalla todo el día!
fra,Tu vas l'accompagner.
fra,Il est parti en voyage à Tokyo avec sa famille.
ita,Era nel negozio.
ita,Non volete fermare Tom?
ita,Io non li saboto.
deu,Haben Sie schon einmal kurze Lederhosen getragen?
fra,Il a poursuivi ses études au Canada.
eng,We need to study the cause and effect of the accident closely.
deu,"Wie lange ist es her, daß Sie in Australien lebten?"
fra,Avez-vous déjà été traitée pour la syphilis ?
ita,Morite al club!
fra,Faisons-le de cette façon.
eng,He sold the car last week.
spa,«¿Te cansaste andar por el mercado?» «¡No me cansé! Se me entumeció un poco la pierna.»
fra,C'était très difficile.
ita,Avete un passaporto valido?
ita,Vi sono grato per il vostro aiuto.
ita,Lei ha svegliato Tom.
eng,You aren’t allowed to mine here.
ita,Devo aiutarti.
deu,Du bist ein sehr tollpatschiger Kerl.
fra,Collectionnez-vous quelque chose ?
eng,I will return tomorrow.
ita,Mary mi ha fatto giurare di non dirlo a Tom.
ita,Sono al Libre Software Meeting per presentare il progetto Tatoeba.
spa,"Nuestros clientes están en Taiwan, explicó Tom."
fra,Je ne sais pas combien de temps ça prend.
spa,He oído que Tom odia a Mary.
eng,Tom made a 911 call.
eng,I'll buy her a violin.
spa,Me quiero rascar la nariz.
fra,Nous n'avions pas l'habitude de gagner.
ita,Ho fatto bene qui.
spa,Estoy esperando.
spa,Las ciudades son los crisoles de la civilización.
deu,"Jetzt sei aber mal still! Du bist ja schlimmer als mein Vater, wenn er sich über etwas aufregt!"
deu,"Ich glaubte, ich hätte eine Lösung meines Problems gefunden."
eng,It's convenient for me to see you at ten tonight.
deu,Wann haben Sie die Ohrringe gekauft?
deu,Tom findet eine seiner schwarzen Socken nicht.
ita,Tom sedeva a gambe incrociate sul pavimento.
fra,Je tuerais pour être américain.
deu,Der Käse war köstlich.
fra,J'adore votre fille.
ita,Non vai a costruire strade in Uganda?
fra,Le fondationnalisme moral cherche des principes éthiques premiers auto-évidents.
spa,¿Dónde nos habíamos quedado?
fra,"Tout ça, c'est du charabia pour moi."
ita,Ecco perché non fa accordi con questi ladri mafiosi.
deu,Wer ist heute in der Telefonzentrale?
eng,There aren't only nice people in the world.
fra,Cela fait dix ans qu'ils vivent ici.
deu,"Ich bin nicht mehr die, die ich mal war."
spa,Lo ha hecho a la antigua usanza.
deu,"Du denkst ich hätte nichts zu tun; im Gegenteil, ich bin sehr beschäftigt."
ita,Sono ancora debole.
spa,¡El latín es la lengua del futuro!
fra,Un an s'est écoulé depuis sa mort.
ita,Guardate cos'ho trovato sistemando la libreria!
deu,Sprichst du ausgehend von eigenen Erfahrungen?
spa,Tom no quiso romperle el corazón a Mary.
eng,Stefan hasn't finished the movie.
spa,Un accidente así puede volver a pasar.
deu,"Maria ist der Ansicht, das Leben sei zu kurz."
fra,Sami n'a rien reçu.
eng,Tom and Mary want to adopt a child.
fra,Êtes-vous instructeur ?
eng,Do you hear Yanny or Laurel?
spa,Sé que ahora tengo un problema.
fra,J’exige qu’ils aillent vite chez eux.
spa,¡Hay muchas actuaciones increíbles allí!
fra,Demain nous serons mardi.
ita,Non l'abbiamo vista recentemente.
eng,Have you spent much time in Boston?
deu,Wir haben keine Nahrung.
ita,Vi manderò un'altra copia.
fra,Qu'ont-elles emporté avec elles le jour où elles sont parties en voyage ?
eng,Why don't you let Tom drive?
ita,Le suggerisco di andare a Boston con Tom.
fra,Je suis désolé de ce que j'ai dit.
fra,Le chargeur est vide.
ita,Che ci fa a casa così presto?
ita,Digli che siamo impegnate.
fra,Vous n'avez jamais eu de considération pour nous.
deu,Ihr habt eure Niederlage eingeräumt.
ita,Non voglio essere ricordato.
spa,Despertalos.
ita,C'è una soluzione per tutto.
deu,"Vor allem ist es zwingend erforderlich, die Aufmerksamkeit auf das nächste Spiel zu konzentrieren."
deu,So denken wir nicht mehr.
spa,¿Huelo mal?
fra,Les ratons laveurs sont gris avec de petits yeux noirs.
fra,Tu es complètement ignorante.
fra,Vous nous devancerez à Ait Rzin.
spa,Tom tiene trece años.
ita,"Di che nazionalità erano i nostri professori? ""Tedesca."""
deu,Die Suppe ist sehr heiß. Man kann sie nicht sofort essen.
eng,Tom isn't qualified.
spa,Ya es hora de irse a dormir.
fra,Il ne s’est rendu compte qu’on l’a eu qu’à la fin.
eng,Yanni's business needs a professional website.
ita,Tom ha detto a Mary che avrebbe potuto predire il futuro.
fra,Ta sœur n'a pas participé.
deu,Meine Mutter ist Oberschullehrerin.
ita,Non la vede?
ita,Non era sempre un imam.
deu,Tom hat mir Kekse gebacken.
spa,¿Quién es tu actor favorito?
fra,Comment vous devez traduire sueur en langue chaouie ?
ita,Tom non si perde molto.
deu,Dieser hier ist schöner.
eng,"As he grows, he becomes increasingly handsome."
deu,Wir betätigen uns seit 8 Jahren als Sponsoren.
eng,Do you remember what to do?
eng,Tom tried to reach Mary.
fra,Deux fois quatre égalent huit.
ita,Adesso dammi il libro.
deu,"Glauben Sie, Tom leiht mir sein Auto?"
spa,Pedí a mi secretaria que sacara diez copias.
deu,"Krankheiten haben für gewöhnlich mehrere Ursachen, nicht nur eine."
spa,¿Vas a estar en casa para Navidad?
fra,J'espère que cela n'arrivera jamais.
spa,Yo nunca debería haber pasado el rato con Tom.
ita,Ha della posta.
eng,What do you want to get him for his birthday?
spa,¿Qué estáis preparando?
eng,Who's behind it?
deu,Du kochst besser als ich.
spa,La pareja decidió adoptar a un huérfano.
fra,Il préfère les moules.
spa,Supongo que es diferente cuando lo consideras a largo plazo.
fra,Le tatar est la langue turque la plus parlée de Russie.
deu,Er küsste seine Katze.
spa,¿Dónde debo archivar esta correspondencia?
deu,Ich esse weniger als ihr.
deu,Er vermehrte seine Ersparnisse.
spa,Miles de satélites orbitan alrededor de la tierra.
eng,We're undressing.
fra,Est-ce que ça pose un problème si je viens te rendre visite aujourd'hui ?
deu,Wie oft habe ich das Ihnen schon gesagt?
fra,Je voudrais apprendre l'anglais pour connaître d'autres cultures.
ita,"Ma rimane, comunque, strano il fatto che non sia stata riportata la motivazione della sospensione."
spa,Mateo es un experto en cartografía antigua.
spa,¿Cómo es esto? Se suponía que no te interesaba mucho. ¡Qué curioso!
spa,A mí eso no me pasa.
eng,Is she eating?
ita,Uscire col proprio ex è come mangiare il proprio vomito.
spa,El carro atravesó el extenso campo.
fra,J'ai pensé qu'il fallait un peu de patience.
deu,"Maria, das ist aber eine Überraschung! Komm doch herein! Hast du schon gegessen?"
ita,Tom ha preso Mary con sé.
deu,Hast du die Kartons schon auf den Dachboden gebracht?
ita,La guerra è finita nel 1945.
eng,Tom is no match for me in tennis.
spa,Esta roca es el resultado de la acción de temperaturas elevadísimas y de grandes presiones.
deu,"Fantasie besitzt die Kraft, unbemerkt Dinge in Bewegung zu setzen."
ita,Andiamo in vacanza in Sardegna.
fra,Tom et Marie ont passé Noël ensemble.
eng,She was too wise not to understand what you meant.
ita,È qualche giorno che mi sento strano.
fra,Vous êtes loin de chez vous.
ita,Pensa a tuo fratello!
eng,Can we stop at my place?
eng,He asked her what she had in her suitcase.
ita,Sarà per un'altra volta?
deu,Rings um das Dorf breitet sich eine grüne und abwechslungsreiche Landschaft aus.
spa,El hierro es más útil que el oro.
eng,Tom said that he thought Mary was very reliable.
eng,Reconciliation among religions is the foundation of world peace.
fra,"La porte n'est ni fermée, ni grande ouverte, elle est entrouverte."
spa,Se me pasó el tren por dos minutos.
fra,Te rends-tu beaucoup plus loin ?
ita,"Da quando ci diamo del ""tu""?"
deu,"Mein großer Bruder kann tun, was er will."
spa,A Mary las críticas de la prensa le hacen lo que el viento a Juárez.
ita,So che non è facile gestire queste cose.
ita,"Per piacere, non faccia così tanto rumore."
ita,Yanni dorme con il suo portatile addosso.
eng,Tom is thinking of going to New York.
ita,Quindi non vuole farti soffrire?
deu,Ich werde dennoch bei meiner Meinung bleiben.
eng,The lesson finishes at noon.
fra,Êtes-vous venues aujourd'hui ?
eng,We'll discuss that later.
deu,Ich liebe Linsensuppe.
deu,In schlechten Zeiten werden die Kirchen wieder voll.
spa,Los leones son animales territoriales.
eng,I promise you that I'll do something about the situation.
deu,Tom war schon wieder böse auf mich.
spa,Alza las manos.
fra,Il nous a entraînés pendant six mois.
eng,Tom wasn't in the army.
eng,Tom likes to imitate everything Mary does.
spa,"Ya que él no fue capaz de demostrar su inocencia, debió abandonar su ciudad natal."
ita,La Francia ha collaborato durante la guerra.
ita,Dove avete messo il mio libro?
ita,Tom votò Obama.
deu,Ich mag Kuchen.
spa,Fue apenas ayer éramos niños.
eng,Tom recently bought a motorcycle.
eng,Sorry for my impatience.
fra,Il les a arrangées.
spa,¿Es ciego tu hijo?
ita,"Per piacere, parli in francese."
spa,La casa se vendió en un millón de dólares.
eng,We developed a hotel in Algeria.
ita,Questo è urgente.
fra,Elle montait dans sa voiture et partait.
deu,Tom ist ein engstirniger Mensch.
fra,Ce sont des on-dit !
eng,I think it's necessary for him to go there.
ita,Quella non è la questione.
spa,No dije nada.
deu,"Weniger als einen Monat, nachdem er ins Ausland gereist war, wurde er krank."
eng,I saw Tom just a few moments ago.
spa,Acabo de recibir las noticias.
deu,Es lebe die Gedankenfreiheit!
eng,No one thinks that you're stupid.
spa,Natalia se pasa el día grabando vídeos.
fra,Tom a été impliqué dans l'enlèvement de la fille de Mary.
deu,Ich ging nach Dänemark.
ita,Ti piace quell'ulivo?
fra,Je suis immunisé contre la variole.
spa,"A Jack no le falta talento musical, al contrario, toca muy bien el piano."
ita,"Di che nazionalità sono i suoi studenti? ""Canadese."""
spa,No nos costó mucho.
deu,"Du weißt, ich würde alles tun für deine schönen Augen."
deu,Der Mann ließ sich mit seiner Frau ein.
eng,Can you drive a truck?
deu,"Ich denke nicht, dass ich mit dir Französisch lernen möchte."
eng,I can't believe we're really doing this.
ita,Hanno ammesso che non erano coraggiosi.
eng,Tom passed out on the couch.
deu,Er ist nicht mehr so fleißig wie einst.
fra,Nous sommes prêts.
ita,Per lavoro vanno in Russia?
spa,Se me está olvidando el latín.
spa,Nos ordenaron que nos largáramos sin la menor explicación.
deu,Könnte ich einmal mit dir über etwas Persönliches reden?
fra,Puis-je l'emprunter pour deux semaines environ ?
fra,Je pensais t'avoir dit de te couper les cheveux.
ita,Amo il suo accento tedesco.
deu,"Was hältst du davon, wenn wir heute Abend zur Abwechslung mal draußen essen?"
deu,Gib mir dein ganzes Geld!
deu,"Wer am Morgen lacht, weint am Abend."
eng,What do you think of your gay friend?
fra,Ne vire personne !
spa,¿Qué desearía comer hoy?
eng,We should've made a papier-mâché model.
fra,Il est un peu naïf.
eng,I can't give you an immediate answer.
spa,Ella continuó hablando.
ita,È rosso ora.
ita,Devi colmare la perdita.
ita,Io sono arrabbiata con te.
ita,Sapete cosa? Noi resteremo là.
deu,"Tom dachte, er sei eine Katze."
spa,"Cuando la antena extensible se hubo retraído, Marc desconectó la señal."
fra,Es-tu malade ? Tu sembles pâle.
fra,Nous prendrons un ananas tout à l'heure.
spa,La ventolera estuvo a punto de despeñarme.
eng,Why are you wearing a Shawi dress?
deu,Hast du die Bestellung schon aufgegeben?
spa,No hay mejor desprecio que no hacer aprecio.
deu,"Sag ihm, dass ich es machen werde."
fra,Rendre visite à Tom était une bonne idée.
eng,Tom isn't likely to be charged with perjury.
deu,Dieses Gesetz ist nichts als Flickschusterei.
fra,Aujourd'hui nous mangerons du riz avec du poulet frit.
spa,Necesitamos muchas iniciativas empresariales para levantar la economía.
ita,Ne sono orgogliosa.
deu,Wir sagen uns alles.
deu,Könnt ihr ein Omelett machen?
ita,Io non ho alcuna obiezione.
deu,Er ist bestimmt unschuldig.
eng,You should ask Tom for details.
fra,"Demain, j’utiliserai sa voiture."
eng,I liked your book.
deu,Putz dir mindestens zweimal pro Tag die Zähne.
ita,Parliamo del problema di Tom.
eng,Which one of Japan's historical characters do you identify yourself with?
ita,"Di che nazionalità sono le nostre dottoresse? ""Marocchina."""
deu,Seit gestern ist Tom Vorsitzender eines Kaninchenzüchtervereins.
spa,Mi país es Turquía. Soy turca. Hablo turco.
eng,Can I have a copy of it?
fra,J'ai vraiment envie de te revoir.
deu,Halt die Klappe und hör mir zu!
spa,Le perdimos la pista en este riachuelo.
deu,Nehmen Sie Ihre Hand von meinem Schenkel weg!
deu,Schauen Sie! Die Katze ist in der Küche!
spa,Respóndeme esto.
ita,"Di che nazionalità erano le loro alunne? ""Lituana."""
spa,Despiértame a las ocho.
fra,Sais-tu comment y accéder ?
eng,Is Tom a good chess player?
ita,Lascia che risponda a questa domanda.
fra,J'ai une brouette dans mon garage que je n'ai jamais utilisée.
spa,La superficie del cráter lunar quedó iluminada por el potente haz de luz láser.
ita,Perché Tom non se ne va?
deu,Tom kümmert sich gerne um den Garten.
eng,Tom really knows how to tell a story.
ita,Ora che sono riuscita a sfasciarmi il ginocchio sono contenta.
ita,Noi tutti speriamo che non succeda niente.
fra,"« Dans quelles circonstances le corps a-t-il été découvert ? », demanda le commissaire."
spa,Los trenes pasan con mayor frecuencia que los autobuses.
fra,Elle avait honte de son inattention.
deu,Gern geschehen.
spa,¿Se están preparando?
ita,Sembrate piuttosto malate.
fra,Tom est suspecté d'être un espion russe.
spa,Los dos no son de la misma categoría.
spa,Algunos idiomas usan silabarios.
deu,Das Wetter erkennt man an dem Wind.
spa,El Festival de Primavera es también conocido como el Año Nuevo Chino.
eng,Tom appears to be wise.
fra,Je veux m'entretenir avec vous de cette liste.
spa,Repetí mi nombre.
eng,He didn't do me the courtesy of greeting me when he passed me by.
fra,Je n'arrive pas à croire que vous pensiez que je trichais.
ita,Sei troppo sospettosa.
deu,Was für eine Kälte!
deu,Wir machten zeitig zu.
spa,"¿Dónde está vuestra casa? ""Por allá."""
ita,"Voi avete lasciato questo, vero?"
fra,Tom aime le steak tartare.
deu,"Ich weiß, daß sich Tom kooperativ zeigen wird."
eng,Ziri brought out the revolver.
fra,Où les avez-vous vus ?
ita,Era dolorosa.
deu,Zu welchem Club gehörst du?
fra,La rencontre sportive a eu lieu le 15 octobre.
ita,La natura è un elemento molto importante nella cultura australiana.
spa,Debes leer.
spa,¿Se lo dijiste a tus padres?
spa,Él es incapaz de decir una mentira.
deu,Sie versperren die Sicht.
eng,I thought you knew that Tom wasn't going to be at today's meeting.
deu,Das Regenrohr ist verstopft.
ita,Lei pranza in aula?
fra,"Le temps passe, et le temps ne passera jamais."
eng,Have you ever gone camping?
fra,Vous êtes triste.
eng,No one suspected me.
ita,Fate questo per Tom.
ita,Al tuo posto avrei detto no.
eng,"Today, we have to sleep outdoors."
deu,"Ich habe etwas gefunden, was dir gefallen könnte."
spa,Vamos a intervenir cuanto antes.
deu,"Sind das alles deine Bücher, Tom?"
eng,"Gaming, women, and wine, while they laugh, they make men pine."
ita,Noi abbiamo cinque ospiti stasera.
fra,Il y a maldonne.
deu,Wie viele Kleider zum Wechseln hast du eingepackt?
eng,What an utter shower.
ita,Penso di avere il vantaggio.
spa,Barry se pone a tomar de vez en cuando.
deu,Der zieht dich bis aufs Hemd aus.
eng,I'm pretty sure I told you before not to talk to my girlfriend.
eng,This time I'm not joking.
ita,Era fuori con i suoi amici.
deu,Käme Auswanderung für dich in Frage?
deu,Was ist Ihre Lieblingsbeschäftigung?
ita,Come dovrei chiamarla?
eng,Tom knew that Mary was studying French.
deu,Tom war nicht so beschäftigt wie Maria.
ita,Penso sia disgustoso.
ita,Andate in vacanza in Palestina.
eng,Please tell me your location.
ita,Io non ho lamentele.
deu,"Findest du es toll, mich so zu ignorieren? Das ist unfaßbar unhöflich."
deu,Der Herr Müller hat gerade angerufen. Ihr Termin bei ihm heute Nachmittag – der platzt.
fra,Sa mère supporte toutes ses bêtises.
spa,El que espera desespera.
eng,Ask her to lend me some money.
fra,Espérons simplement que notre équipe gagne.
spa,Esas son palabras que marcan para siempre.
spa,Quiero hablar con la Policía.
deu,Wir benötigen diese Dinge nicht.
ita,L'ha distrutta in pochi mesi?
ita,I cinema stanno perdendo sempre più entrate per via della pirateria informatica.
ita,"A lei piacciono le mele, vero?"
spa,Mañana tengo que ir a Milán.
deu,Das ist ein wunderschöner Ring!
fra,Ma mère a acheté un parapluie jaune à mon frère.
fra,Tom a été kidnappé.
spa,Queda mucho más por hacer.
fra,Ça me rend nostalgique.
fra,Tu n'as pas accroché ton manteau derrière la porte.
spa,Realmente no quiero decepcionar a Tom.
deu,Tretet doch dem Schulorchester bei!
fra,"Habituellement, les lois concernant l'héritage sont complexes."
eng,Then he lay on the same bed.
ita,Siete splendidi e vi amo molto.
ita,Questa è la mia casa durante l'inverno.
fra,La main de Poutine est vide.
spa,Toco la guitarra.
eng,No one was seriously injured.
ita,Metta la valigia sotto il sedile.
fra,Je n'aime pas les aventures.
deu,"Keine Sorge, das kriegen wir wieder gerade gebogen!"
deu,Man kann im Meer tauchen.
ita,Io sono pronto?
deu,Ich wollte nicht ausufernd werden.
eng,What do you think is the most important quality for a leader?
eng,He devoted his evenings to a new hobby; he started to learn German.
fra,L'analyse lexico-rhétorique examine l'usage persuasif du vocabulaire.
deu,Sie ist zu schwach.
fra,Voilà ce que tu devrais faire.
fra,Cette station balnéaire n'est plus aussi populaire qu'autrefois.
deu,"Hör bitte, was ich dir sagen muss."
ita,Odiavo studiare l'esperanto.
spa,Flensburgo queda en el límite con Dinamarca.
spa,No entendemos nada de lo que él dice.
deu,Er verlief sich im Wald.
deu,Tom ist immer noch verwirrt.
eng,It's just what happens.
ita,Non va a costruire arene in Inghilterra.
fra,On va parler donc de l'histoire de la Russie.
ita,Sono egiziano.
fra,J'en ai assez de tes railleries.
fra,Comment puis-je savoir où elle enferme son argent ?
ita,Hai il passaporto indiano?
deu,"Bevor man krank wird, sollte man Obst essen."
eng,Sami was so terrified about this.
eng,Tom felt happy.
ita,Che ne dite di un altro po' di caffè?
eng,I thought that Tom might ask Mary to help him.
eng,Ziri has lived in at least forty homes.
fra,Il l'a tabassé !
fra,Tu temporises.
eng,The government is still groping for a solution to the problem.
ita,Non premete il grilletto.
fra,Il va cuisiner pour vous.
spa,La nieve ha desaparecido.
eng,Tom doesn't know the difference between a pope and an Orthodox priest.
ita,Perché non si unisce a noi questo pomeriggio?
spa,Nadie se cree lo que digo.
eng,Find out if Tom has any relatives living in Boston.
spa,Hay un gato en la cocina.
eng,Put your skates on and get on the ice.
spa,Hay una lista de espera.
spa,No hace falta seguir buscando.
eng,I've been living in Boston for the past three years.
deu,Er folgte.
deu,Diese Papageien sind meine. Deine sind die.
eng,I concluded that I had been deceived.
fra,Je serais ravie que tu puisses venir avec nous.
ita,Mary si tolse finalmente il cappotto.
ita,Non sta finendo di correggere dei compiti.
spa,Tom es un pensador visual.
eng,We did that already.
ita,Non mi sento più al sicuro qui.
fra,Je regrette cette décision.
spa,El bosque llega hasta el mar.
fra,Marie veut un café.
ita,Lui ha ancora una madre?
spa,¿Te duele cuando toses?
fra,Tu vas écouter.
spa,Aquí y ahora.
deu,Mir ist gerade etwas Verrücktes passiert.
fra,Est-ce que vos chevilles sont enflées quand vous vous réveillez le matin ?
deu,Schließ alle Türen und Fenster!
ita,"Tu riesci a farla, vero?"
deu,Die Hotelzimmer sind unglaublich gut konzipiert.
spa,Mi hermano mayor nunca escucha nuestros consejos.
deu,Richte ihn hin!
eng,"I can come, too, if you want me to."
spa,¿Cómo has pasado la noche?
fra,Mary a tout ce dont elle a besoin.
spa,Ellos escriben.
eng,She told me that she won't marry me.
deu,"Ich will, dass ihr mir die Wahrheit sagt."
fra,Il y avait cent personnes dans le hall.
spa,Sujeta.
fra,Isabella se mouillait.
eng,We didn't get married.
spa,Es obvio que mentiste.
fra,Tom parlait de façon saccadée.
deu,"Tom und Mary wissen, dass ich das nicht getan habe."
fra,Cette approche est celle adoptée par l'Union Européenne.
ita,Qualsiasi altro commento dopo il tuo è assolutamente inutile.
spa,Van a correr hacia Ifnayen.
eng,Dinner was awesome.
deu,Und lüge vor allem nicht.
ita,Dovresti investire i tuoi soldi.
ita,Riesci a chiamarle?
fra,"Et à présent, iront-elles avec eux ?"
fra,"Lorsqu'une lumière s'éteint, alors un homme meurt."
spa,"Si hoy acabáis acostándoos una hora antes, os prometo que este domingo os llevo al zoo."
spa,Ella estudia a los cocodrilos.
deu,"Wo ich auch hingucke, ich sehe nur Sand und nochmal Sand."
fra,Les phrases d'exemple doivent être autonomes.
deu,"Tom weiß vermutlich nicht, daß er das nicht mehr soll."
ita,Tom mi ha chiesto cosa avevo fatto.
deu,Die Uhr ist defekt.
deu,"Leute, die sich bei Esperanto auf den allgemeinen Sprachgebrauch berufen, bringen mich zum Lachen."
deu,Lautes Siegesgeschrei hallte durch die Gassen der Stadt.
spa,Qué bonita muñeca es esta.
ita,"Di che nazionalità erano le nostre alunne? ""Statunitense."""
spa,Me gustan los triángulos.
spa,¿Hay algo que Tom no haga?
eng,What Tom says makes sense.
fra,Je lui ai trouvé un travail.
spa,Argentina enfrentó una guerra con Gran Bretaña por las Islas Malvinas.
fra,Nous devons en parler aujourd'hui.
spa,Por fin.
eng,The election took place without incident.
deu,Die Schüler freuen sich auf den bevorstehenden Ausflug.
fra,Hier soir je suis resté éveillé jusque tard dans la nuit.
fra,"Je me sens en sécurité, avec toi."
fra,Il est quatre heures pile.
deu,Von gestern ist Essen übrig geblieben. Wir können es heute essen.
spa,Ella es especialista en culturas antiguas.
deu,"Das ist nicht das erste Mal, dass das passiert."
eng,Tom helped Mary to escape from prison.
deu,Manchmal werde ich traurig.
eng,Tom is a nut.
deu,Bitten wir um mehr Zeit!
deu,"Könnte es sein, dass du das, was sie sagte, falsch aufgefasst hast?"
spa,Tom llora cada vez que oye esta canción.
ita,Andrò a dare un'occhiata.
fra,Je ne fus pas diplômée.
ita,Lo sai il nome della morosa di Tom?
eng,Start your health care career in less than one year.
fra,Elle lui a enseigné les ficelles du métier.
spa,He aprendido a dibujar siguiendo sus lecciones.
fra,Embrassez les enfants de notre part à tous.
spa,La captura del príncipe por el rey llevó a otra guerra.
spa,Eso apesta.
eng,She got angry about my talk.
eng,What's going on is really weird.
deu,"Es ist wichtig, daß ihr Französisch lernt."
eng,I approve of everything that he does.
deu,"Ich wollte Sie darauf aufmerksam machen, dass einzig und allein die Wahrheit obsiegen wird."
spa,Ha nacido en los años cincuenta.
spa,El viento dejó de soplar.
fra,C'est un critique gastronomique.
deu,Wer hat dich geschickt?
ita,È sangue.
spa,Continué trabajando.
fra,"En certains endroits, les gens mouraient de faim."
deu,"Ich bin eine Frau, aber doch irgendwo auch ein Küken."
spa,No creo que este apartamento vaya a gustarte.
ita,Provo a entrare in contatto con sua sorella.
eng,I have something you should look at.
ita,Avete visto la nuova ragazza di Tom?
ita,Lui lo sta tendendo.
ita,Tom si è convertito all'Islam.
eng,I think you look much better now.
eng,"Tom, you're fired!"
eng,"Who are you, a good guy or a pretty girl?"
ita,Io mi sono svegliata.
spa,Mi amigo vive en México.
spa,Muchas lenguas toman palabras del inglés.
spa,Le expliqué la situación a Mary.
ita,Di solito è la sinistra che accompagna.
ita,Mary chiuse la bocca.
ita,Hanno preso la borsa sbagliata.
eng,I feel really special.
fra,Je ne l'avais pas détesté.
eng,I know Tom is a little homesick.
ita,La mia febbre non se ne andrà.
ita,Tom non ha mangiato del riso.
eng,Taro is taller than any other boy in his class.
fra,Elle déteste grossir.
eng,Mary is a babe.
fra,Tu veux encore un truc facile ?
eng,Sami heard those horrible screams.
deu,Ich habe ein grünes Haus.
fra,Je te confirme ma présence.
spa,Este es el chico en quien pienso.
eng,How would you solve this problem?
deu,Ich wünsche mit dir zu sprechen.
spa,"Hizo una finta a la derecha, otra a la izquierda, y golpeó con su cimitarra."
ita,Dice che ha imparato molto da lui.
ita,Lui mi ha catturata.
ita,Io gliel'ho detto che non volevo del caffè.
deu,Was bezweckt Tom damit?
ita,Le piacerebbe un appartamento con un bagno.
ita,Tom non fa un bagno da tre settimane.
ita,"Scusi, eminenza, mi passa il sale?"
ita,In Cina si dice che non si può giudicare un uomo dal suo aspetto.
spa,Él será asesinado por su jefe.
spa,¡Escucha! Están tocando mi música favorita.
ita,"Gli uomini sono come i cani di razza. Più sono pregiati, più se ne vanno prima."
fra,Il ne parle pas distinctement.
deu,Man hat uns bestohlen!
ita,"Potreste dirmi la password del Wi-Fi, per piacere?"
eng,She's a drama queen obsessed with fame.
eng,They gave them back to us.
deu,Er fühlte sich schuldig.
fra,Il faut toujours me prévenir à l’avance.
eng,I speak better French than Tom.
deu,Die Optimierung ist eine Teildisziplin der angewandten Mathematik.
eng,Should I really be worried?
deu,Das nächste ist für euch.
fra,Cette conversation téléphonique a changé sa vie.
eng,The teacher gave me full marks for math.
eng,She's young and healthy.
fra,Il est fâché contre nous.
eng,Tom's boss was really angry.
ita,Hanno studiato assieme a scuola.
fra,C'est un Apollon.
fra,"Ce n’est pas la peine de jurer, moi je ne te crois pas."
spa,No quiero despertar.
fra,Punir les mauvais et sauver les faibles.
fra,Il a fait un discours pour soutenir le projet.
ita,Non sto ringiovanendo.
ita,Si lamenta spesso del suo lavoro.
eng,Tom and I didn't know what to do.
deu,Wann hast du das letztemal Golf gespielt?
fra,Juge d'abord si tu connais l'envers de la médaille.
deu,Karl macht das sehr geschickt.
spa,La cortesía no cuesta nada.
spa,Quiero que te sientes aquí.
deu,"Morgen ist Dienstag, der zehnte Oktober."
ita,"Contessa, siete incantevole."
deu,Tom war so beeindruckt.
fra,Tu es fort contrarié.
ita,Voglio vedere le strade.
deu,"Nein danke, ich schaue nur."
deu,Ich helfe euch beim Autowaschen.
spa,"Vuelve a dormir, hijo mío, aún es de madrugada."
eng,Nothing could compete with that.
eng,Tom wanted to apologize to Mary for doing that.
spa,Mil metros son un kilómetro.
eng,Mary knows she cheated.
ita,Vado a costruire ponti in Niger?
eng,Mike happened to have been absent from school.
ita,Simone parla molto in fretta.
ita,Io sono sicuro che Tom non mentirebbe a Mary.
fra,Je ne les programme pas.
ita,Ti conviene non scherzarci su.
ita,Voglio prenotare un viaggio per l'America.
ita,Lui bevette una bottiglia di vino.
eng,Why don't you just tell her?
deu,"Wir brauchen keine Quoten, sondern gezielte Nachwuchsförderung."
deu,"Ich zeigte Tom, wie man einen Palstek macht."
fra,Je vais me coucher maintenant.
ita,Io voglio venire con lei.
fra,C'est impossible de ne pas l'aimer.
ita,Sami era un cantante dal Cairo.
spa,Mary desearía tener cabello liso.
ita,Avete visitato il Belgio.
ita,Mi dia una mano con questa borsa.
fra,Mettez tout sur ma note. Je le réglerai en partant.
spa,Su identificación era falsa.
ita,Vado a cercare qualcosa in Grecia.
deu,"Einen Vorsprung im Leben hat, wer da anpackt, wo die anderen erst einmal reden."
deu,Diese Frau ist in Sie vernarrt.
eng,I live there by myself.
fra,Et comment pensez-vous me payer ?
deu,Wir haben regelmäßig Schwund zu beklagen.
ita,La coerenza è altro.
spa,No me aplaudas.
deu,"Ich denke, es sieht großartig aus."
spa,Este lugar es repugnante.
deu,Es waren keine Äpfel mehr in der Kiste.
deu,"Ich glaube, das ist alles."
deu,"Ihr müßt alles tun, was Tom und Maria euch sagen."
ita,Mi serve più tempo.
eng,I'm afraid the number is engaged.
fra,Pourriez-vous être silencieux ?
deu,Sie werden mir auf jeden Fall fehlen.
fra,Peux-tu parler une autre langue que l'anglais ?
ita,Lui non sembra molto in salute.
deu,Guten Tag! Wie geht es dir?
ita,Fecero tutto per i loro figli.
ita,I bei bambini stanno facendo volare degli aquiloni nel grande campo vicino alla villa blu.
eng,It's a great night to go dancing.
spa,Oigo a Tom.
fra,Je filerai en Suisse.
spa,Un barco encalló en el arrecife.
spa,"Que no evita nuestra muerte es evidente, porque todos moriremos."
ita,Cos'è uno spirito?
spa,Le tildaron de mentiroso.
ita,Il mio migliore amico viene dalla Nigeria.
fra,Ils ont fait demi-tour avec eux vers Werdja.
ita,Sono tagliaunghie.
ita,Italo Calvino tornò in Italia quando era appena un ragazzo.
ita,I loro sacchi a pelo sono bagnati.
deu,Das hat sich tatsächlich ereignet.
deu,Das mache ich selber.
eng,Sami is so unfair to Layla.
spa,"Papá, ¡quiero ser astronauta!"
eng,I should have paid more attention to the signs.
ita,Sono ancora una bambina.
eng,His house is on the market.
ita,"Ve lo sto dicendo, non funzionerà!"
ita,Sono la polizia.
eng,Why don't you give it to them?
eng,I can't believe Tom has children.
ita,Andate a fare soldi in Lituania.
fra,Il peut utiliser des baguettes.
deu,Wann kommt ihr zurück nach Hause?
eng,Some people like that sort of thing.
eng,Claudio never received anything else in the mail that week.
deu,Einer von uns könnte Tom helfen.
fra,Tom a courageusement dénoncé l’injustice.
spa,¿Te gusta Wagner?
ita,Quante sono in tutto le sedie?
ita,Ho usato il contesto giusto.
eng,Tom is making progress in French.
ita,Abbiamo circa lo stesso peso.
fra,"J’ai découvert un documentaire sur l’art de la fermentation, c’était fascinant."
eng,Why don't you let him go?
fra,Vous êtes tous des lèche-culs.
ita,Che ne dice di una sigaretta?
fra,Qui aime le joug ?
fra,Essayez de décrypter ce qu'ils disent !
ita,L'importante è che non lo sappiano gli altri.
fra,Ils ont été ensemble à l'université.
spa,Nunca he estado ahí personalmente.
deu,Die Antenne des Wagens ist in die Windschutzscheibe integriert.
spa,Hazlo cuando tengas tiempo.
deu,Hier sind viele Leute.
spa,Come tu comida para que seas grande y fuerte.
spa,¿Cómo lo agredió?
spa,¿De dónde proviene ese ruido?
deu,Doch demgegenüber bestehen auch beträchtliche Unterschiede zwischen ihnen.
ita,Penso che abbia molto senso.
ita,Il rapporto è di carattere confidenziale.
eng,I got into trouble because of Tom.
ita,Nessuno vive con me.
fra,C'est tout ce qu'il a écrit.
fra,"J'ai décidé de me décharger de toutes mes phrases en anglais, celle-ci y comprise."
eng,I hope we'll meet again some day soon.
deu,"Wenn wir so denken, tauchen viele Probleme auf."
deu,Pablo und Maria sind hier gewesen.
eng,He's just had his teeth cleaned.
spa,Yo también iré allí el lunes.
eng,"Some sentences, while not grammatically incorrect, may be awkward or unnatural."
spa,Hoy no quiero ver a nadie.
fra,"Oh, tu peux parler autant que tu veux. Ça ne me dérange pas."
ita,Sto pitturando la ringhiera perché è arrugginita.
fra,Son explication n'était pas convaincante.
eng,I'm going to take attendance.
ita,Avete visitato l'Estonia?
eng,I think that this one's better.
spa,Esa es nuestra estación.
spa,¿Cuántos cosmódromos crees que habrá en toda Rusia?
spa,Tu caso es distinto al mío.
fra,Je me suis amendé.
fra,Je n'aime pas que l'on me surprenne.
deu,Tom hat mir nichts gegeben.
ita,A lui questo non importa.
eng,Sami and Layla believed that the rest of the world was just there for them.
deu,Ich habe das Buch immer wieder von Neuem gelesen.
spa,No olvides llamarme.
eng,When was the last time you played a board game?
deu,"Solange man auf der Erde ist, muss man bezahlen."
eng,We cannot deal with such a difficult problem.
spa,Clávala allí.
spa,La ignorancia de la lay no excusa su cumplimiento.
eng,They made their way through the jungle.
fra,Tom ne voulait pas faire leur sale boulot.
ita,Due giorni dopo fu dimesso da una clinica di disintossicazione.
deu,Wie lange mußten Sie warten?
eng,Tom did a lot more than that.
eng,The third aria is the part in which she makes herself heard the best.
eng,I'm pretty sure Tom won't get fired.
fra,Je ne vais pas vous faire de mal.
fra,"Le sport qui occupe la première place dans le monde, c’est sans le moindre doute le football."
spa,¡Este es uno de esos días en los que sería mejor quedarse en la cama!
eng,He gave no further detail.
deu,"Ich will nicht, dass Tom euch dabei hilft."
ita,Non esacerbi il problema.
deu,In der Schule lernt man wichtige Lektionen fürs Leben.
deu,Diesen Freitag neun Uhr beginnt der neue Kurs.
ita,Cosa c'è di male nei contratti a tempo determinato?
spa,Los habéis protegido.
ita,Voglio che mi portiate da lei.
eng,I would only believe in a God that knows how to dance.
eng,Tom has to be at today's meeting.
eng,This is a girls' locker room.
eng,"No matter what you do, you have to do your best."
eng,I know Tom is a spy.
deu,"Sie heirateten, als sie noch jung waren."
ita,Tom dimenticò il compleanno di sua moglie.
ita,Penso che dovremmo abbassare il prezzo.
ita,L'occasione l'hanno già avuta.
fra,Il n'y a pas lieu de discuter de la question.
deu,Vielen Dank im voraus für eure Unterstützung!
deu,Die Waldfläche war in drei Sektoren unterteilt.
ita,L'esperanto è difficile da imparare?
eng,They are what we call hot rodders.
spa,Aceptaron con resignación la muerte del hijo.
deu,Welche Farbe hat ihr Auto?
deu,Könnte ich mir diese CD leihen?
deu,"Er hat gesagt, daß er sie geschlagen habe."
eng,Those bastards will never take me alive!
fra,Il n'y avait pas beaucoup de neige au sol.
deu,"Die Welt ist krank und sie macht, dass du leidest."
deu,"Ich ertrage es nicht, wenn so viele Autos gleichzeitig hupen!"
deu,Tom nahm den Verband von Marias Bein ab.
fra,Où sont les pommes que j'ai achetées ?
spa,Estos perros son grandes.
fra,Elle a gardé son manteau dans l'armoire.
ita,Io pensavo che Tom potesse conoscere Mary.
eng,This music is highly polyphonic.
deu,Seine Eltern sind beide Arzt.
eng,I saw her only a week ago.
spa,Mi mujer y mis hijos dependen de mí.
deu,"Solange wir leben, müssen wir arbeiten."
deu,"Zu oft entsteht jedoch der Eindruck, die Kommission sei eher Beobachter als ein kraftvoller Akteur."
ita,Lui sa parlare sia l'inglese che il francese.
eng,He couldn't put his socks on.
fra,Quel est le chemin pour se rendre au pressing ?
ita,Per Thomas purtroppo è finita. S'è ferito alla coscia destra.
ita,Farebbe meglio a fermarli.
ita,Tom abbracciò il suo cane.
eng,Tom is the only one I know who has been to Australia.
ita,Tom possiede un ranch.
ita,Non penso di conoscere la ragazza che sta parlando con Tom.
spa,¿Por qué es importante comer comida sana?
eng,He brought his daughter Skura.
ita,Io leggo barzellette quasi ogni giorno.
eng,He was asked to appear on television.
deu,Gefällt dir deine Arbeit?
deu,Tom hat Marias Tagebuch gefunden.
ita,Succede la stessa cosa quando io starnutisco mentre il cane dorme.
eng,Tom and Mary are about the same weight as you.
fra,Le mariage n’a pas été consommé.
deu,Tom kann fast jede Art von Fahrzeug fahren.
ita,Delle alluvioni distrussero il villaggio.
spa,La verdad tiene que salir a la luz.
deu,Sie haben meinen BMW verwüstet!
ita,Ma mi stai ascoltando?
spa,¿Puedes mirar en la etiqueta si se puede lavar con agua caliente?
ita,Passi le patate.
spa,Jack no está aquí. Debe de haber perdido su autobús habitual.
spa,Ojalá hubiera estado allí contigo.
eng,It's a social problem.
eng,His grave is there.
eng,I pressed the button to turn the radio on.
ita,"A cavallo di fuoco, uomo di paglia, a uomo di fuoco, cavallo di paglia."
ita,Fece un pessimo lavoro.
deu,Jemand beobachtet sie.
fra,Les deux autres traductions ne conviennent pas non plus.
eng,Tell Tom that I'll call back later.
deu,In der Nacht wird es kalt.
deu,Jetzt sollte man nur abwarten.
ita,Andate a costruire negozi in Grecia.
fra,L'étude de la futurologie était son point fort.
ita,Io so cosa sto facendo.
ita,Mangi questo pane!
fra,Il enfle.
eng,Tom said he'd like to know why you did that.
fra,Il ne peut pas t'oublier.
deu,Entschuldigen Sie. Sind Sie nicht Tom Hansen?
ita,Il mio elenco è abbastanza lungo.
ita,Ti sei mai fatto crescere la barba?
fra,C'est un infirme.
ita,Quello era un grosso errore.
deu,"Wie lange dauert es, um Okinawa zu erreichen?"
deu,"„Wie nennt man diesen Schmetterling?“ – „Also, das ist kein Schmetterling, sondern eine Motte.“"
fra,La détection de planètes errantes remet en question les théories de formation planétaire.
spa,No aceptaron ninguna excusa para no acudir a la reunión.
ita,Il parco era enorme; ci siamo quasi persi lì.
fra,Ton épouse est-elle grande ?
deu,Siehst du ihn noch?
ita,Nessuno credeva che Tom l'avrebbe effettivamente fatto.
ita,Io metto due cucchiaini di zucchero nel mio caffè.
ita,Ora sta sufficientemente bene per lavorare.
spa,Haría demasiado frío para mí allá arriba ahora.
fra,"Lorsque vous conduisez une voiture, utilisez une ceinture de sécurité robuste."
spa,¿Estáis esperando a que Lourdes cene?
eng,This is apple juice.
ita,È molto difficile che Tom non piaccia.
eng,The ticket is valid for one month.
spa,"La última vez, lo vi en tu casa."
spa,Tom estaba aterrado.
eng,I am your mother and I am responsible for you.
ita,Puoi prenderlo.
fra,Où avais-tu trouvé ces chaussures?
fra,"D'accord, allons-y."
deu,Wo gehst du so spät hin?
fra,Ma grande sœur a deux ans de plus que moi.
deu,"Auch wenn das Leben sehr ernst ist, sollte man doch ab und zu ein bisschen lachen."
ita,Ha sbagliato persona.
spa,Mi padre fue a China.
deu,"Sie war sich sicher, die Liebe ihres Lebens gefunden zu haben."
spa,Tom comete muchos errores cuando habla francés.
deu,Tom weiß ganz schön viel über Maria.
deu,Tom ist nicht zufrieden.
fra,Pourquoi tes yeux sont-ils rouges ?
spa,¿Estoy hablando con él?
deu,"Ich weiß nicht, was ich machen werde."
spa,Es mejor que hagas lo que se te ha pedido hacer.
fra,Vous devez rester.
eng,The joint in my left elbow hurts.
ita,Probabilmente Tom l'ha fatto apposta.
spa,Esta niña no tiene madre.
eng,"Where are you from? ""I'm from Algiers, why?"""
deu,Warum fragst du nicht Herrn White?
deu,"Sie täten besser daran, hereinzukommen."
spa,Estaba corriendo por la calle cuando se me salió el teléfono del bolsillo.
deu,Tom war letztes Jahr in Australien.
deu,"Hat Ihnen Tom gesagt, wo Sie Ihr Auto parken können?"
eng,I suspect Tom is concerned.
ita,Ciò è stato tutto un errore.
fra,Cessez votre boucan !
eng,I think differently.
ita,Io ho provato a dirvelo.
eng,I've been on vacation.
ita,Deve prendere in considerazione il consiglio di sua madre.
spa,El DNA es un complejo químico que constituye un gen.
fra,Nous parlons tous le tamazight.
deu,Sarah verlangte ihr Geld zurück.
fra,Conte-nous-en davantage !
deu,Deswegen brauche ich Hilfe.
fra,"Si quelqu'un a besoin de plus amples informations, je répondrai volontiers."
deu,Tom hat zwei ausländische Freunde.
spa,¡Las damas están listas para bailar!
deu,Es hört bald auf zu regnen.
eng,Those who want honey must not be afraid of bees.
deu,"Sie winkte ihm nach, bis der Zug außer Sichtweite war."
deu,"Wie könnt ihr es wagen, so mit mir zu sprechen!"
deu,Welche russischen Wörter kennst du?
eng,You must stop helping Mary.
spa,El profesor le dijo que reescribiera el ensayo.
spa,El niño se sentó en un banco de la plaza.
spa,El perro está en casa.
eng,She said she wasn't going to win.
deu,Tom hat drei Bücher von Mary ausgeliehen.
spa,La niña no sabía usar el extintor.
deu,Sehen Sie sie oft?
eng,Ariel likes arroz con leche.
deu,Ich habe auf meine Frage keine Antwort erhalten.
spa,Su amor era puro y apasionado.
fra,Aimes-tu le chocolat noir ?
spa,Esto no va a acabar bien.
ita,Persi la prima lezione.
eng,I think that Tom will cry.
eng,I've been doing this longer than you.
deu,Wo willst du essen?
spa,¿Dónde estaba el error?
spa,De bien en mejor.
ita,Penso che andranno per lavoro in Libano.
deu,Ich habe keinen Feind.
spa,Tom se puso un abrigo negro.
fra,"Traduisez au lieu d’ajouter de nouvelles phrases, bande d’idiots."
fra,"Si vous lisez cette phrase trois fois, un fantôme viendra vous rendre visite durant votre sommeil."
ita,Gli alberi delle fragole hanno i fiori bianchi.
deu,Tom wurde auf einer Trage vom Spielfeld gebracht.
spa,Tom es un hombre alto.
fra,Ne vous retournez pas.
eng,These colours don't go with each other.
deu,Kann jemand mal bitte die Tür öffnen?
deu,Tom und Mary haben geheiratet und sind nach Australien gezogen.
ita,Lei aveva una radio.
eng,You catch a big fish at times.
fra,Il eut de la chance et remporta la compétition.
fra,Tu sais si Tom a un animal de compagnie ?
deu,Maria täte so etwas nicht.
eng,We hope that that doesn't happen again.
eng,The city council has requested the payment of the fine.
spa,¿Qué implicaciones conlleva?
fra,Nous avons besoin de son aide.
spa,Los elefantes tienen dos orejas.
ita,Lascia che parli con lui.
fra,La pauvreté règne partout.
eng,How accurate can you be?
fra,L'oisiveté est mère de tous les vices.
spa,Tom podría resultar seriamente lastimado.
eng,Tom pushed his chair back and stood up.
spa,A Tom le encantaba el plátano.
fra,Mon chat est comme un être humain.
fra,Je leur ai caché la vérité.
deu,Es waren ungefähr zwanzig Dollar.
fra,Il ne connaît même pas ton nom.
spa,¿Nada más que añadir?
fra,Vous avez affolé les gens.
fra,Marie alignait les chaises.
deu,"Es war etwas, was sie nicht in Worte fassen wollte."
fra,"Et eux, que font-ils ?"
eng,He's a pilot.
ita,Lei è avido.
deu,"Tom schien sehr überrascht zu sein, als ich ihm erzählte, was passiert war."
ita,Tom era generoso.
fra,Tu es le genre de guitariste avec qui j'aime chanter.
ita,Non penso che Tom sia innocente.
fra,Il ne revient pas encore.
deu,Ich werde das bald überprüfen.
eng,Karl tried to speak with Rima.
deu,Ich bewundere sein jugendliches Temperament.
ita,Perché pensate che io abbia bisogno di aiuto?
deu,"Könntest du bitte aufhören, das zu sagen?"
fra,Tom veut devenir médecin.
spa,Aquellas sospechas eran infundadas.
eng,Mary buttoned up her blouse.
spa,El único que puede hacer esto eres tú.
ita,Io penso che noi possiamo andare più veloci.
ita,Quante persone inviterete alla vostra festa?
fra,Cela signifie-t-il que vous ne dormirez pas ici ?
deu,Diese Arbeit ist zu viel für mich.
spa,Es ley de vida.
spa,¿Habláis italiano?
deu,Niemand sieht ihn.
ita,Lo mangiate nell'aula?
eng,We're caught up.
eng,A taxi to the airport costs about $30.
deu,Roboter sollten keine Stärkungsmittel benötigen.
fra,Je ne leur pose aucune condition.
fra,Qui a pris cette photo de Ziri ?
eng,Tom won't go anywhere anyway.
ita,Non meriti rispetto.
ita,Come posso allegare foto?
ita,Leggi questo libro stanotte?
deu,Heute gehe ich nicht. Ich habe viel zu tun.
eng,He said that he'll talk to her.
deu,"Um die Operation bezahlen zu können, mussten wir uns in Schulden stürzen."
deu,"Es wird nicht mehr lange dauern, dann können wir eine Mondreise unternehmen."
fra,J'étais sûr que c'était ce que je voulais.
spa,La palta es rica en grasas.
ita,"Non è successo niente, giusto?"
deu,"Es wäre nett gewesen, wenn du mir ein bisschen geholfen hättest."
ita,Io amo il suo sorriso.
eng,Lajos decided to hire another farm hand.
fra,Est-ce que tu en as parlé à Tom ?
deu,Sami brach in Tränen aus.
fra,"Le jour où il aura besoin de nous dans un moment difficile, nous irons à sa rescousse!"
deu,Können Sie gut Ski laufen?
spa,Antoine Lavoisier nació el 26 de agosto de 1743.
spa,A Diana las lombrices le dan grima.
deu,Wir spazierten zwischen den Bäumen.
eng,Her father can afford to give her a big allowance every month.
ita,Tom è spaventato e confuso.
eng,Tom and Mary say that they won't do that anymore.
spa,Eso es muy normal.
deu,Man muß nicht sämtliche Mücken erschlagen.
deu,"Ziri lebt in Tigzirt, Algerien."
deu,Was hat er jetzt vor?
eng,The air will speed up the drying.
eng,Tom massaged my shoulders.
fra,Tom a de nombreux amis.
deu,Es geht theoretisch.
eng,Kalman was in a rundown cabin.
ita,I bambini hanno le loro stanze?
deu,Ein Fahrer saß vorne.
spa,Me fui a la cama un poco antes de lo habitual.
deu,"Ich weiß, wie wir helfen können."
fra,J'essaie de me reposer.
eng,"I'm not angry with any of you, except Tom."
ita,Non li chiami.
spa,Esa historia es demasiado increíble.
spa,"No tiene nada de malo hablar con Dios, pero si te responde, necesitas ayuda."
deu,Von nun an wird sie sich um dich kümmern.
fra,Quel gros gâteau !
fra,Je n'aurais jamais imaginé que nous finirions un jour ainsi.
spa,Estoy sumamente feliz por eso.
fra,Je commence le travail à huit heures le matin.
fra,Ce module n'est pas activé.
spa,Yo lo diseñé.
fra,Les parents de John paraissaient soulagés d'apprendre que son avion était à l'heure.
spa,Yo que tú tendría cuidado.
spa,Tenemos un pequeño problema técnico.
eng,Tom was born in London.
spa,"Por favor, dame una hoja."
deu,"Alles, was sich ein Mensch vorstellen kann, versucht er auch zuerreichen."
eng,Do you run daily?
eng,I should've known Tom was an elf by the way he played the banjo.
ita,Chloe Cole è una donna.
spa,¿Sabes cómo usar esta máquina?
fra,"Enfin une accalmie, profitons-en pour aller se balader !"
fra,Je n'ai mangé que du pain et du beurre.
deu,"Ich hab vergessen, dass du Hunger hast."
spa,Leo para aprender.
fra,Quelle est votre cible ?
eng,Tom should've told Mary not to come to Australia.
eng,Ziri thought he was safe at school.
eng,They said that they're not ready to go.
ita,Ho ordinato un nuovo monitor per il computer.
ita,Una studentessa vuole vederla.
deu,Ich bin nicht er.
spa,Tenemos que evaluar los riesgos.
spa,Conozco a Tom desde que nació.
fra,Ils partiront en premier vers l'Azawad.
spa,No tengo dinero suficiente.
spa,"Ahorita mi hermanito está en el sexto grado, y mi hermana el duodécimo."
eng,Tom hasn't done that as many times as I have.
spa,Tom quiere que juegue al fútbol con él.
eng,Tom broke his arm as he was trying to climb a tree.
fra,"J'aimerais apprendre à jouer du piano, de la guitare et de la flûte."
deu,"In der Stadt war Tom nahe dran, einen Nikolaus zu verprügeln."
spa,Lo que ha pasado me desanimó.
ita,Lei ha il mal di stomaco?
fra,Ils restèrent dans la pièce avec moi toute la nuit durant.
ita,Tom non ha denaro.
deu,Lass Tom los!
ita,Dovrebbe provarla!
deu,Er fühlte sich wohl in ihrer Gesellschaft.
eng,Watch carefully how I do it. Did you see it?
fra,Est-ce que ça changera quelque chose ?
fra,Je suis sorti de prison hier.
deu,Ich will nicht mit dir spielen! Du bist nicht mein Freund!
deu,Hast du eine Luftmatratze?
eng,Ziri and Rima wanted to have sex.
fra,Elle a refusé de lui parler.
fra,Il faut que je m'assoie tranquillement.
fra,Comment vous écrivez sueur en langue chaouie ?
eng,He said he apologized to her.
ita,Questa è tutta invidia?
eng,She was sent to a boarding school.
spa,Nadie recuerda.
eng,"Grandpa, what are you doing? ""Shaving."""
spa,Su libro rápidamente se convirtió en un éxito de ventas.
deu,Wo ist der Radiergummi?
eng,Tom knows how to play the guitar.
deu,Was kam bei den alten Römern auf den Tisch? Mit dieser Frage wollen wir uns heute beschäftigen.
eng,Lock up your valuables in the safe.
deu,Ich bin von lauter Scheißköpfen umgeben!
fra,J'ai très mal au bas du dos.
eng,Tom should've paid attention to Mary.
fra,"En été, je vais à la piscine tous les jours."
ita,"In vacanza, molti turisti cercano di dare la caccia a esperienze indimenticabili."
fra,Cette énigme est difficile.
eng,Yanni's voice sounded shook.
spa,Le encarcelaron en 1925.
fra,Nous devons commencer tôt demain.
spa,Tom está en la cama enfermo.
spa,Nunca diría que sí.
eng,"Nevermind, then!"
fra,Vous serez régis par la même loi.
fra,Il n'est pas honnête du tout.
spa,¿A qué hora desayunamos?
eng,Tom swallowed the last pill in the dosette box.
fra,Cette traduction est correcte.
spa,No aceptes eso.
fra,Avez-vous l'impression d'avoir de la fièvre ?
spa,No tengo motivos para desconfiar de él.
spa,A Ziri le interesa el arte abstracto.
ita,Andiamo a costruire baracche in Libano?
deu,Ich bin eher Praktiker als Theoretiker.
deu,"Sie hat gesagt, sie habe zu viel gegessen."
spa,"Si me enseñan su lengua, les puedo enseñar la mía."
spa,¿Escuchaste lo que hizo Tomás?
eng,I'm not blind.
eng,Did you know where I was?
fra,Quels jeux aime-t-il ?
spa,¿Comes en casa o comes fuera?
ita,Tom è andato a casa a piedi.
deu,Wählt eines dieser Produkte!
deu,Dieses Buch wurde erstmals im vergangenen Jahr veröffentlicht.
eng,"Don't mess up my lipstick. ""Then let me kiss you on your cheek."""
deu,"Wer gute Argumente hat, braucht niemanden einzuschüchtern."
ita,Tom era quello che ha acceso le luci.
deu,Kann eure Mutter gut kochen?
eng,I'm constantly keeping a close eye on everyday news.
ita,Stava tossendo sangue.
eng,We have an hour's recess for lunch from twelve to one.
spa,"¿Qué tal si compramos una torta como regalo para él? ""Ni pensarlo, saldría muy caro."""
ita,Io sto litigando con il mio amico.
ita,Devono farlo Presidente della Repubblica?
deu,Bitte schreibe mir von Zeit zu Zeit.
eng,She made brownies for him.
eng,The TV is still working.
spa,¿Has notado la magnificencia de las catedrales francesas?
deu,Meine Hobbys sind Autofahren und Gitarrespielen.
fra,Je vous ai vues cuisiner.
ita,Tom diede un'altra occhiata alla foto.
ita,Io vorrei leggere qualche libro sui Beatles.
deu,Das Eisen wird durch das Anhauchen alleine nicht heiß.
deu,Sie schreibt pausenlos Briefe.
fra,"Avant tout, sois sincère avec toi-même."
spa,Tom le hizo una flauta de bambú a Mary.
spa,Debes seguir las reglas de la escuela.
fra,Voici les faits.
deu,Tom tat mir tatsächlich leid.
deu,Spanisch hat ihr eine Mexikanerin beigebracht.
deu,Die Universität graduierte im letzten Jahr fünfhundert Studenten.
fra,Chaque jour qui passe est un pas de plus vers le sommeil ultime.
fra,J'aime mon mari.
ita,Siete così magri.
eng,This book has no pictures.
eng,We need to tell Tom where to park his car.
deu,Tom trinkt keinen Alkohol.
deu,"Ich danke dir dafür, dass du mich besuchst."
spa,Siempre quedaba como un cobarde.
ita,Andiamo a fare una passeggiata nel parco.
ita,Dategli i soldi!
eng,Sami covered his tracks.
eng,I forgot when his birthday was.
ita,Quali volete?
fra,"Un jour, ces hommes arrivèrent dans son village."
eng,I didn't know I would be allowed to do that.
fra,Vous vous êtes trompé d'avion.
fra,Est-ce que c'est une bague ?
deu,Ich möchte ein paar Pfunde loswerden.
ita,Oggi si deciderà il prezzo del biglietto.
spa,Toma un taxi hacia el hotel.
spa,¿Querés una pera o una manzana?
ita,"Dove andremo fra un mese? ""In America."""
spa,En esta frase no debe haber comas.
eng,I like your body.
ita,Odio il lavoro.
fra,Il s'est perdu dans les bois.
deu,Es ist so heiß!
fra,Quand cela arrivera-t-il ?
fra,Je suis devenu fou d'elle sans me rendre compte.
ita,Indossa una benda sull'occhio.
spa,"Como ya sabes, yo tengo veintitantos."
eng,I became desperate.
deu,Tom will allein mit Mary reden.
ita,Ha un alibi perfetto.
spa,A Mary le encanta el arte.
deu,Spaghetti isst man am besten mit geriebenem Parmesankäse.
spa,Todo está mejor.
spa,"Lo que quieras hacer, hazlo pronto."
eng,I had already finished my homework when you called me.
eng,Sami told me that this was his dog.
spa,No me gusta la ciudad en invierno.
ita,Non sono stata in grado di ricordare il suo indirizzo.
deu,"Früher habe ich viel Kaffe getrunken, jetzt gar nicht mehr."
eng,Tom's parents surprised him with a puppy on Christmas morning.
ita,"Prima che ti arrabbi, ascoltami."
fra,Quelle plaie ! Mon ordinateur a rendu l'âme.
fra,Voudriez-vous vous détendre ?
ita,Il posto è pulito?
ita,Cosa mi succederà?
deu,Melde dich telefonisch!
deu,Der Besucher waren wenige im Museum.
deu,"Es gibt Erkenntnisse, die gewinnt man nur, wenn man Interesse hat, sie zu gewinnen."
fra,Puis-je au moins avoir un câlin ?
eng,You will have a new sister.
ita,Prendete due di queste pillole rosse.
deu,Ich habe alle meine Orangen gegessen.
deu,Sollen wir sie rufen?
fra,Est-ce que vous comprenez plus ou moins l’espéranto ?
spa,Tenemos una fiesta esta tarde.
deu,Heute Eier zu haben ist besser als morgen Hennen.
eng,She's at law school.
eng,She touched the door again.
eng,Tom has finally done that.
spa,Mi hermana normalmente va al parque los fines de semana.
ita,"Portatemi un'altra forchetta, per favore."
spa,¿Tú confías en tu médico de cabecera?
ita,Non le abbiamo mai catturate.
deu,"Ich habe eine Genehmigung erhalten, um die Silberrücken-Gorillas zu sehen."
fra,Est-ce que vous portez un uniforme ?
ita,Il pesce spada è noto per il suo lungo e affilato rostro che usa per cacciare le sue prede.
spa,Esta ciénaga pestífera debería haber sido desecada hace años.
deu,Das machte viel Lärm.
fra,Cette chaussure est une taille plus grande.
spa,Por favor traiga sus propios cubiertos.
deu,Können Sie Ihre Bauchschmerzen beschreiben?
eng,Tom didn't give me a chance.
deu,Ihr habt einen faszinierten Eindruck gemacht.
fra,Je suis réellement fière de vous.
deu,"Die anderen brauchen nicht zu wissen, welche Probleme ich habe."
deu,Du wirst von jedem respektiert.
ita,Quelle non sono le vostre sedie.
eng,Which one's mine?
deu,"Wer die menschliche Natur beurteilen will, muss die Ausreden der Leute studieren."
fra,T'as bossé comme un chef !
ita,Io ho voluto fare questo per mesi.
deu,Die Sicherung ist wahrscheinlich geflogen.
eng,Tom doesn't need to do that if he doesn't want to.
eng,Tom is probably the one who hurt Mary.
fra,"Un jour, la lune voulut voir la lumière du jour."
ita,Non riuscivano a nascondere i loro sentimenti.
eng,My dream is to study Bengali in Dhaka.
spa,¿Cuál es la peor cosa que te haya pasado alguna vez?
fra,"Bon, du calme, Tom."
eng,The night cradles forgotten dreams.
spa,Tengo cincuenta años.
ita,Tom è veramente il marito di Mary?
fra,Qu'est-ce que tu as dans la tête ?
spa,Ahí había un puente.
fra,Marie est horripilante.
deu,Musst du das unbedingt hier und jetzt tun?
deu,"Nun weiß ich, woran ich bin!"
deu,Tom hat eine Abkürzung genommen.
spa,Tom es uno de los amigos de mi hermana.
deu,Mach das Fenster zu! Es ist kalt und zieht!
ita,Rimani magra!
deu,"Ich wusste nicht, was ich erwarten sollte."
eng,She said she didn't speak French.
eng,I heard about Tom and Mary.
spa,"Al llegar a su destino, Jerónimo suspiró; lo había logrado."
spa,¿Te has ido de paseo a Sidi Aich?
fra,Écrire un roman prend parfois plusieurs années.
fra,La vie est inestimable.
ita,Nessun giornale ne parla?
eng,"When we started, we thought that we knew everything, but we later discovered that we did not."
fra,Tu distribuais le lait.
eng,Why can't she do it?
fra,Ne soyez pas si sensible à la critique.
deu,"Es macht keinen Unterschied, ob du heute oder morgen gehst."
ita,Guido una macchina di mia proprietà.
spa,Se las reparé.
eng,"You haven't been a teacher very long, have you?"
fra,J'ai été impressionné par l'éventail des options.
deu,Ich habe genausoviel Gemüse wie du gegessen.
spa,Probablemente Tom se cansó de esperar a Mary y se fue.
eng,We were really drunk.
fra,Je ne sais pas s'ils planteront l'abricotier à temps.
deu,Alle haben es gesehen.
eng,"Come on, hurry up."
spa,¡Dejé mis llaves en el coche!
spa,Nadie será despedido.
eng,He added a little sugar to the coffee.
deu,Und wem soll ich es noch sagen?
eng,Yanni knew Ziri was in a gang.
ita,È frigida.
spa,Contaré el incidente.
eng,Tom said that Mary tried to do that.
eng,Where's that?
spa,"Por favor, venid aquí."
eng,Benedito's friends will give him a ride to the concert.
ita,Devo scrivere al fornitore.
eng,Let' go back to Kabylie.
fra,Ne rejetez aucune possibilité !
ita,Non è contrario alle regole.
spa,"Hasta donde yo sé, él es honesto."
spa,A Tom no le daba descanso la idea de que hubiera fallado en alguna parte.
spa,¿Quieres una boda reducida o una grande?
spa,La obra era tan popular que el teatro estaba casi lleno.
eng,Tom coached Mary.
spa,Y las besó. Pero ellas rompieron a llorar.
fra,Le monde est constamment jonché de ruines d’empires qui croyaient exister pour toujours.
fra,Je suis fier d'être ici.
fra,"Il existe toutes sortes de tumeurs, certaines bénignes, d’autres malignes."
eng,Dill is an aromatic plant.
spa,Los ancianos se levantan pronto.
ita,Noi leggeremo un libro.
ita,Le piace fare regali?
ita,Mary ha un nuovo moroso.
deu,Der Läufer schnappte nach Luft.
spa,Alguien intentó matarnos.
ita,Cosa penseranno Tom e Mary?
eng,I just want to know how far we're going.
ita,Gli piace leggere libri.
spa,El gigantesco edificio parecía tocar el cielo.
fra,Il faut les remplacer.
deu,"Sie dürfen nicht zulassen, dass sich Tom so benimmt."
deu,Ich koche manchmal Abendessen.
deu,Die Polizisten führten eine Zeugenvernehmung durch.
fra,La ville était recouverte de neige.
ita,Il censimento fornisce dati preziosi per la pianificazione di servizi e programmi governativi.
ita,"Dove andremo la settimana prossima? ""In Francia."""
fra,Nous avons réussi à nous enfuir par une fenêtre.
fra,Je le ferai si vous me le demandez.
spa,Mis vecinos son muy curiosos.
spa,Conozco bien esta canción.
ita,Noi non ce l'abbiamo in Europa.
eng,Tom has had eight jobs in ten years.
eng,"I think that Tom did that, but I could be wrong."
eng,Sami was screaming and kicking his father off of him.
eng,Tom's needs will be taken care of.
eng,An emptiness devours my heart.
fra,Je ne pense pas avoir été suivi.
spa,Han pasado tantos años.
deu,Ich brauche eine aufrichtige Freundin.
deu,George wird mit Sicherheit kommen.
spa,Compra un juguete para tu hija.
deu,Ich muss heute den Eltern helfen.
ita,"Non preoccuparti, ti aiuterò."
ita,Lei se n'è andata senza di me.
deu,Der Regen hat nachgelassen.
fra,Quand est-ce qu'est le temps d'élaguer les figuiers ?
ita,Non lasciare la casa.
fra,Tu as plus d'énergie que moi.
eng,He told her he wanted her to stay in Boston with him.
deu,"Tom sagte, er hoffe, du werdest dich morgen nicht noch einmal verspäten."
deu,Tom wurde in ein Krankenhaus gebracht.
fra,Mais je vous aime !
ita,Non dovevano lavorare per soldi.
fra,Vous étiez tellement heureux lorsque vous m'avez vu.
eng,Today it serves as a tourist destination and is also a symbol of the city.
eng,He used to be a quiet man.
deu,Ich finde deinen Rock zu kurz.
deu,Verwirre ich Sie?
deu,Was mögen Sie tun?
spa,Estoy en tus manos.
fra,Quel lit veux-tu utiliser ?
eng,Tom told Mary that he thought she was pushy.
spa,Aplacemos ese problema para mañana.
spa,A pesar de su riqueza él no es para nada feliz.
ita,Il paradigma è il numero di forme che si possono usare.
eng,I didn't want anyone else to know.
fra,Arcachon est une station balnéaire située sur la côte atlantique de la France.
deu,Ich höre etwas.
spa,¡Qué sorpresa encontrarte aquí!
spa,Bill nunca discute con otras personas.
fra,Je comprends que c'est une décision difficile pour toi.
ita,Sono uscita.
deu,Lass uns warten bis es aufhört zu regnen.
ita,Potete prendere visione qui del listino dei prezzi dei nostri servizi.
fra,Ils sont trop proches.
eng,David felt terrible for Martha.
spa,Dáselo a alguien que lo necesite.
ita,Io guardo la sua bella rosa.
fra,L'empereur Qin Shi Huang fonda l'Empire chinois en 221 av J.-C.
eng,I expect the rest of the money by the end of the day.
eng,How on earth can you speak that language?
spa,El amor da alas.
deu,Die Box ist total schmutzig.
fra,Elle est mon premier amour.
ita,Tutti qua sanno che non mangiamo maiale.
spa,"A decir verdad, es así como él escapó."
eng,He unfolded the blanket and wrapped it around himself.
ita,Questo regalo è per lei.
ita,Questa le può servire.
ita,Che lunga settimana!
fra,Peut-être neigera-t-il demain.
deu,"Vergessen wir das Ganze einfach, ja?"
ita,Quando possiamo vederci dei giorni insieme?
deu,Sie nahmen das Risiko bereitwillig in Kauf.
deu,Gott machte das Licht an.
deu,Tom spielt gerne mit Maria Schach.
deu,Ich gab Tom recht.
spa,Nagoya está al Este de Kioto.
deu,"Ich habe geholfen, als du Hilfe brauchtest."
fra,Tom n'a pas accepté les cadeaux.
ita,Andiamo a costruire biblioteche in Australia.
ita,Io sono stanca di tradurre.
eng,We're declaring the ceremony open.
spa,Tom sabe que Maru está equivocada.
fra,C’était quoi son idée ?
eng,Tom and Mary told John that they were ready to leave.
fra,Elle ne veut rien boire.
fra,Les poules mangent de l'or et chient de l'argent.
ita,Non vanno a costruire mausolei in Finlandia?
spa,Me leí el libro de cabo a rabo.
eng,"I like skiing, too."
deu,Tom gab Maria einen kurzen Kuss.
ita,Vai a costruire allevamenti in Turchia?
eng,"You're such an idiot, Tom."
eng,He looked into historical documents to solve the mystery.
ita,È una questione banale.
ita,Voi l'avete già chiamata?
fra,Ça caille !
deu,Wir haben Jack in der Menschenmenge aus den Augen verloren.
deu,Toronto hieß früher Fort York.
spa,Ayer estaba heladísimo.
spa,Respiró hondo e intentó tranquilizarse.
ita,Non avete scelta.
fra,Ce n'est pas une mauvaise personne.
fra,Combien de jours reste-t-il avant la fin du mois ?
spa,Voy a colocar estas flores.
deu,Kolumbus hatte kein Telefon.
deu,"Liebe ist, wenn beide gemeinsam lieben. Wenn einer liebt, ist es ein Leiden."
eng,The story really interested Leon.
deu,Arbeiten Sie auch am Samstag?
deu,Was siehst du in ihr?
eng,Tom said that Mary knew he might not want to do that until John had time to help him.
spa,Ocurrió así por muy contradictorio que te parezca.
ita,Io persi.
spa,Él lleva gafas gruesas.
fra,Il est dans les bois.
spa,Este libro es una lectura agradable.
fra,Le salon contient au moins deux cents personnes et au maximum deux cent trente personnes.
eng,Tom wanted Mary and John to be nicer to each other.
fra,Fumer peut nuire aux spermatozoïdes et réduit la fertilité.
eng,He told me he was unimpressed.
eng,In my analysis I rely considerably on the types of authoritarian behaviour first analyzed by Kurz.
eng,"The house is surrounded by a wall, on the other side of which cypress trees are growing."
deu,Wir haben einen neuen Präsidenten gewählt.
fra,C'est une offre très intéressante.
deu,Er schaute in den Himmel und zu den Sternen.
fra,Tom est recruté comme dresseur d'animaux.
ita,"Detto tra noi, non credo che ci riuscirà."
ita,Queste parole toccarono il cuore di Pinocchio.
spa,Déjeme presentarle al Sr. Tanaka.
ita,Vorrei mangiare.
spa,No sé cuándo se casó.
eng,I thought that I had nothing to lose.
fra,"Mon fils se porte très bien, je lui ai envoyé un nouveau chèque hier."
fra,Il a annulé.
eng,Do you know why Tom wants to go to Boston?
fra,Cherchez-vous vos parents?
deu,"Wir hoffen, dass es nicht regnet."
deu,Sie müssen zwei Tage mit dem Zug fahren.
ita,Facciamo una partita di baseball.
spa,Trabajo hasta el domingo.
eng,We like our job.
ita,Non ha pesato le sue parole.
deu,Du wolltest eine Jacke.
eng,"Mark's car is called ""Thunder Giant""."
spa,No te quedes ahí parado. ¡Llama a Seguridad!
deu,"Deine ist hier, aber wo ist meine?"
fra,Tu devrais suivre mon conseil.
fra,Ce politicien est un digne représentant de la gauche caviar.
ita,Dan era un padre molto premuroso.
eng,"I know what you think, but she's not like that."
ita,Vado a fare soldi in Albania?
ita,Mary si è accidentalmente imbattuta in Tom.
fra,Est-ce que vous prenez des médicaments ?
ita,Non vanno a costruire biblioteche in Paraguay?
spa,Parece que no hay forma de salir de aquí.
fra,"Gringoire, à tout hasard, s’était mis à suivre la bohémienne."
ita,Noi rispettiamo tutti la sua onestà.
fra,Place ton pied dans l'étrier !
deu,"Wenn es aufhört zu regnen, gehen wir spazieren."
spa,Somos togoleses.
fra,N'as-tu pas encore mangé ?
spa,Brian hizo esperar a Kate.
fra,Il a beaucoup d'idées créatives.
fra,Sami a surfé sur internet.
deu,Wir haben schon genug.
eng,Tom showed me his photograph album.
fra,La bécasse est un oiseau timide.
ita,Siamo solamente amiche?
spa,Para los católicos es pecado recibir la comunión sin antes confesarse.
fra,Je suis obligé d'être d'accord avec Tom.
spa,El uso prolongado de las mascarillas provoca asfixia.
ita,Le ho conosciute.
ita,A Yanni fu dato un regalo.
eng,Where do you want to go and spend your vacation?
fra,Comment puis-je savoir que je suis vraiment amoureuse ?
ita,È arrivata la sposa da Istanbul.
spa,Él corrió cinco millas.
deu,Aus wie vielen Leuten besteht Ihre Familie?
spa,Los murciélagos tienen un sistema de localización por eco.
ita,Tom è nato schiavo.
fra,"J’ai lu un livre sur les maladies cardiovasculaires, c’était vraiment captivant."
ita,Vai a costruire edifici in Austria?
spa,Quiero que me cuentes sobre la teoría de la Relatividad General de Einstein.
deu,"Wissen Sie, was sie haben?"
deu,"Als Tom begonnen hat zu trainieren, schaffte er nicht einmal einen Liegestütz."
eng,We are for scientific progress.
fra,Tu es tombée et tu t'es cassé la jambe.
ita,Non va a costruire negozi in Bielorussia.
ita,Le chiavi di Sami non erano dove le aveva lasciate.
deu,"Ich überlasse Ihnen alles, was die Party betrifft."
fra,Tom étudie également le français.
spa,¿Echaste sal?
deu,Eine Menge Jungen liefen dem Kaninchen hinterher.
spa,Le dije a Tom que estaba casado.
ita,È tutto da far controllare?
spa,No te burles de una persona en problemas.
deu,Ich bin zu betrunken.
eng,What time did you go to sleep this morning?
ita,La sua stupida risposta meravigliò tutti.
fra,Je l'ai trouvé au lit.
eng,"Formerly, I had a dream of keeping fish."
ita,Mary deve avere dimenticato quello che ha promesso a Tom.
eng,"That was you, wasn't it?"
eng,Mary likes women.
eng,"Tom is still your friend, isn't he?"
spa,Esta se ve como una herida de tiro a quemarropa.
deu,Ich mag Süßigkeiten.
ita,"Di che nazionalità sono le tue insegnanti? ""Canadese."""
ita,Rimanete ai vostri posti con le cinture allacciate.
eng,Tell Tom what he should do first.
deu,Hast du schon gegessen?
deu,"Tom lief so schnell, wie ihn seine Beine trugen."
ita,Siete andate a Roma durante i vostri viaggi?
eng,Sami planned to propose to Layla.
ita,Reggi la corda.
fra,L'Helix Pomatia est l'escargot le plus consommé en France.
fra,"Le sel, s'il te plaît."
eng,Tom and Mary would be exhausted if they did that.
deu,Das geht ihn nichts an.
eng,Boris arrived to Mars.
fra,Yanni survit.
fra,Pourquoi vous asseyez-vous là ?
spa,"Caín dejó la presencia de Dios y se estableció en el país de Nod, al oriente de Edén."
deu,"Der Tag ist verloren, an dem man nicht gelacht hat."
eng,Sami became sexually aggressive.
ita,Quello che dice è falso.
deu,Meine Gedanken drehen sich immer im Kreis.
fra,Où est ton grand-père ?
spa,Ahí viene.
fra,Je serai de retour avant le matin.
fra,Je voudrais quelque chose à lire dans le train.
spa,Tom se encargará de mi trabajo mientras estoy fuera.
deu,Ich liebe dich mehr als mein Leben.
ita,Penso che andrai per soldi in Portogallo.
spa,¿Dónde dijeron ustedes que ocurrió?
deu,Meiner Meinung nach ist Französisch schwieriger als Englisch.
ita,Non posso escluderlo.
eng,Tonight Liisa and Markku were in the mood to whoop it up.
eng,Is anyone in the room?
ita,La tua borsa è aperta.
spa,¿Qué vais a beber?
fra,Il resta pauvre toute sa vie.
spa,"Lo hice porque me apetecía, no porque lo necesitase."
ita,Spero che ci rivedremo.
ita,L'attività fisica migliora la salute.
eng,Tom adopted an orphan.
spa,Ella no está ni en la cocina ni en la sala de estar.
fra,"Il est grand, et elle aussi."
ita,Tu stai seguendo la Coppa del Mondo?
deu,"Tom und Maria haben nichts von dem getan, was wir ihnen aufgetragen haben."
fra,Il faut être strict.
eng,Have you had any blood tests lately?
spa,¿Cómo murió Tom?
ita,Non andate a costruire moschee in Irlanda.
eng,I am eating butter.
eng,She said that she'd try.
deu,Wo macht ihr bei der Wahl euer Kreuz?
fra,Nous avons perdu foi en l'humanité.
fra,Vous nous confierez vos enfants.
ita,Mi ha detto che non ha vinto.
ita,Ziri ordina cibo halal.
spa,Tenemos que tener cuidado.
ita,Rivoleva la sua terra.
ita,Io riesco a parlare con Tom.
deu,"Du hast bis heute Abend Zeit, mir zu sagen, dass es gut ist, ansonsten betrachte ich es als gut."
deu,Haben Sie helles Bier?
eng,There's something fishy going on in there.
deu,Sie wusch ihre schmutzigen Hände vor dem Essen.
ita,La maggior parte dei cani è ancora viva.
ita,Tom potrebbe non essere in grado di aiutarci.
spa,Tengo una entrega para ella.
fra,Nous sommes dans la même classe.
deu,Wo wurde er veröffentlicht?
fra,Les gens pensent que ce reportage est vrai.
deu,Sind diese Bananen reif?
spa,Nunca matamos a nadie.
eng,"You're too young to drink beer, aren't you?"
deu,Verkaufen Sie Ihr Haus?
ita,Andate nei canili.
spa,Tom y Mary son inseparables.
ita,Gli piace l'arancione.
spa,Se van a corromper en poco tiempo.
ita,Faccio finta di non aver letto!
eng,He is my first period teacher.
fra,Depuis combien de temps votre langue a-t-elle cette couleur ?
fra,Mary a dit à Tom ce qu'elle avait à acheter
spa,¿Podrías lavar mi coche?
eng,Do you need a bag?
deu,Das war ein riesiger Fehler.
fra,"Ce dont nous avons besoin, c'est d'un effet de levier."
deu,Das gilt seit Olims Zeiten!
fra,Ils chantent ensemble.
deu,"Sie sah gut aus, als ich sie zuletzt gesehen habe."
spa,¿Se acuerda usted de lo que pasó aquí el año pasado?
spa,¿Te viste con ella esta noche?
ita,Non vanno a costruire mausolei in Spagna.
ita,Avevo poca scelta.
spa,Amo los gatitos.
deu,Er hat sich eine Programmaktualisierung heruntergeladen.
eng,"If you don't tell me what's going on right now, I think I'm gonna call the cops."
spa,Vivimos en Hungría.
spa,María le subió el sueldo a sus empleados.
ita,Non rovino i miei vestiti.
ita,Mio fratello è alto.
fra,Il ment avec talent.
fra,Ils veulent acclimater cet arbre tropical ici.
spa,Por eso que estoy aquí.
spa,El hombre loco rompió la ventana.
eng,Tom is watching a Twenty20 cricket match.
fra,Je sais que c'est mon ticket.
spa,Él está demente.
fra,Nous avons été acculées.
spa,"No necesitan comprar agua, ¿verdad?"
fra,Finissons-en avec ce travail afin de pouvoir nous détendre.
ita,"Abbiamo parlato più volte di te, questa sera."
ita,Vanno a costruire edifici in Siria.
ita,È andata in Italia a studiare la musica.
spa,Alguien nos engañó.
deu,Wann hast du ihn zuletzt gesehen?
deu,"Nicht das, was ich habe, sondern das, was ich schaffe, ist mein Reich."
deu,Es war für uns alle eine schlimme Zeit.
ita,Sembra che sia stata malata.
eng,Yanni teaches Berber at home.
ita,Le istruzioni sembrano scritte in modo comprensibile.
deu,Was sind die Grundlagen deiner Theorie?
ita,Non vado a costruire autostrade in Svezia?
fra,J'ai fait mon travail correctement.
ita,Questo è il vostro pane.
spa,Me hice daño en el codo.
eng,She was holding a jug in her hand.
fra,"Pas vu, pas pris."
spa,Deberías conocerlo.
ita,Si sta riposando in camera.
deu,"Oft lese ich Bücher und bemerke dabei häufig, dass sich der Geruch verändert."
spa,Soy responsable de la seguridad de Tom.
eng,Jonas left the planet.
spa,¿Cuántas estampillas necesitas?
deu,Wer hat meine Pfeife gesehen?
spa,Un sudario no tiene bolsillos.
spa,Estoy seguro de que se puede hacer.
eng,"We have no idea, do we?"
deu,Maria findet ihre Freundin sehr nett.
spa,Añadí este sitio web a mis favoritos.
eng,They didn't pay me as much as they'd promised.
deu,"Tom versuchte, so zu tun, als amüsiere er sich."
deu,"Der Hund bellt, wenn er Angst hat."
spa,Prefiero quedarme en mi cuarto.
eng,Janos got out of the tent.
eng,Tom agreed to meet Mary.
deu,Du hilfst mir nicht.
spa,Uno de mis amigos quiere mudarse conmigo.
fra,Il n'y a rien de nouveau sous le ciel.
spa,¡Estoy loca por él!
fra,Je foncerai vers Ighil Ali.
eng,Sami had a stalker in high school.
deu,Ich bin ins Kino gegangen.
spa,Es una tradición turca.
fra,Pourquoi Tom devrait-il chanter cette chanson ?
ita,Ti è piaciuto il film che hai visto ieri?
deu,So weit habe ich es nicht geschafft.
fra,Je ne pouvais pas en croire mes yeux.
deu,Llivia befindet sich seit 1660 in Frankreich.
spa,Acabo de pensar en algo muy interesante.
deu,Armut und Reichtum sind beides Schöpfungen des Glaubens.
deu,"Sie sind noch jung, Tom."
ita,Come lo sapeva che volevo parlare con Tom?
spa,¿Tiene usted un momento?
fra,Tom n'était pas conscient de la gravité de la situation.
ita,Abito accanto a lui.
spa,Se fue pronto para no llegar tarde.
deu,Tom bekam einen Schlag auf die Nase.
spa,Eres muy perspicaz.
ita,Le sue calze sono viola.
spa,La araña mono es un arácnido y el mono araña un simio.
fra,Je pensais te décevoir.
deu,"Es gibt zwei Arten von Menschen! Schwaben! Und die, die gern Schwaben wären!"
spa,No puedo ducharme de noche.
ita,Questa è una città di vero valore storico.
spa,En el cráter del volcán se incrementan las explosiones.
spa,Parece que Tom está dormido.
deu,"Bevor der Film beginnt, gehe ich auf die Toilette."
deu,Tom klingelte nervös bei Maria an der Tür.
deu,"Sie riefen den Psychiater an und fragten, was sie tun sollen."
ita,Loro sono canadesi.
fra,Ils sont tous contents de ma réussite.
fra,J'ai trois fois plus de livres qu'elles.
ita,"Mary, le amiche sono venute per te."
fra,Une tasse de café bien fait ne devrait pas nécessiter de lait ou de sucre.
spa,¿A dónde van ustedes? Son casi las tres y media.
deu,Tom zeigt mir gegenüber ein feindseliges Benehmen.
eng,I could fall asleep in this chair.
deu,Da ist jemand bei mir im Zimmer.
spa,Ella se quitó sus viejos zapatos y se puso los nuevos.
ita,Mi sto organizzando per davvero stavolta.
deu,Von Bibliothekaren wird viel zu wenig Gebrauch gemacht.
eng,You should commence without delay.
ita,A voi piace il couscous?
fra,Personne ne visite mon pays.
fra,"Aujourd'hui, vous avez compris que tant qu'il y a de la volonté, tout devient alors possible."
eng,You aren't just working for Tom.
spa,Mary se quitó el vestido.
eng,They can open the window.
deu,Der Metzger schärfte die Messer.
eng,They are out of bread.
fra,Ce bonbon coûte quatre-vingt centimes.
eng,Mary said she'd rather do that some other time.
fra,Pars-tu en vacances en Sicile ?
deu,„Guten Tag! Ich möchte ein Kilo Weintrauben bitte.“ – „Noch etwas?“
ita,Lo saprà.
eng,He said he could've done that.
deu,Was machst du am allerliebsten?
fra,On m'a conseillé de venir vous voir.
spa,Hablen por ustedes mismos.
fra,"Aujourd'hui, le facteur a apporté une mauvaise nouvelle à Tom."
ita,Non va a costruire sinagoghe in Germania?
ita,"Tatoeba in giapponese significa ""per esempio""."
ita,Non ho usato molto questo.
ita,Ogni stagione ha la sua bellezza.
spa,No vayas al colegio.
eng,Tom is a strange kid.
deu,"Wisst ihr, wann der Laden zumacht?"
ita,"Come si dice ""dizionario"" in greco?"
fra,Sami n'est pas homosexuel.
ita,Voglio quella borsa.
ita,Borbottò.
deu,Der ganze Trubel wird mir zu viel.
spa,Tom puso el mantel nuevo que acababa de comprar en la mesa.
eng,How nice!
ita,Era soltanto la mia immaginazione.
spa,Las gafas del disfraz de Harry Potter de Bruno no eran las de su hermana sino unas que le compraron.
fra,Le menu du jeudi est macrobiotique.
fra,Mon chien fait souvent semblant de dormir.
spa,Debo esperar aquí.
eng,He told me that he liked working with her.
eng,Tom is one of my rivals.
fra,Tom a la peau foncée.
ita,Sto cercando di risparmiare dei soldi.
ita,Io voglio che Mary sia consegnata alla giustizia.
eng,Tom is a pleasure to work with.
spa,"Vale, tú ganas."
fra,Gardez vos leçons pour vous-mêmes.
ita,Ha rivelato il segreto.
deu,Manche Fichten haben Borkenkäfer.
fra,Apprenons le hongrois.
fra,Tu devras travailler plus dur l'année prochaine.
deu,Tom ist im Schach unschlagbar.
spa,Creo que es verdad.
spa,Tatoeba: el único lugar donde el uso de distintas apóstrofos es polémico.
eng,I don't think Tom knows how deep the pool is.
eng,This is vegetable soup.
fra,Pour qui est ce message ?
fra,Elle est allée acheter de la colle à bois.
ita,Dov'è l'altro calzino?
ita,In cosa mi sono trasformato?
ita,Abbiamo tutti i nostri compiti da svolgere.
spa,Ese vato venía a mi casa mucho a jugar.
spa,Él es el dueño de cuatro haciendas enormes en el interior de São Paulo.
deu,"Maria ist Ballettänzerin, oder?"
fra,Nous nous sommes abaissés à son niveau.
fra,Elle a pris de belles pierres.
spa,Ahora estamos estudiando.
fra,"Le blé ondule sous la brise légère, semblable à une mer dorée."
ita,Non andate a costruire birrerie in Brasile.
fra,Elles nous les ont attachées.
spa,Estad atentas y no bajéis la guardia.
deu,"Maria gefror das Blut in den Adern, als sie Tom mit den Löwen wie mit Hunden spielen sah."
deu,Du hast getrunken. Stimmt's?
deu,Ich bin im Haus und warte.
fra,Quelle est ta matière préférée ?
spa,Mantén vigilados a los chicos; ellos son maliciosos.
spa,¿Por qué no pruebas a comer esto?
eng,"Like Fadil, Layla also grew up in Cairo."
spa,Mi mamá valora este escritor.
ita,Il cibo algerino è incredibile.
fra,Nous avons envoyé les invitations hier.
spa,Eso no le gustará a papá.
fra,Tada…
spa,"En épocas pasadas, las cosas eran distintas."
eng,Tom needs to stop bringing that subject up.
fra,Excusez-moi juste un instant.
fra,Quels avantages gagnerons-nous à utiliser votre méthode ?
spa,"Se ha muerto tu perro. ""Muy gracioso."""
fra,La leur donneront-elles ?
ita,Tom è apparso appena in tempo.
spa,Dadme tres trozos de tiza.
spa,Estoy más confundido que Adán en el día de la madre.
fra,"À notre grande surprise, elle est allée seule au Brésil."
spa,Bob es una persona tan agradable que les cae bien a todos.
eng,I think Tom and Mary are following me.
fra,Il se trouvait dans l’incapacité de faire passer ses idées aux étudiants.
spa,Mamá está haciendo la comida en la cocina.
fra,De nombreuses espèces sont en voie de disparition.
eng,She married him for his money.
fra,"Bonjour, très chère."
deu,Ich war nie in ihn verliebt.
fra,J’apprends plusieurs langues en même temps.
eng,You were involved.
deu,"Pass auf die Kamera auf, ja?"
fra,"Il était très grand et mince, avec de longs bras et de longues jambes."
spa,¡Tal vez conozca a esta persona!
eng,To live in a perfect world is just a utopian dream.
spa,Hay que zurcir estos calcetines.
deu,Der Sturm hat großen Schaden verursacht.
ita,"È troppo bassa per farlo, vero?"
spa,Trae tu taza a la cocina.
spa,"Unos huyen en una dirección, otros en otra."
spa,Soy abstemio.
eng,Tom is in denial.
ita,Lui era accompagnato da sua moglie.
spa,¿Y cómo dices que te quemaste?
fra,Tom a-t-il déjà un emploi ?
spa,¡Qué bueno verte!
spa,Un tema delicado.
eng,Park rangers keep the forest clean and the national park safe.
deu,„Wer ist dieser eingebildete Arsch?“ – „Bestimmt ein Politiker.“
fra,"Je suis tout à fait d'accord avec vous, mon cher collègue."
deu,Wofür Tom nicht alles herhalten muss!
ita,Kenji ha raccontato alle sue amiche una storia sul suo viaggio in India.
ita,Lei è capace di nuotare?
ita,Quanto costerà la tua operazione?
eng,Daniel is the best teacher I’ve ever had.
ita,Sapete cucinare una frittata?
deu,Tom gibt jede Menge Geld für Kleidung aus.
fra,Il n'y avait aucun nuage dans le ciel.
spa,Él estaba tan cansado que no podía caminar.
eng,Sami wanted to sell his Ford Focus and buy a Mercedes.
spa,No debes juzgar a un hombre por su apariencia.
deu,"Tom ist ein Veteran, nicht wahr?"
ita,La porta sarà aperta.
fra,Je suis en train de parler espagnol à mon chat.
eng,Yanni isn't even aware of that.
ita,Andate a costruire cimiteri in Giappone?
spa,Todo el mundo sabe cómo escribir su propio nombre.
deu,Sie haben meinen Namen falsch geschrieben.
eng,Mary wears lots of jewelry.
ita,Tom stava sorseggiando il suo margarita.
eng,Tom's hard work has paid off.
eng,"Ordinarily, this was not a problem, but in the circumstances it could not have been worse."
ita,Vanno a studiare in India.
fra,Elle les leur a attrapées.
eng,I think that Tom is annoying.
deu,"Ich denke, dass Tom aus Australien ist."
eng,Tom and Mary said they thought we might have a problem.
deu,Was macht ihr denn noch immer hier?
eng,It's an old travel trunk.
ita,Ha letto la lettera lentamente.
eng,How many women have you kissed?
fra,Tom vous protégera.
fra,"Ce dont tu as besoin, en un mot, c'est de patience."
eng,You don't seem to be yourself these days.
fra,Le Caire a changé.
deu,Wir mussten alles selbst machen.
spa,Tom y yo no tenemos puntos en común.
eng,Does the museum open every day?
spa,Ya es hora de ir pensando en marcharnos.
eng,I'm sorry. It was only meant as a harmless prank.
spa,¿Dónde está el patito de hule?
ita,Diedi a Tom un'altra occasione.
fra,"Pierre et moi, nous allons souvent au cinéma."
ita,Non riesco a concentrarmi con questo dolore.
fra,Vous êtes trop curieuse des affaires des autres.
fra,Pourquoi ne me dites-vous pas ce dont vous vous souvenez ?
deu,Kannst du dir das erklären?
ita,Vanno a lavorare in Canada.
eng,Tom doesn't understand a word you're saying.
fra,Les ingénieurs améliorent constamment les systèmes de conduite autonome.
spa,"Perdón, no entendí esa frase."
fra,Parler boulot est drôle.
eng,Punish me instead.
fra,Où est l'endroit le plus froid sur terre ?
ita,"Di che nazionalità erano le sue alunne? ""Italiana."""
eng,May the Gods help us.
spa,¿Qué pensabas que iba a pasar en entonces?
eng,"Our biggest enemies may not be other people, but ourselves."
spa,Tom y Mary quieren vernos.
fra,Elle ne peut plus écrire.
ita,Non ci avete dato un'opportunità.
eng,He said he was afraid of heights.
spa,¿Tom va a venir aquí?
fra,Qui a laissé le chien entrer ?
eng,"He wants to make me jealous, but he isn't able to."
spa,Hay bellas flores en el jardín.
ita,Va a fare affari in Somalia.
fra,Il faut être bien préparé.
fra,Sami vint.
eng,I guess you know I can't do that.
fra,Je suis satisfait de leur performance.
deu,Das Flugzeug flog um halb drei ab.
eng,You hid the truth from me.
deu,Ich bin zweiundzwanzig.
spa,Tom no sabía qué más hacer.
fra,Thomas réalisa qu'il avait des ennuis.
fra,Tom a acheté un appareil photo pour Marie.
ita,Tom è soltanto modesto.
fra,La morve coule de mon nez.
fra,Sais-tu d'où elles viennent ?
spa,¿Lo ayudaron?
fra,Elle te regardait sans cesse. N'as-tu pas remarqué ?
ita,Abbiamo cominciato alle sei.
spa,Incluso a Tom le sorprendió que María mintiera.
fra,Tu t'es déjà faite à la nourriture japonaise ?
spa,Teme convocar elecciones porque está seguro de perderlas.
fra,Vous êtes-vous déjà remise de votre rhume ?
ita,Tom riesce a mangiare una banana in tre secondi.
spa,"En el fondo, tienes toda la razón."
eng,Was that easy to do?
spa,¿Puedes llevarnos contigo?
spa,Me gustaría que vinieras alguna vez.
fra,Je regarderai une belle fleur.
deu,Das ist genau für Sie.
fra,Le monde sombre avec noblesse.
fra,"Pourquoi doit-elle toujours avoir raison, c'est agaçant."
eng,I don't think that I could do that to Tom.
spa,Tenían la sala llena de maniquíes con todo tipo de ropajes de película.
spa,"Das la mano, cogen el brazo."
deu,Heute ist der letzte Tag des ersten Monats dieses Jahres.
eng,They weighed their options.
fra,L'Algérie lui manque.
ita,Sai che non ci ho mai giocato.
spa,Háblame en francés.
ita,Dove le ha sorpassate?
spa,Los árabes les robaron la fórmula de la fabricación del papel a los chinos.
eng,"She's being sarcastic, isn't she?"
deu,Das Quadrat ist viereckig.
ita,Io non conobbi nessuno.
deu,Ich hab' mich da wohl gefühlt.
deu,Das ist ein interessanter Vorschlag. Ich denke darüber nach.
fra,Tom desserra le nœud de sa cravate.
spa,Creo que no me queda mucho más que añadir.
deu,Die meisten Überlebenden des Brandes leben verstreut in anderen Städten.
eng,She dried herself with a bath towel.
fra,C'était alors l'hiver.
ita,Non andate a costruire fabbriche in Italia.
deu,Das habe ich selber gemacht.
fra,As-tu fait cuire les pommes de terre en robe des champs ?
eng,Tom and Mary aren't young.
fra,L'ambivalence exprime la coexistence de sentiments contradictoires.
eng,Tom and Mary say they're too tired to do anything else.
ita,Noi siamo molto curiose a riguardo.
eng,What do you think is in the box?
deu,"Er hat kein Talent, Schauspieler zu werden."
ita,C'è ancora del tempo per salvare Sami.
ita,Le abitudini sono difficili da rompere.
eng,This is the time he normally arrives.
fra,Je suis sortie.
deu,Nur meine Meinung ist richtig.
fra,Je ne m'attendais pas à le trouver là-bas.
fra,Avec qui fêtes-tu le Jour de l'an ?
eng,She leaves her TV on all day.
deu,"Als ich jenen Unfall sah, erkannte ich auf schmerzliche Weise die Kraft der Natur."
ita,Le sono grato per la sua gentilezza.
ita,Non cambiarlo.
ita,State per prendere le vostre auto.
fra,Aimez-vous la cuisine chinoise ?
spa,Dijiste que soy una mentirosa.
deu,Der Barsch ist ein Fisch.
ita,Voglio solo trovarlo.
fra,Il y a trois ans que je me suis installé ici.
deu,Meine Schule liegt ungefähr zehn Minuten vom Bahnhof entfernt.
spa,Vos sos responsable de eso.
deu,"Das ist nichts, worum ihr euch sorgen müsstet."
ita,Mi mise un coltello alla gola.
eng,Tom didn't seem to be interested in what I was saying.
eng,Touch me now if you're a man.
deu,Hat sie gerade Sushi genossen?
deu,Mein Onkel hat uns einen neuen Fernseher gekauft.
eng,I know Tom is a music teacher.
spa,Lamento haber llegado tan tarde.
eng,Sami would talk to his parrot for hours and hours.
fra,Ils vont te montrer comment attraper un poisson.
deu,"Ich habe keine Ahnung, was hier los ist."
ita,Dopo il bivio imboccate l'autostrada.
ita,Tom sarà presto qui.
eng,"Thankfully, no one was injured in the fire."
ita,Perché eri con Tom?
eng,Sami worked with us.
spa,El alumno conoció a esa mujer el año pasado.
spa,"Tom es tu primo, ¿no?"
deu,Er scheint den Weg gut zu kennen.
ita,Perché non è venuta a casa per pranzo?
eng,Yanni made a list.
fra,Il parle hongrois et elle parle allemand.
spa,¿Qué piensas que hará ella?
ita,Non lo dire a tua madre.
fra,« Tu ne lui as même pas donné la possibilité de s'expliquer. » « Expliquer quoi ? »
ita,Mi piacerebbe mostrare a Tom quello che ho comprato oggi.
eng,There were errors.
fra,Je crois que j'ai le billet gagnant.
fra,Je peux parler avec Tom pendant des heures.
deu,Wie viele Gitarren besitzt ihr?
deu,"Wenn Sie dieses Shampoo kaufen, bekommen Sie diese großartige Haarbürste mit dazu."
spa,Daniel está en la biblioteca.
spa,Tú no pagaste.
eng,Ziri has been there since midnight at least.
deu,"Die Ferien gingen viel zu schnell vorüber, und die Schule begann wieder."
spa,La extraño.
eng,Tom and Mary say that they're very busy.
fra,Je me souviens de ce qu'ils m'ont dit.
eng,"Change your opinions, keep to your principles; change your leaves, keep intact your roots."
ita,A che ora vorreste la colazione?
spa,Me estampé contra un árbol.
ita,L'anziano uomo sembrava saggio.
fra,Il est impossible de prouver que c'est possible.
eng,I wasn't able to get the safe open.
deu,Tom betrachtete mit einem Teleskop den Nachthimmel.
fra,Je vois qu'il va falloir faire quelques rappels du cours de seconde...
fra,Il n'y a aucune de ces considérations qui soit décisive.
ita,Perché non li posso amare entrambi?
fra,« Quelle heure est-il ? » « Il est trois heures vingt. »
deu,Den Weg säumten blühende Traubenkirschen.
fra,Mes parents ne m'ont pour ainsi dire jamais puni pour quoi que ce soit.
spa,¿Cuál es la mejor manera de terminar con la guerra?
fra,Nous passerons la nuit chez eux.
ita,Non perdere mai questo tuo entusiasmo e passione.
ita,Avete mai camminato sui trampoli?
deu,Wir sehen uns bei der Arbeit.
deu,"Wenn wir Kinder hätten, hätten wir uns ein größeres Haus gekauft."
eng,"You were here last week, weren't you?"
eng,Tatoeba isn't all it's cracked up to be.
eng,You don't have to stand out there in the rain. Come in.
fra,Robert a frappé le maire.
deu,"Gib auch den Sklaven Äpfel und Birnen, Vater!"
fra,« Merci pour tout. » « Pas de quoi. »
ita,Andate a costruire palestre a Cipro?
eng,All cats dream of mice.
deu,"Hat dieser Club eine Live-Band, oder gibt es dort einen DJ?"
ita,Forse dovremmo fermare l'auto.
deu,Seit unserer Hochzeit haben wir nichts als Schwierigkeiten.
spa,Estoy preocupado por su vida.
ita,Mi ha detto perché era arrabbiata.
spa,Ella hizo todo por ella.
deu,Mit Ausnahme von Sonn- und Feiertagen können wir fast immer innerhalb von drei Tagen liefern.
eng,She didn't even seem to notice him.
ita,Prendere la patente mi renderebbe felice.
eng,Ziri got mocked about his Kabyle accent.
eng,"By now, the poison has spread."
eng,Tom has a key to Mary's house.
ita,Avete visitato la Colombia?
spa,Paraguay logró su independencia de España en 1811.
spa,¿Qué película has visto recientemente?
deu,Sie nehmen keine Geschenke an.
ita,Ziri iniziò a vendere fiori online.
eng,I'm afraid of dying.
spa,Quiero saber cómo le va a Tom.
eng,You may open the window.
eng,Yanni turned off the power.
eng,I might be able to buy that for Tom.
spa,Vamos a ponerle Jorge al niño.
spa,Se olvida de si misma.
spa,"La abeja, unas flores escoge y otras deja."
deu,Wir benötigen ein Sanitätsauto.
eng,He put a traffic cone in the road.
ita,Studiare è il lavoro dello studente.
spa,Ocho hombres de edades entre 24 y 33 años resultaron heridos.
eng,Tom has never been a good singer.
ita,Ho chiesto al mio insegnante cosa dovrei fare dopo.
deu,"Die Kinder sind nicht in der Lage, komplexe Überlegungen anzustellen."
spa,¿Alguno de vosotros quiere venir aquí y volver a hacer lo que yo acabo de hacer?
ita,Portatela in riparazione.
deu,"Wenn er ein wenig trinkt, fährt er besser."
deu,Er kann mich nicht besiegen.
eng,"Without your consent, nothing can be done about it."
fra,"Laisse-la se réveiller doucement, ne la secoue pas."
spa,Yo le temo a la oscuridad.
fra,T'arrive-t-il de te sentir comme ça ?
spa,"¿Yo? ""¡Sí, tú!"""
spa,"Un poco más arriba, por favor."
deu,Der Preis ändert sich entsprechend der Nachfrage.
ita,Potresti sillabarlo per favore?
eng,It was our own fault.
spa,Fue una de las peores experiencias de mi vida.
fra,Je voulais en discuter.
fra,Le drapeau national des États-Unis d'Amérique est appelé la Bannière Étoilée.
spa,Una banda de bronces está marchando por la calle.
spa,Su cara se puso roja de vergüenza.
spa,¿Quién crees que es el escritor de esta novela?
ita,La strada costeggia il mare.
ita,Tom non sa sciare.
spa,Jamás aprendí a usar un microondas.
ita,Sono irlandese.
spa,¿Aún sigues enojada conmigo?
deu,Wie langsam Sie sind!
fra,Elle a parfois un comportement étrange.
spa,Todos hablamos francés.
ita,Il mio computer è più potente di quello di Tom.
ita,"Lo chiederai a lei, vero?"
eng,You look wasted.
fra,Qui t'enseigne ?
ita,"Amore nato a Carnevale, muore a Quaresima."
fra,La fille a écrit quelque chose sur la page du livre.
fra,Tom nous a aimé.
ita,Non andate in vacanza in Ungheria?
ita,Lei ha molti soldi?
eng,"I'm a lover, not a fighter."
spa,Caín mató a Abel.
ita,Mia madre pulisce la camera.
ita,Tom e Mary sono già partiti.
deu,"Man muss vieles übersehen, um schauen zu können."
spa,Me importa.
fra,Je m'identifie comme une femme.
spa,Vais a regresar a Rwiba.
deu,Er lehrt Englisch.
fra,Il est préférable qu'il parte seul.
ita,Ho molto da imparare da te.
eng,I gave Tom my word that I wouldn't talk to Mary about that.
spa,No soy una ramera.
eng,We often took a walk along the seashore together in the morning.
eng,Tom could see nobody.
deu,Die Künstlerin malt ein Bild.
eng,Tom and Mary said they wouldn't wait.
fra,Tom a fait machine arrière.
fra,Garde Tom occupé.
fra,Elle a passé sa vie à rechercher la vérité.
fra,C'est vraiment bon.
deu,Du weißt es besser als jeder andere.
spa,Los niños y los tontos siempre dicen la verdad.
spa,Gabriel fue sorteando todos los obstáculos sin aparente dificultad.
spa,Puedes tomar lo que sea que te guste.
eng,I think the shirt clashes with the red tie.
deu,"Tom, antworte mir!"
spa,Le dieron un poco de pastel a Tom.
fra,"Il est plus facile de juger que de comprendre, de trouver des défauts que des perfections."
eng,The coach bitched out the players when the team lost.
eng,The brakes failed on the truck.
ita,Dove possiamo comprare una lavastoviglie?
fra,Ne soyez pas si doux avec les enfants.
spa,No es fácil de leer.
eng,Trust me. It'll be plain sailing.
deu,"Ich finde, du solltest für den Fall, daß es regnet, einen Schirm mitnehmen."
eng,Don't worry about us!
ita,I paramedici arrivarono nel giro di pochi minuti.
eng,You should check your blood pressure.
ita,Tom non aveva la febbre questa mattina.
ita,Puoi studiare qui.
eng,Can you sing the Argentine National Anthem?
deu,Du brauchst amtliche Dokumente.
ita,Pettinatevi i capelli prima di uscire.
eng,They were all robots.
fra,Êtes-vous ici pour m'arrêter ?
spa,Sé que no soy lo suficientemente bueno para él.
ita,Odia le patate.
eng,"Tom and Mary are still single, aren't they?"
spa,Le voy a decir a los demás.
deu,Schreib mindestens 250 Wörter.
fra,Il a transporté sur son dos ce qu'un âne pouvait porter.
deu,Und versuchen Sie nicht irgendwelche schrägen Sachen!
eng,The air compressor went off in the garage and startled me.
ita,Ma che posto strabiliante è quello?
spa,No tengo ahorros.
spa,El puente fue construido por los romanos.
eng,Bruno left the site.
ita,Non mi piace imparare i verbi irregolari.
spa,Tom no entiende lo que María está tratando de decir.
ita,Non posso mostrarvelo.
spa,"Perdóname, te he dejado esperando."
fra,Tu t'es révélé digne.
spa,Me encantan los niños.
ita,Quella è una simulazione?
fra,J'y serai samedi.
fra,Marie a craché.
eng,Bids were solicited for the building of the bridge.
ita,E poi c'è gente falsissima.
spa,"¡Venga, a la cama!"
ita,A noi basta appoggiare la testa!
spa,Todavía necesito limpiar la cocina.
ita,Perché non godersela?
fra,L'hiver est la saison la plus froide de l'année.
fra,Mieux vaut faire envie que pitié.
eng,I think Tom can help Mary.
deu,Seine Socken sind grau.
spa,Se me cruzó de largo haciendo como que no me conocía.
fra,Telle est la faiblesse de notre raison : elle ne sert le plus souvent qu'à justifier nos croyances.
ita,È un individuo socievole.
fra,C'est l'auberge espagnole.
deu,Könntet ihr mir 300 Dollar leihen?
deu,Ich will ihm auf seinen Brief nicht antworten.
ita,Chi manca in questa fotografia?
fra,Ils furent grondés par l'instituteur.
spa,Es bastante emocionante.
eng,I haven't seen Tom since he left.
spa,Se pasa el día sesteando.
deu,Die ganze Angelegenheit ist ein Riesenbetrug.
fra,Il lui donna un surnom.
fra,J'aime votre collier.
spa,Los síntomas de la abstinencia son más graves de lo que pensé.
spa,Esta noche tengo mucho trabajo que hacer.
fra,Reste-t-il beaucoup à faire ?
fra,Que Dieu sauve la Reine !
deu,Diese Rede hat mir wiederkehrende Alpträume verursacht.
spa,Ignacia tiene una facilidad pasmosa para inventar palabras.
eng,He motivates her to pursue her passions.
eng,Mary told Tom she'd never met John.
spa,Espero con ganas a recibir su respuesta favorable.
deu,Der Grenzverlauf beider Länder änderte sich fast unmerklich.
spa,Estás gravemente enfermo.
ita,Vorreste unirvi a me?
fra,Ça m'en bouge une sans remuer l'autre.
spa,"Yo quedé primero. ""¿En serio?"""
fra,Elle est toujours gelée.
deu,Der demografische Wandel ist in aller Munde.
ita,Adesso lui corre.
deu,Seine Geschichte war interessant.
fra,Je serai rentré à temps pour le dîner.
fra,Le nombre d'étoiles visibles est très grand.
deu,"Danke, Tom! Du warst eine große Hilfe!"
ita,Le uova non hanno nulla da insegnare alla gallina.
spa,¿Cómo se distinguen la salamandra y la salamanquesa?
eng,"We need to help Kyrgyzstan, said Putin to Hu Jintao... in my dream."
spa,Puedo pedirle ayuda a Tom.
eng,"I don't know what that means, Tom."
ita,Vengono tutti dalla campagna.
ita,Le ortensie sono i suoi fiori preferiti.
ita,"Per favore, le prenda."
spa,Huele esta flor.
deu,Ich will mich bei Ihnen entschuldigen.
fra,J'avais l'habitude de manger tellement de viande.
ita,Chiedile il suo nome.
ita,Questa si vede.
ita,Sami si lamentò dei cani di Layla.
eng,I think we're ready to do that.
spa,Hace cada vez más frío.
deu,Wird Bêche-de-Mer heutzutage noch gesprochen?
eng,Soon it will be his birthday.
ita,Lei si è innamorata del principe.
fra,Je préfère que tu te taises.
ita,Questa è malasorte?
eng,"Apart from us, there was no one there."
eng,Gdansk has the best hinterland connections into Central and Eastern Europe.
deu,"Yanni ist ein 40 Jahre alter Mann, der in Algerien geboren und aufgewachsen ist."
ita,Aspetti! Non ho ancora detto nulla.
fra,Qu'avez-vous cuisiné ? Ça sent délicieusement bon.
spa,Ella llegó tarde como de costumbre.
spa,Tom tiene algo que esconder.
eng,"Do you have any baggage, sir?"
ita,Andate ad allenarvi fuori.
fra,Tom voulait que Mary cherche John.
ita,Di solito ho molto da fare in poco tempo.
ita,Ci sono guide turistiche disponibili in altre lingue?
deu,Gewalt ist die Waffe des Schwachen.
ita,Non ha mangiato carne.
fra,Vous êtes tout le temps là.
fra,Je n'ai pas l'habitude de parler en public.
eng,Algeria needs to remove import barriers.
deu,Sie verdient ein besseres Leben.
ita,Mary ha detto che lo voleva fare ancora.
spa,¿Hay algo que te pueda servir de asidero?
ita,Disse che era bravo in francese.
fra,Je n'avais jamais vu de panda jusqu'à ce moment-là.
eng,We are good friends.
spa,Esa fábrica produce juguetes.
spa,Vine a cobrar el alquiler.
spa,Alguien me dijo que no debería confiar en ti.
ita,Non posso parlare con lui.
spa,Tom encontró sus gafas y se las puso.
fra,J'étais paresseux avant.
deu,Tom wurde von seinem Arbeitsplatz schon wieder gefeuert.
spa,El banco es metálico.
deu,Maria ist so attraktiv wie intelligent.
eng,I wanted to help.
eng,His gaze wandered aimlessly.
eng,Tom wasn't aware of that.
spa,"Ambas cámaras proponen, modifican y aprueban las leyes."
eng,He grabbed the chance to get a job.
fra,Je suis revenu pour prendre ma guitare.
eng,"If I were to be born a second time, I would like to be Canadian."
deu,"Ich habe noch nie versucht, eigenes Brot zu backen."
ita,"I dizionari bilingue sono ammessi, ma a un livello di traduzione professionale."
ita,Credevo che fossi già a letto.
ita,Mi ha dato un pugno.
ita,Sarebbe stato più semplice?
eng,Tom said that he knew he might not be allowed to do that.
eng,Tom and I've been together for three years.
fra,"Si tu devenais soudainement aveugle, que ferais-tu ?"
ita,Maria vuole dormire.
ita,So suonare la chitarra.
fra,Il est très secret.
deu,In der Handtasche fand man unter anderem das Bild eines Mannes.
fra,Mon chat sait que je l'aime.
eng,That would be very helpful.
deu,Hab ich mich erschreckt! Schleich dich doch nicht so von hinten an!
deu,Hast du deinen Perso mit?
fra,J'admire votre bravoure.
fra,As-tu vu les feux d'artifices ?
eng,"He'll be fine, won't he?"
eng,I knew Tom would agree to do that.
deu,Was ist im Kühlschrank?
deu,Neben dir bin ich in diesem Spiel nur ein Anfänger.
eng,Do you remember when we danced in Boston?
fra,"Cette chaise est très confortable, mais je n'aime pas la couleur."
fra,Elle est partie du côté du quai.
spa,"Y, muchas veces, he llorado."
spa,No pierdas el tiempo respondiendo a un indigente mental como ese.
eng,Your dog seems to want to go outside.
fra,"Eh bien, c'est très simple."
ita,Ho bisogno del mio sonno.
eng,I love Sunni Islam.
eng,The burden should ideally be increased little by little.
spa,Como y bebo fruta y agua.
spa,No habría reconocido a Tom si no hubiese estado con Mary.
eng,Tom is thinking about buying a horse.
fra,Es-tu perdue ?
fra,J'ai été complètement abasourdi.
eng,Tom picked a lot of flowers.
fra,Yuba a beaucoup d’amis.
spa,Su carcajada hizo eco por toda la casa.
deu,Vor Freude und Scham errötete sie bis zu den Ohren.
fra,Donnez-moi deux minutes !
spa,Puede que Tom tenga razón.
deu,Musst du denn unbedingt alle dreißig Sekunden dein Telefon kontrollieren?
spa,No te embales.
eng,You're being pretty pessimistic.
ita,"Lui era, è e sarà il mio migliore amico."
ita,Per studio vanno in Giappone.
spa,Tom no estaba colocado.
fra,"S'il te plaît, arrose les fleurs."
ita,Mi segua e non abbia paura.
fra,Je veux acheter ce dictionnaire.
fra,Vous devriez essayer d'écrire de manière plus intelligible.
eng,"Unfortunately, I don't share your views."
eng,Do you think you can get me out of here?
deu,Dieser Skandal hat ihm seinen guten Ruf gekostet.
deu,Süßigkeiten essen ist schädlich.
deu,Sie scheinen zu frieren.
deu,Stoppt die Verfolgung!
fra,Les gens commencent à parler.
eng,Tom waited for me to pay for everything.
spa,Esta película fue dirigida por John Ford.
fra,Pourquoi est-ce que tu portes des lunettes de soleil la nuit ?
ita,"Mary sta molto meglio, vero?"
eng,Tom shouldn't be alone.
spa,Dispuso una trampa.
spa,Ella juega al tenis todos los días tras las clases.
deu,"Aufgrund von Regenfällen, die am vergangenen Mittwoch begannen, traten die Flüsse über die Ufer."
spa,Quiero relajarme bastante más.
spa,Será divertido.
ita,Mary ha ammesso che era una ladra.
fra,"Pour faire une affaire, il faut être deux."
spa,Mi auto necesita lavarse.
deu,Warum sind Sie so früh?
deu,"Sind Sie sicher, dass es Tom war?"
eng,One of the men was holding a revolver.
deu,"Mein Vater hatte uns versicherte, dass das stimmte."
ita,Che cosa stanno contando Tom e Mary?
eng,It's your turn to do that.
spa,Tom no pudo encontrar la llave de la luz.
deu,Ich dusche mich nach dem Aufstehen.
eng,Are you saying you love me?
fra,Peut-on supposer possibles tous les accidents ?
fra,Je ne l'ai jamais appréciée.
fra,Ils veulent faire une révolution.
eng,Do you think Mary really meant what she said?
ita,È un reato incoraggiare qualcuno a suicidarsi?
fra,Réfléchis bien avant de répondre.
fra,"Bonjour, comment puis-je vous être utile ?"
spa,"Tom parece un tipo decente, ¿no?"
spa,No tienes que hablar conmigo si no quieres.
ita,"Ci spiace, ma la persona che stai cercando di contattare non è disponibile."
eng,I thought you'd quit smoking.
deu,Warst du letztes Wochenende wirklich in Boston?
spa,El comportamiento de Tom no era aceptable.
ita,L'utente può diventare protagonista.
eng,Sami's manager knew about it.
fra,"Demain, c'est la fête des mères."
eng,I want to go talk to her.
fra,Je savais que ça ne durerait pas.
spa,El perro de Tom atacó a Mary.
deu,"Entschuldigen Sie bitte, wissen Sie, wo sich unsere Sitzplätze befinden?"
fra,Je suis reconnaissant pour ce que vous avez fait hier.
fra,L'assaillant s'est enfui quand il a vu la police.
fra,Haribo rend les enfants heureux - et les adultes aussi.
spa,En el patio hay todo tipo de desechos y escombros. Hay incluso un par de pianos desvencijados.
eng,Ziri leaned on the broom handle for support.
fra,Est-ce un œuf ?
fra,"Signe ici, je te prie."
spa,A los soldados se les dijo que jamás se rindan.
spa,Me gusta porque es honesto.
deu,"Ich bin sicher, er wird siegen."
deu,Er stand hinter der Tür und horchte.
deu,Wer war wo?
fra,La déportation et le génocide sont deux choses distinctes.
ita,Mary è morta quando era molto giovane.
spa,Debe de ser verdad.
spa,Es el mejor de los siete.
ita,Va a fare affari in Regno Unito?
ita,Preparare questa zuppa è molto semplice.
fra,Elles savent des choses que ces gens veulent savoir.
spa,¿Quién escribió todo esto en la pizarra?
eng,I hope you and your wife have a nice trip.
eng,Yanni was on vacation in Algeria with his family.
fra,Tu as mis trop de sucre dans ton thé.
eng,I can't say I blame them.
deu,Im Russischen gibt es sechs Fälle.
fra,Voici un fauteuil confortable dans lequel tu peux t'asseoir.
deu,Tom würde nicht so leicht aufgeben.
deu,Sie haben mir geholfen.
fra,Savez-vous pourquoi le 3 octobre est la fête nationale de l'Allemagne ?
spa,Estaba decepcionado por tu ausencia.
eng,"Tom isn't in college now, is he?"
spa,"Si hubiese dedicado tiempo a cepillarme los dientes tras el desayuno, habría perdido el autobús."
spa,Melanie está bebiendo leche.
fra,Veuillez faire dix copies de ces documents et apportez-les en salle de conférence numéro un.
deu,Ich dusche einmal täglich.
spa,Los granjeros estaban esparciendo semillas por los campos.
eng,Maybe Tom would like you to do that for Mary.
ita,Tom è imprevedibile.
eng,She is in the habit of keeping a diary every day.
ita,Ho chiesto a Tom di Mary.
spa,España es un importante exportador de fruta para el resto de Europa.
spa,Las obras iban un mes por delante de lo previsto.
spa,Gracias. Haremos todo lo que podamos.
spa,Voy a llevar esa madera para At Hella.
eng,Don't drive too fast.
eng,The downtime is caused by a mechanical problem.
ita,"Per piacere, facci qualche esempio."
eng,They say they used to do that.
deu,Nikosia ist die Hauptstadt Zyperns.
spa,Este camino te llevará al museo.
eng,"This time, it looks like it is me who is wrong."
fra,Ne deviens pas trop familière.
spa,Todos en el ascensor guardaron silencio hasta el final.
deu,"Sein exzentrisches Verhalten sorgt dafür, daß sich alle ein bißchen unwohl fühlen."
spa,"Hay que perder a la chota, ¡apúrale!"
eng,Tom told me that he thought that Mary still lived in Australia.
eng,Belgrade has about 2 million inhabitants.
ita,Viene intervistato Jesse Jackson.
deu,Was für ein Buch liest du zurzeit?
ita,La stagione di baseball sta per partire.
deu,"Ich glaube, das ist alles schon wurst."
ita,Però si muove sul serio!
spa,Los conejos son burda de cuchis.
eng,"Despite your reservations, we will do what we decided to do."
spa,"Si tuviera tiempo, aceptaría su invitación."
deu,Hier wird nur Deutsch gesprochen.
fra,Tu veux dire que tu ne peux vraiment pas nager ?
spa,"Existen tres clases de personas en el mundo: aquellos que pueden contar, y aquellos que no pueden."
eng,It didn't seem to bother Tom in the least.
deu,"Tom ist der Einzige hier, der dies tun kann."
ita,"Tom, è per te."
spa,Ese es el auto de Tom.
spa,Apareció acné en la nariz de Tom.
eng,The sun is about to rise.
deu,"Tom bereut es, dass er Maria seine Telefonnummer gegeben hat."
fra,Elle est réglée comme un métronome.
eng,Tom looks downcast.
deu,Das war sehr innovativ.
ita,Tom e Mary hanno detto che erano terrorizzati.
eng,That's what I mean.
deu,"Sie lächelte viel, konnte aber kein Japanisch."
fra,C'est un prix intéressant pour ce genre d'appareil.
spa,No fue necesario que corriera tan rápido.
deu,"Es ist gut, ein Gewinner zu sein."
fra,Il y en a un autre dans mon sac.
eng,Give me back my medication.
ita,Tom commette frequentemente degli errori.
spa,Mi abuelo tiene miedo de los perros.
spa,Tom vació su cuenta bancaria.
spa,¿Cuándo juega tenis?
eng,Sami lives next to me.
spa,Tom está un poco entonado.
fra,"Yoko parle anglais, n'est-ce pas ?"
eng,She called him back to give him something left behind.
fra,"Après la partie, il se rendit directement chez lui pour nourrir son chien."
fra,Voulez-vous du sucre ?
deu,Willst du nicht antworten?
eng,Tom said he'd pray for us.
eng,You arrived there before him.
eng,Tom is the one who stole the money.
eng,Mary said she didn't feel safe.
fra,Sami est transgenre.
eng,It's twelve o'clock.
deu,"Versuche nicht krampfhaft, dein Glück zu finden! Gib dem Glück die Chance, dich zu finden!"
ita,Penso che non andrete in vacanza in Cile.
eng,This would be so much faster if my boss would let me automate it.
eng,Why was it left unsaid?
deu,Wie geht es deiner Frau?
deu,Die Regierung hatte bei dem Urteil das Nachsehen.
fra,Elle prit le nom de famille de son mari.
eng,Mary said that she wasn't alone.
fra,Reste avec moi quelques jours.
ita,Io sono esattamente dove dovrei essere.
fra,Avez-vous apporté des livres ?
fra,Même les astres ne sont que des êtres fugaces.
ita,Non notai l'imperfezione.
ita,Come devo chiamarti?
deu,Wo hast du Mittag gegessen? - Ich habe in einer Gaststätte Mittag gegessen.
eng,There's plenty to eat.
fra,La population de Tokyo s'élève à plus de dix millions.
eng,I'd be tempted to do that.
deu,Ich kenne den Akzent nicht.
deu,Dein Gejammer steht mir bis dahin!
spa,Necesitaremos de eso para sobrevivir.
spa,No tienes los cojones.
deu,Ich habe so einen Ohrwurm von diesem blöden Lied.
fra,Ravi de vous revoir.
ita,Penso che andrò per svago in Canada.
ita,Halloween è una notte magica.
fra,Je me rappelle très bien cet été.
eng,You look very impatient.
deu,Maria hatte nie zuvor einen Kimono getragen.
ita,Aggiorna il mio software.
spa,La mujer es pequeña.
eng,Get out of my store.
eng,I drowned one.
eng,Here's her address.
fra,Je suis au travail.
fra,Des bisons de Buffalo bluffés par des bisons de Buffalo bluffent des bisons de Buffalo.
ita,Ti informerai anche per l'iscrizione eventuale rispetto al bollettino ricevuto?
deu,Wie muss dein Traummann sein?
fra,Je ne peux pas suivre votre logique.
deu,Laurie lebt in Melbourne.
eng,The prince and princess made their way through the cheering crowd.
deu,"Ich erinnere mich, sie irgendwo gesehen zu haben."
fra,Je suis né le quatorze février 1960.
ita,Tom diede molti soldi a Mary.
spa,El viento y la lluvia apagaron el incendio.
eng,In Japan the ceilings are quite low for foreigners.
spa,Me la pica un pollo.
eng,I haven't done anything I shouldn't have.
fra,Pouvons-nous disposer d'un moment seules ?
eng,They had fun.
spa,Dinos qué vamos a hacer después.
eng,"In an atmosphere of absolute apathy, any act is a revolutionary act."
fra,J'ai aussi fait cela.
spa,Pon el libro de vuelta en el librero.
spa,¡Me encanta la lingüística!
deu,Sie überwachen das Verfahren.
ita,Non può battermi.
spa,Siento que la traducción ya no es divertida.
ita,Siamo già così vecchi?
deu,Ich habe eben erst mit ihm gesprochen.
deu,Tom stimmt seine Gitarre.
deu,Von hier aus sind es bis zur Stadt etwa zwanzig Kilometer.
fra,Prends ma voiture quand tu veux.
ita,Noi eravamo obbligati a farlo.
eng,New buildings are constantly being erected here in Algiers.
fra,Ils ne voulaient pas me permettre de le faire.
fra,"L’enfer, ce sont les autres."
eng,Tom was killed in the raid.
spa,Nunca te olvides de apagar el fuego.
eng,He looked back at me and grinned.
spa,"No soy el hombre que pensabas, Tom."
spa,El paisaje en Rusia es especial.
eng,He said that he didn't mind.
ita,Cosa non le piace riguardo ad essi?
ita,Non va a costruire autostrade in Libano?
deu,Ich rieb meine Füße.
ita,Tom è veramente arrabbiato ora.
eng,Some of the bluest water in the world is found in Crater Lake.
ita,Pensi che dovrei dirglielo?
ita,Abbiamo letto il libro in biblioteca.
fra,Nous voulons la justice.
eng,He hates sex in the morning.
deu,Sie schläft nie.
fra,Nous étions justement sur le point d'y aller.
deu,Er ging zuerst.
eng,Tom double-crossed Mary.
deu,Bitte schreiben Sie ein Wort zwischen die Klammern.
spa,Tom ayudó a Mary.
spa,Tom se puso el dedo en los labios.
deu,"Ich stelle mir folgenderweise vor, wie die Mordtat passiert ist: ..."
eng,There are many ATMs in Algiers.
deu,Ich bin nicht Ihr Feind.
eng,They said they weren't coming.
ita,Non andate a costruire banche in Lettonia.
spa,"En nuestro club, la gente puede beber alcohol, fumar tabaco y decir lo que le dé la gana libremente."
spa,¿Cuándo puedo verte?
eng,The book's thought-provoking themes and messages made me reflect on my own life experiences.
eng,Both of my ex-wives live in Boston.
eng,Homeless people gather here.
spa,Hola. ¿Usted es el señor Ogawa?
spa,Fue un día caluroso.
deu,Wir würden uns sehr über deinen Besuch freuen.
eng,We will wait for nightfall.
spa,El español es fácil.
spa,El acuerdo es cuestión de tiempo.
fra,Je vous ai dit de vous tenir à l'écart de ma fille.
ita,Tom è molto stanco adesso.
deu,Sie verkaufen das nicht.
eng,There's something or someone in the barn.
fra,Ma mère m'a donné autant d'amour que nécessaire.
ita,Ha incolpato i suoi genitori.
spa,La caja estaba llena de libros.
eng,You'll have to speak to the clerk about that.
deu,"Ich hatte heute keine Zeit mehr, das zu tun."
deu,Er lügt aus Prinzip nicht.
fra,Quelle heure est-il en ce moment à San Francisco ?
eng,All of my friends are out of town.
ita,Tom vuole me.
eng,"Starting tomorrow, everything will be half price."
deu,"Sie verabscheuen Tom, nicht wahr?"
spa,Tomás quiere más.
ita,Quello sarebbe inappropriato.
spa,Vi que Tom pestañeó.
fra,Marie doit arriver à midi.
spa,Trabaja con más calma para cometer menos errores.
deu,Ich möchte heute etwas anderes machen.
ita,Voglio che lei stia qui con lei.
spa,Él no dio una respuesta.
ita,Sono costantemente ai ferri corti con loro.
ita,Penso di avere sentito la voce di un uomo.
fra,Je viendrai avec toi.
spa,¡Mamá! ¡Laura me ha tirado del pelo!
deu,"Das ist kein Satz, den man jeden Tag hört."
deu,Ihr seid hoffentlich nicht so faul wie Tom.
deu,"Ich werde veranlassen, dass Sie jemand zu Hause abholt."
spa,No puede haber dicho eso.
ita,Tom e Mary hanno detto che non hanno dormito molto lunedì sera.
fra,Pensez-vous qu'elle ait raison ?
spa,¿Sabes cómo usar esto?
spa,El público está exigiendo más trabajos y menos impuestos.
ita,Tom è ancora troppo giovane per andare a scuola.
deu,"Na, was ist, kann jemand mal den Hörer abnehmen?!"
deu,"Wenn die Nachtigallen aufhören zu schlagen, fangen die Grillen an zu zirpen."
fra,Gabriel a essayé d'humilier Rima.
eng,She's in charge of Human Resources.
eng,Get changed!
deu,Ich arbeite nicht gerne am Wochenende.
ita,Tom non ritornerà mai più qui.
ita,Lui amava viaggiare.
spa,Sólo hago lo que se necesita hacer.
eng,Life is a sea of problems at the best of times.
spa,Creo que tengo una teoría sobre eso.
spa,Nacemos pecadores y pecadores morimos.
fra,Elle ne voulait pas le laisser entrer.
eng,Their journey was delayed because of the train.
deu,Sami war unglücklich.
eng,Punch Tom.
ita,Accettano studentesse come lei.
spa,Fuimos robados.
fra,Marie a appliqué de la crème sur son visage.
eng,I went to a Halloween party.
spa,Nos dimos un baño de lodo.
spa,"Ahora estoy ocupado, no puedo jugar contigo."
deu,Keiner will mein Land erwähnen.
spa,Tengo un hermano mayor y una hermana menor.
fra,Elles sont retournées à Bouira.
ita,Venite sempre a scuola così presto?
eng,Jonas concluded his investigation.
ita,Puoi consigliarmi un buon dizionario?
ita,Penso davvero così.
spa,Tom llegó a la estación a las tres.
spa,Leer los kanjis es difícil.
spa,No me puedo creer que Tom haya confesado.
fra,J'ai dit au revoir à mes amis.
fra,L'ingénieur en recherche et développement a beaucoup de travail.
fra,"Longtemps, je me suis couché de bonne heure."
spa,No sé si los padrinos de mi hijo están vivos.
spa,Compré este libro el otro día.
deu,Ich hätte die Schilder mehr beachten sollen.
fra,Je ne connaissais pas du tout cette femme.
fra,Tes efforts se sont réduits à rien.
deu,Heute ist schulfrei.
fra,"Bonne nuit, ma chère !"
fra,Nous dormions profondément.
ita,Una puttana è una puttana!
spa,Fue una de las experiencias más valiosas de mi vida.
spa,Tengo una tía que vive en Osaka.
spa,"Dondequiera que vaya, usted encontrará la misma clase de personas."
spa,La mujer que contestó el teléfono hablaba francés.
eng,We don't have much choice.
spa,La pobre Eva cayó entre las zarzas y le costó muchísimo salir de allí.
spa,Te hubiera visitado si hubiera tenido tiempo.
fra,Il va redoubler !
spa,Él no es estúpido.
fra,"Écoute-moi, je te prie."
ita,Un uomo senza ideali è vuoto.
eng,I slowly opened my eyes.
fra,Je t'aime !
deu,Ich habe kein bisschen Angst vor dir.
spa,En tus mejillas sonrosadas descansa la inocencia.
ita,Andiamo a costruire fabbriche in Vietnam.
fra,Le numéro de sécurité sociale n'existe plus.
spa,"Los más pobres no tienen acceso directo a la educación, lo que inhibe el desarrollo del país."
deu,Im kommenden Februar werde ich fünf Jahre Englisch gelernt haben.
spa,Tom vino a verte.
ita,Non sanno neanche a chi fare le domande?
ita,Non va a fare affari in Portogallo.
fra,"Si la vie humaine est convexe, nous pouvons l'optimiser."
spa,Dos cuerpos no pueden ocupar el mismo lugar en el espacio.
deu,"Es ist merkwürdig, dass das Büro um diese Zeit beleuchtet ist."
spa,Nos toma cinco minutos atravesar caminando el túnel.
deu,Die Schatzkammer des Kaisers ist prunkvoller als die des Königs.
ita,Tom fa parte di una famiglia numerosa.
eng,"So far, Mary is the only one who's said she's coming."
deu,Maria braucht Toms Hilfe.
eng,What should I do if a customer tries to flirt with me?
fra,Tiens donc !
fra,« Quelle est votre passion ? » « Traduire des jeux vidéo. »
ita,La sto cercando in questo momento.
ita,Ma perché non taci?
spa,La policía cree que eres cómplice.
spa,¡No entiendo nada de lo están diciendo!
ita,Portala lontano da qui.
fra,Ils te veulent mort.
eng,Tom and Mary say they haven't thought about it yet.
spa,Tom quería saber la hora.
eng,Ziri was still in his sleepy daze.
fra,Tu mérites une médaille.
spa,¡Qué! ¿Tenías burros en tu escuela?
fra,L'espace efface le bruit.
deu,Ich bin immun.
ita,Lui va a una scuola per sordi.
spa,No le tienes que decir a nadie.
spa,¿Viste el oso?
spa,¿Alguien ha cambiado algo aquí antes de que ella viniese?
eng,That's not what we expected.
eng,Are you sure I can't do anything?
ita,Mi fermo un po' in ufficio?
fra,Fais-la taire.
fra,Il te parle encore.
eng,It wasn't that bad.
fra,"Tom peut nager, n'est-ce pas ?"
eng,Why do you phone me so late?
eng,They had no one to tell their stories to.
ita,Tom ha parcheggiato la sua macchina dietro all'edificio.
fra,Est-ce que j'ai le droit d'utiliser ce vélo ?
ita,Io ho alzato lo sguardo.
fra,Il y a de la lavande ici.
eng,"Table for two, please."
ita,La pecora bela.
ita,A Meztli piace la luna.
deu,Ich kann nicht allein leben.
ita,Questo libro è più costoso di quello.
fra,Pourquoi est-ce que tu n'es pas avec moi ?
fra,"Si nous voulons perdre du poids, nous devons brûler plus de calories que nous en consommons."
deu,"Maria, Tom und Anna sind wie die drei Affen."
deu,Tom riss dem Bankräuber die Maske vom Kopf und wurde von diesem prompt erschossen.
spa,Los zapatos de cuero cuestan mucho más.
eng,Mary says that she'll do that today.
deu,Das habe ich vor langer Zeit gesagt.
eng,Is this your cell phone?
deu,Mit schlechtem Werkzeug leistet der Arbeiter schlechtere Arbeit.
eng,Mennad is just kidding.
eng,Finishing this job by Tuesday will be easy.
spa,Él vino en tren.
spa,Las acciones de Volkswagen cayeron más de un 20%.
ita,Tom ha dei grandi muscoli.
deu,Wie sehen die aus?
ita,Lo hanno sempre fatto?
deu,Was für ein teures Piano!
spa,Las vemos de vez en cuando.
fra,Le sémantisme représente l'ensemble des traits de sens d'une unité.
fra,Sparte aspirait à l’hégémonie sur toute la Grèce.
deu,"Sie sagten, sie kämen später."
fra,Les canards volent-ils ?
spa,No me gusta que nadie me diga qué hacer.
deu,Muss man unbedingt so viel Lärm machen?
deu,"Ich habe keine Zeit, um dich besuchen zu kommen."
spa,¡Y la vida nos sigue sorprendiendo!
spa,¿De qué se ríen?
eng,I watched some rare episodes of my favorite police procedural.
ita,Non andiamo a costruire strade in Vietnam.
eng,Nobody knows what happened to the jet.
eng,It's very fragile.
spa,El país dejó de existir.
spa,Me acuerdo bien de él.
deu,Darf ich radfahren?
deu,"Ein schöner Tag, nicht wahr? Warum gehen wir nicht spazieren?"
fra,"L'homme n'a été fait ni par lui-même, ni pour lui-même, mais par Dieu et pour Dieu."
fra,Je viens de prendre le petit-déjeuner avec Tom.
ita,Lei vuole qualcosa di molto speciale per il suo compleanno.
spa,Tom sangra otra vez.
fra,Je collectionne les poupées de tous les pays.
deu,Ein Eichhörnchen ist im Holzhaufen.
eng,Tom is a likable guy.
deu,Die Reise war ermüdend.
eng,Antonio reported the incident.
eng,I have to buy one.
eng,Tom didn't talk much.
ita,Avete visto chi vi ha sparato?
spa,Este trabajo exige mucha paciencia.
deu,Ich kann euch momentan keine weiteren Einzelheiten nennen.
eng,"The weather is sunny today, and the children are playing in the fields."
fra,Je suis sûr que beaucoup de gens seraient d'accord avec vous.
ita,Tom non era molto affettuoso.
spa,"En mi modesta opinión, ellos son mucho más que amigos."
deu,Ich werde es Ihnen morgen schicken.
fra,Il n'y a pas de train ce matin.
ita,Imparo il giapponese.
eng,These apples didn't cost much.
fra,Nous avons parlé de l'Algérie.
spa,Me quedaré en un motel.
spa,Gracias por comprarme esta revista.
fra,Faites attention. Ce n'est pas quelqu'un qu'on peut arnaquer facilement.
spa,¿Qué le parece esta ciudad?
spa,"En comparación con este, ese es mucho mejor."
spa,Tom jugó con sus niños.
eng,Tom and Mary aren't engineers.
fra,Elle te l'a versée en une minute.
spa,La primera mención del hombre se encuentra en una carta de 1510.
fra,Ils l'ont mangé.
fra,Ne soyez plus jamais autant en retard.
eng,He wants to tell you about her.
eng,She'll be late if she doesn't hurry.
ita,La pace e la concordia sono utili anche ai vinti.
eng,They reached a consensus.
deu,Ich werde deinen Worten Folge leisten.
ita,Tom fu preso mentre sgattaiolava fuori dalla stanza.
spa,Compré esta cámara por 25.000 yenes.
spa,"Yo sé cómo resolver el problema, pero se me pidió que no te lo dijera."
eng,Version 1.5.0 of the software has just been released.
eng,Mary is good at mathematics.
eng,The neighbour has just come back.
deu,Mein Sohn studiert im Ausland.
fra,Je l'ai fait une fois.
fra,C'est dans le besoin qu'on reconnaît ses vrais amis.
deu,Er gehört zu den Besten an der Schule.
spa,"Hola, mi nombre es John Reindle. Trabajo en la Embajada Americana de Praga."
ita,Conosce la sorella di Tom?
eng,Would you still be willing to do that?
fra,Jean regarda ta tulipe.
spa,Me caigo de sueño.
fra,Elle rejeta notre proposition de l'aider.
fra,Il ne fait plus confiance au médecin.
spa,Cuando se lo dije se azaró mucho.
fra,Elle est toujours en train de fumer.
fra,Il sera bien bienveillant avec grand-mère temps qu'elle est vivante.
eng,Have you ever gotten lost?
fra,Je serai à l'université à 08h00.
fra,Ceci ne devrait surprendre personne.
fra,Presque tous les étudiants aiment l'anglais.
fra,Il écoutera ma grand-mère.
deu,Vor dem Brunnen spielte eine junge Frau Gitarre und sang dazu.
deu,Hast du ihren neuen Freund gesehen? Der ist echt scharf!
ita,"Il giardino era pieno di un arbusto odorifero, le cui foglie emanavano un profumo intenso."
deu,Tom ist mit dem falschen Fuß aufgestanden.
ita,Ti volevo dire la verità.
fra,Sur quelle planète ?
fra,"Il ne porte pas de lunettes, mais il en portait."
ita,Io non so cosa dirti.
eng,Miroslav congratulated his assistant.
spa,Moscú y Antananarivo no se parecen en nada.
eng,Her grandparents have their own holiday home in the Alps.
fra,Est-ce qu'elle a déjà fini de lire le livre ?
spa,Ella me gustó en el momento en que la conocí.
ita,Io dubito che Tom sia ancora in Australia.
fra,Ziri ne croit pas aux fantômes.
fra,Nous amusions les enfants.
eng,This sort of thing hardly ever happens.
fra,"Les biens ramassés au râteau, en quantité, s'en iront vite avec le vent, disparaitront."
eng,Are you getting a new car?
fra,Rentrons au motel.
spa,Tom encontró otro trabajo.
fra,Enfonce la porte !
eng,I don't want to be in the same room as Tom.
ita,Avevo la vostra stessa età.
spa,Ya tengo un sobre.
ita,Ti portavo il mio punto di vista.
spa,Ella quería que él cuidara de sus padres.
fra,Je suis marié à une avocate.
spa,"Cambia el disco, ¡fastidia!"
spa,María dice siempre que Tom no es lo suficientemente romántico.
spa,El avión despegó y enseguida se perdió de vista.
fra,Il est difficile de libérer les fous des chaînes qu'ils révèrent.
eng,Tom asked Mary to stop what she was doing and help him.
deu,Ein Nachmittagstermin würde mir besser passen.
ita,Voi siete straordinarie.
fra,Nous avons eu de courtes vacances en février.
ita,Lui era troppo ubriaco per guidare fino a casa.
fra,L'entends-tu ?
eng,Santiago was at Rima’s home.
ita,Riesce a ottenere questo libro raro per me?
deu,An der Grenzstation ist das Zollamt.
spa,Te voy a dar un fuerte beso.
ita,L'inglese è utile nella diplomazia e nel turismo.
fra,Tout s’est passé exactement comme Tom l’avait prédit.
ita,Amo la pizza.
eng,Sami had the worst temper.
deu,Ich habe Tom gerade die Wahrheit gesagt.
deu,"Wenn Sie diesen Knopf drücken, wird sich die Tür öffnen."
fra,J'ai participé au championnat du monde d'athlétisme.
ita,Tu pensi mai a Tom?
deu,Sie hat ihn überlistet.
spa,Mi vida me está matando.
fra,Je pensais être ton cadet.
spa,La loba protegió como pudo a sus lobeznos de la jauría rabiosa.
ita,Metà di loro sono studenti.
deu,Der Alltag der meisten Menschen ist stilles Heldentum in Raten.
deu,Der Vampir tötete Tom und nahm seine Gestalt an.
fra,Je me souviens l'avoir vu une fois.
spa,Un día me casaré con ella.
deu,Sie hat ihre Freunde zum Abendessen eingeladen.
eng,Tom put his uniform on.
fra,Sont-elles vos filles?
deu,Das Endspiel war nicht sehr spannend.
spa,Hay pocos voluntarios aquí en la sede.
eng,What do you intend to do about it?
ita,"Tu non mi credi, vero?"
deu,"Er besteht darauf, mit seinem Vater in den Park zu gehen."
spa,Cantemos una canción.
deu,Der Legende nach soll sein Schwert er von den Göttern selbst empfangen haben.
eng,He irritated him.
fra,Nous n'acceptons que les paiements en espèces.
fra,"Je vais continuer, quoi qu'il arrive !"
fra,Je le fais parce que je le dois.
spa,Estoy bastante feliz.
spa,Todos saben que en la guerra él perdió su pierna.
deu,Du kannst mich nicht so sitzenlassen.
deu,Schließlich hat er es sich anders überlegt.
spa,"El valor de un hombre reside en lo que es, no en lo que tiene."
ita,Rimuovete le parole non necessarie!
spa,Tom espera una absolución.
spa,Quiero tener un gato en vez de un perro.
spa,"El pago de la deuda va a significar devaluación, aumento de tasas, tarifazos y caída del salario."
eng,Thank you for your warm welcome!
spa,Ese hombre siempre me gorronea dinero.
eng,Tom and Mary had a heated argument.
fra,Cette machine est maintenant obsolète.
eng,Tom told me that he thought Mary was pretty.
fra,Je ne savais pas que Tom était canadien.
deu,Die Maus quiekte.
spa,No era mi intención haceros esperar.
ita,Andiamo a fare amicizie in Finlandia.
spa,Ellos querían saberlo todo sobre Mary.
fra,Vous avez reçu la facture par courriel.
spa,Me interesan los deportes.
eng,Tom said he wouldn't agree to do that.
eng,I wonder if Tom and Mary would want to sing with us.
fra,Je pense qu'on en a besoin.
fra,Je voudrais boire une tasse de café.
eng,The Berlin wall was built to prevent East Germans from fleeing to the West.
fra,"Pour ça, je suis extrêmement heureux."
fra,Je suis heureux d’apprendre que tu as réussi.
eng,I wanted to thank you.
deu,Das war vorherzusehen.
ita,Roba da non crederci!
fra,Je suis incommodé par le bruit des voisins.
ita,Cos'è quella roba?
deu,Erfahrungen sind Wegweiser — keine Lagerplätze.
eng,I'd like something cold to drink.
eng,He paced back and forth through the house.
spa,Tom no es creativo.
eng,Tom likes fusilli.
fra,Tu es diplomate.
deu,"Tom wusste nicht, was Maria suchte."
eng,Are you willing to help Tom?
eng,I love teaching French.
eng,Tom has been very good.
spa,El aire de Madrid me hace mal.
fra,À quoi va te servir un marteau ?
spa,Escupir en plena calle me parece de lo más asqueroso.
eng,He had been a fool to trust her.
spa,"Hace poco cambié el grifo del fregadero, y tuve que cerrar la llave del agua."
spa,"Ella cultiva muchos tipos de flores: rosas, violetas, girasoles, etc."
spa,La mayor derrota para un ateo es terminar en el paraíso.
spa,"Lo siento, no entiendo qué quieres decir."
ita,Come ha scoperto la combinazione della cassaforte?
ita,Tom ha detto che era estremamente stanco.
ita,Hanno il passaporto argentino.
eng,Tom found the key he had been looking for.
deu,Vernehmen Sie den Zeugen!
fra,Un nouvel utilisateur s'est connecté.
ita,"È motivata, vero?"
fra,Il me semble que nous soyons parvenus à un accord.
eng,They aren't like people say they are.
deu,"Er hat mich kurz vor der Hochzeit verlassen, ich kann es einfach nicht glauben."
spa,Hay un mensaje para usted.
fra,L'exportation d'armes était interdite.
deu,Ach! Ich kann einfach nicht mit allen anderen mithalten. Das ärgert mich!
ita,Mary ha mantenuto l'equilibrio.
eng,You should've washed your hands.
fra,Nous n'avons rien dit.
ita,Mi ha detto che si sentiva malata.
fra,Cette technologie est appelée réalité augmentée.
fra,Les mots inscrits au-dessus de la porte du théâtre faisaient un mètre de hauteur.
ita,Io vado a fare la spesa quasi ogni giorno.
fra,"Fais attention, Tom."
deu,Tom zog sein Hemd wieder an.
ita,Non lo saprà mai finché non prova.
spa,A Tom le gustaría saber cuántos pares de zapatos tenía María.
ita,Non è sbagliato il trattamento?
ita,Allora così sia.
spa,Yo nunca he estado en Japón.
ita,Posso pagarla domani invece che oggi?
ita,Ho la sensazione che io e te abbiamo molto in comune.
ita,Conosco bene l'Australia.
fra,Il fut heureux pour un moment.
fra,Les exportations ont augmenté de 30 milliards de dollars.
deu,Warum studierst du nicht Französisch?
fra,"Si tu sais lire cette phrase, tu sais lire."
fra,Je pensais que ce serait simple à faire.
eng,Tom said he had a good weekend.
spa,Soy incapaz de encontrar a una mujer que se quiera casar conmigo.
eng,This medlar is really hard.
deu,Er hat letzte Woche die Schule abgebrochen.
deu,Hübsch bist du geworden.
fra,Tu sembles un peu déprimé.
eng,Tom didn't want to cause us any more trouble.
eng,The sea came into sight.
ita,Ti fa pensare proprio a quello?
fra,Va prendre l'air.
eng,People should get more involved.
eng,I'd like to know where you learned how to do that.
spa,Acaba de empezar.
eng,Tom says I'm conceited.
fra,On pourrait organiser une soirée pour échanger des idées sur la conception d’un questionnaire.
spa,Su pasión por la hípica comenzó en su más tierna infancia.
fra,Êtes-vous sûr que c'est le sien ?
deu,Einen großen Teil der Fläche Sibiriens nehmen Nadelwälder ein.
deu,Der Strand vor eurem Haus sieht verlockend aus. Können wir einmal bei euch Urlaub machen?
fra,Qui est ton petit copain ?
fra,Est-ce que M. Brown est médecin ?
ita,So che Tom non lo fa molto.
ita,Mi compri un portatile.
fra,J'étais gelé et mouillé.
deu,Bei ihnen ist es doch jetzt zwei Uhr früh.
deu,"Wenn man die Nisse nicht vertreibt, bleiben die Läuse im Haar."
eng,The troops fought with Grant against the Confederates.
spa,¿De quién fue el discurso más difícil de escuchar?
eng,Some girls even boldly stepped forward and asked Elias for his phone number.
spa,"Date prisa. Si no, no lo alcanzarás."
spa,Se tumbó estirado sobre la hierba.
spa,Era muy bueno en idiomas en la escuela.
deu,Warum sind immer wir es?
fra,Il se promena longtemps seul à travers le jardin et la cour.
deu,Hilfe und Beistand sind enorm wichtig im Leben.
spa,"Se está haciendo tarde, así que es mejor que nos vayamos."
ita,Ho visto qualche oca.
eng,I like reading science fiction novels.
fra,Un homme digne de respect ne peut pas faire une chose pareille.
spa,"Estoy cansado, más que por hacer calor, por que está humedo."
spa,No tiene por qué saberlo.
deu,Ich mache das nur als Hobby.
deu,Die Vereinigten Staaten haben Venezuela angegriffen.
eng,I was told Tom has moved to Boston.
spa,Soy la persona más perezosa que conozco.
ita,Perché non andare a farlo adesso?
deu,Durch Schmieden wird man Schmied.
ita,Nessun altro era nella moschea.
spa,No quiero despertar a Tom.
ita,Nulla la spaventa.
ita,Si sporga!
deu,Sami hat einen orangefarbenen Schmetterling gefangen.
fra,Ce taureau a l'air méchant.
spa,Todo fue devorado y reducido a cenizas.
fra,Aujourd’hui nous pouvons dire que la langue kabyle a fait un pas en avant.
ita,Lo hai ricevuto da Tom?
spa,A mi madre no le gusta que yo mire televisión.
eng,Ziri left Rima at the carnival.
ita,Disse che non era brava in francese.
fra,Les pensées morales sont des clous d'airain qui s'enfoncent dans l'âme et qu'on n'en arrache pas.
spa,Ellos lo están interrogando.
eng,Midori sometimes drops consonants.
fra,Faites attention aux voitures.
deu,Tom legt ein Puzzle zusammen.
fra,Combien de personnes travaillent chez vous ?
eng,Ice is water in solid form.
ita,Dove posso vedere l'elenco completo?
fra,Vous êtes de retour.
ita,Ho dovuto licenziarla.
deu,"Vertue deine Zeit nicht in einer Beziehung, die zum Scheitern verurteilt ist!"
deu,Tom hörte Schritte.
fra,Ils ont accumulé une immense dette.
spa,No soy tu amor.
ita,Non dimentichiamo che aveva detto che era lì per curarsi.
spa,Yanni dio las gracias a la audiencia.
spa,"En 1958, Brasil ganó su primera Copa Mundial."
fra,Je ne peux point faire ça.
fra,Je ne peux alors pas me figurer que vous ne l'ayez pas rencontré.
fra,Je me suis préservée des mauvaises fréquentations.
fra,Ne traversez pas ce pont.
spa,"Bien, gracias."
spa,Esperanza tiene una cita a ciegas en el parque.
deu,Ohne dich bin ich dort nicht glücklich.
fra,Je viendrai probablement en taxi.
eng,A drop of sweat dripped down from Ivan’s ear.
deu,Bei den momentanen Bedingungen ist das für mich unmöglich.
ita,Non può essere lui.
spa,Evita que te aconsejen.
ita,Dovevo fare oggi la spesa?
eng,I do not speak Berber.
deu,"Wo immer du hingehst, wirst du willkommen sein."
fra,Nous sommes cernés.
spa,Tiene que haber quedado algo más de té en la tetera.
eng,"What have you been up to, Erin?"
ita,Hai già fatto abbastanza.
spa,Tom se metió en su coche.
fra,Que sont les hyménoptères ?
ita,Amo il turco.
eng,Can you do me a favor?
spa,Los tiburones comen peces.
fra,Tom a-t-il mangé autre chose ?
ita,Io ho la febbre e il mal di testa. Penso che mi sto ammalando.
eng,Tom said Mary thought that John might not be allowed to do that while his parents are away.
eng,Tom probably doesn't know where Mary is going.
spa,¿Qué pasará si hay un corte de luz ahora?
eng,Tom was in an adventurous mood.
fra,Je ne crois pas en l'existence des fantômes.
spa,Él me conoce bien.
ita,Sembra più felice stavolta.
eng,Don't become stuck in the past.
deu,Ich will hier nicht wieder weg. Ich fühle mich hier wohl.
ita,Nessuno ha contraddetto Tom.
eng,We are sweating in the heat.
fra,Ce n'est toujours pas prêt.
deu,Der Friseur schnitt die Haare des Gastes.
eng,Tom has been warned on several occasions.
ita,"Se non avessero buttato giù la rete, qualcuno poteva morire schiacciato in mezzo?"
fra,"Lorsque je repense à ces jours, cela semble complètement comme un rêve."
deu,"„Was aber, wenn sie nein sagt?“ – „Dann sagt sie eben nein.“"
ita,Tu sei felice?
fra,"S'il parle couramment anglais, je l'engagerai."
fra,Ils portent des bagues chères.
ita,Abbiamo scritto le lettere.
spa,Deberíamos tener los resultados para el jueves.
deu,Tom mag Hockey.
eng,Why didn't you ask Tom to do that?
deu,"Tom ist nicht in der Wohnung, aber Mary schon."
spa,¿Por qué mataría yo a tu perro?
ita,Il mio nuovo impiego comincia lunedì.
ita,Sto studiando alcune regole di fonetica.
spa,Necesito una llave fija.
fra,Je ne leur enlève pas leurs chaussures.
fra,Je n'aime pas les bords mal coupés.
eng,Tom is likely to be irritated.
deu,Unser Geld ist weg.
eng,"You didn't know you had to do that, did you?"
deu,Sie versteht keinen Sarkasmus.
eng,Sami died last year.
ita,È a circa 133 kilometri da Londra.
ita,Sospetto che Tom e Mary debbano andarsene domani.
eng,That would be crazy.
ita,Perché chiedete a me?
fra,Il n'y a aucun secret entre lui et moi.
spa,Se quedó sentado e intentó causar la mejor impresión posible.
ita,Sei sopravvissuta.
ita,I miei amici si sono congratulati con me per il mio successo.
ita,È tutto uno scherzo!
fra,Il te faut choisir ton propre destin.
ita,La chiesa è sull'altro lato della strada.
eng,Have you ever falsely claimed to be older?
spa,No se llevan bien.
fra,Commençons par le pourquoi.
deu,Er hat sein Licht ausgeschaltet.
fra,Il est enseignant.
deu,"Hypochonder sind erst gesund, wenn sie krank sind."
deu,Was du dir alles erlauben kannst!
eng,Some people unironically believe that.
ita,Hai ancora tempo.
fra,Lucy est une Américaine.
fra,Marie n'aime pas Tom.
deu,Das kann man auf Russisch nicht so sagen.
eng,Benedito's spa uses natural products.
ita,A volte le cose non vanno come vorremmo.
ita,Gli scrissi.
ita,Ha visto la fidanzata di Tom?
eng,I like this overcoat. May I try it on?
eng,Ziri sat up to hear the sound more clearly.
spa,"Dado que nadie añadió nada más, dimos por finalizada la reunión."
spa,Te ves bien en un quimono.
eng,Where did Tom and Mary say they thought we should go?
spa,¿Qué provocó este accidente?
ita,Troverete tantissime indicazioni su questa guida.
deu,Der Unterricht begann um acht Uhr.
spa,¿Entonces cuál es tu dilema?
fra,Écoutez mon conseil !
ita,A Mennad piacque.
ita,Il cane è in punto di morte.
eng,"Carlos's birthday cake was decorated with his favorite cartoon character, Tayo."
fra,Ne traîne pas.
deu,Auch die Fische des Königs haben Gräten.
ita,Vai a costruire grattacieli in Uruguay.
eng,Multiply it by a random negative number.
eng,I wonder whether or not Tom wants to sing.
ita,La vecchiaia mi spaventa.
spa,Ella vive sola en la enorme casa.
fra,"Quand il l'a vu, il a pâli."
eng,We sang in loud voices.
ita,Tom ha iniziato a vivere da solo all'età di sedici anni.
eng,"In actual fact, many of my earliest memories are theories I had about the world around me."
spa,En España abundan las naranjas.
eng,Tom drank a non-alcoholic beer.
fra,Il faut parler l'anglais.
spa,Aún hay restos de sangre en la pared.
ita,Questa è la tua prima volta che giochi a poker?
eng,I had to leave early this morning.
spa,Están escuchando la radio.
deu,Mögt ihr den Herbst?
fra,Ziri était accompagné.
spa,La madre cortó la torta en ocho pedazos.
fra,"Venez, qu'on y aille tous ensemble !"
fra,Je la prendrai tant qu'elle sera disponible.
deu,"Glück ist nie genau das, was man sich darunter vorgestellt hat."
ita,Ho notato un tremolio nell'intonazione della sua voce quando ha cominciato a parlare.
ita,Sono rimasto muto quando mi ha parlato.
deu,Tom hatte Blumen dabei.
spa,¿Puedes darle primeros auxilios?
ita,"Beh, io sono fiero di lei."
eng,It is really hard to pay one's way in a huge city like Tokyo.
deu,"Man hat mir gesagt, dass ich hier warten soll."
eng,Is your neighborhood quiet or noisy?
fra,Papa est plus âgé que maman.
eng,They train you to act before thinking. Just execute orders.
fra,Je n'ai jamais travaillé si dur auparavant.
spa,Eso no ocurre en mi mundo.
spa,¿Cuáles son mis tareas?
fra,Ils l'ont aimée.
eng,How many languages are there worldwide?
spa,Los invitados esperaban a los novios para empezar a comer.
deu,Mein Großvater feiert morgen seinen 88. Geburtstag.
fra,Je ne pense pas que ça fonctionne de cette manière.
deu,"Ey, willst du eins auf die Fresse?"
eng,What do you know about Mary's boyfriend?
ita,Lei è pronta per parlarne?
spa,Un gato gordo y blanco se sentó sobre un muro y los miró con mirada somnolienta.
spa,La Tierra gira alrededor de su eje una vez cada 24 horas.
ita,Va a costruire birrerie in Cina.
eng,Don't be tardy.
spa,No le digas a ella que te dije eso.
spa,¿A vosotros os gusta la cocina japonesa?
spa,"Estoy tratando de corregir viejos errores, pero sigo cometiendo otros nuevos."
spa,Ella quiere a Tom.
eng,She isn't as nosey as she used to be.
ita,"Di che nazionalità sono i loro professori? ""Ucraina."""
ita,Vuoi andare da qualche parte? Anche Tom viene.
spa,Tom ya no me sonríe.
fra,Elle ne parle pas avec des filles comme elle.
fra,"Tom a perdu conscience, peut-être qu'il est malade."
deu,Man wird uns in Erinnerung behalten.
ita,La teoria quantistica descrive la manifestazione reciproca delle cose.
eng,Daniel stood outside in his pajamas.
ita,"Per piacere, mi passi l'apribottiglie."
deu,"Rede von anderen so, wie du wünschtest, dass andere von dir reden möchten!"
spa,Puedo hacerlo.
deu,Ich hätte Tom diese Frage vielleicht nicht stellen sollen.
eng,They made many charges.
eng,"I loved this show when I was little, but now I find it ridiculous."
ita,Hai due libri?
spa,Te está mirando.
eng,"Because of their large size, elephants have a huge impact on their environment."
deu,Wir lagen vor Madagaskar und hatten die Pest an Bord.
ita,Dove hai trovato questo coltello?
eng,What skills do you think will be essential in the future?
eng,Sami doesn't even know you.
deu,Wir sollten die Inflation in unsere Planung einrechnen.
deu,Sami hat ein Aquarium.
deu,"Tom sagte mir, ihm sei schwindelig."
spa,Se van a casa.
eng,We seem to have lost them.
deu,Tom gewann beinahe das Rennen.
ita,Non vanno a costruire autostrade in Lituania.
deu,"Das sage ich deiner Mutter, was du getan hast!"
spa,Nuestro sitio web atrae muchos usuarios.
eng,Mary won't go even if she's invited.
spa,Te lo he dicho tantas veces que ya he perdido la cuenta.
fra,Je hais l'hiver.
ita,Voi e Tom non lo fate spesso.
eng,Can you shut down your computer before leaving?
deu,"Du hast überhaupt nicht verstanden, was ich sagen wollte."
fra,Le résultat a visiblement très impressionné tout le monde.
ita,Lei vorrebbe andare allo zoo questo pomeriggio?
fra,Il fait trop sombre pour voir quoi que ce soit.
deu,Wir haben unterschiedliche Anschauungen.
ita,Tom ha finito la benzina.
spa,Él fue a París a estudiar francés.
spa,¡Qué bueno me está sabiendo este caldito!
eng,I am following a Swiss.
deu,"Sie nahm das Risiko auf sich, im Wissen, dass sie eine Menge Geld verlieren könnte."
ita,Hai annotato il numero di telefono?
deu,Ich sehe alles doppelt.
spa,¿Estuvo usted alguna vez en Okinawa?
eng,Layla started crossing the line.
deu,Sie dürfen so einen Hund nicht frei laufen lassen!
ita,Manca l'acqua?
fra,Pourquoi est-ce si pénible d'avoir des relations avec les autres ?
fra,Jean et Jeanne regarderont ma tulipe.
ita,Ha della buona carta per scrivere?
deu,Er hat das mit aller Macht hochgehoben.
deu,Tom muss sehr enttäuscht gewesen sein.
fra,Dis-moi si tu es heureuse.
deu,Wann hat es angefangen zu regnen?
deu,"Welche Größe hat der Helm, den du trägst?"
fra,As-tu eu la permission ?
ita,Non importa se Tom è d'accordo o no.
spa,Creo que está bien llorar hasta hartarte en los momentos difíciles.
ita,Siete preoccupate per quello?
fra,Elle leur parle toujours.
ita,Perché abiti qui?
fra,Elle vous les a donnés.
deu,"Er beschwerte sich, dass man ihn ungerecht behandelt hatte."
ita,Il francese di Tom è migliorato?
eng,Tom fell in love with his secretary.
spa,Esperemos que vayamos a llegar allí a tiempo.
eng,"Pray, of what land or lineage should I rightly call you?"
deu,"Ernsthaft, ich glaube nicht, dass es ein Plagiatsfall ist."
fra,Les enfants ont d'habitude foi en leurs parents.
fra,Il a attaché la remorque à sa voiture.
fra,On leur a fait subir un lavage de cerveau.
spa,¿Cuál es el nombre de su mejor amigo?
fra,Elle n'a pas voulu danser avec moi.
fra,Ils nous les ont rendus.
spa,Tom comenzó a sospechar que Mary lo estaba engañando.
eng,How long is it going to take?
spa,Le di mis libros a esa gente.
fra,Je suppose que je saurais changer un pneu si je le devais.
eng,How often do you eat chocolate?
spa,Nadie tiene derecho a predicar la abstinencia.
fra,Je n'ai pas encore dit oui.
ita,"Sebbene le previsioni del tempo non siano delle migliori, credo che ci divertiremo molto!"
deu,Sie hat ihn am Klavier begleitet.
deu,Tom und Maria helfen bestimmt.
eng,His father-in-law is strict.
fra,Arrête de m'envoyer des textos.
deu,Tom trinkt nach dem Abendessen oft ein Schlückchen Wein.
eng,"Mary is drinking tea, isn't she?"
ita,È troppo costoso.
deu,Der Prinz schenkte der Prinzessin zum Beweis seiner Liebe ein Schloss.
eng,Being an astronaut was always my first dream.
ita,Non va a costruire fattorie in Canada.
eng,Tom and Mary bought each other Christmas presents.
spa,Me interesa la historia de Asia.
deu,Sie wurde rot vor Scham.
eng,You have to be extra careful around Tom.
ita,Io lavo l'auto.
fra,Les tickets ont été épuisés en l'espace d'une semaine.
eng,Are you still a Muslim?
fra,La langue kabyle va de l'avant.
ita,Loro stanno per raddoppiare!
eng,I know Tom didn't know you wouldn't be able to do that.
ita,"Da un punto di vista pratico, il suo piano non è facile da realizzare."
spa,Se dice que la cantidad de dinero que un americano gana es indicativo de su habilidad.
spa,La invitaron a una fiesta.
eng,Pity I didn't wait for your reply before I added the sentences.
ita,Quell'automobile è abbastanza nuova.
deu,Sie spielten Spiele.
fra,"Votre espéranto est excellent, félicitations."
fra,Tom n'a pas pu contenir sa colère.
ita,Tom mi passò il sale.
ita,Tom guardò Mary con disapprovazione.
ita,È la parte più difficile.
spa,¿Nancy quiere tener un perro?
fra,Dites-leur qui nous sommes.
deu,Sie hat braune Augen.
spa,Yo he estado aquí antes.
fra,Apprenons l'anglais.
fra,Je te dis ça parce que je m'inquiète pour toi.
deu,Am Morgen begrüßte uns eine freundlich leuchtende Sonne.
ita,Siete molto più alti di Tom.
deu,Wo ist Ihr Motorrad?
spa,Compré un florero de cristal.
spa,¿Quieres comer fideos o arroz? ¿Quieres tomar zumo de frutas o café?
ita,Io penso che sia il modo più sicuro per farla.
ita,"A te dove piacerebbe lavorare? ""In Australia."""
fra,Nous étudions l'anglais tous les jours à l'école.
spa,Tom supo que él había sido castigado.
deu,Man müsste eine vergleichende Auswertung der Ergebnisse erstellen.
fra,"Le myélogramme est un examen médical, qui correspond à l’analyse d’un prélèvement de moelle osseuse."
ita,"Loro non erano occupati, vero?"
fra,"En fin de compte, elles avaient toutes prévu de rester."
fra,Comme c'est romantique !
eng,I thought of you today.
fra,Tom verrouilla la porte.
ita,Non parlate con gli estranei.
fra,La mosquée al-Aqsa est à Jérusalem-Est.
deu,Zu welcher Zeit ist es entflohen?
spa,No se escuchaba un ruido.
deu,Das wirst du noch büßen!
fra,Cela m'a pris plus d'une semaine pour construire la maquette de bateau.
spa,Esta es la pluma que se me perdió ayer.
ita,La mia mente stava correndo.
spa,No creo que Tom vaya a confesar estar equivocado.
spa,"Considérelo, y luego me cuenta lo que decidió."
deu,Die Pferde zogen an und setzten den Wagen in Bewegung.
ita,Va a costruire negozi in Libia?
fra,Il fait l'apologie du communisme.
ita,Possiamo tornare adesso?
spa,El profesor es estricto con los estudiantes.
deu,Die meisten Menschen hier sind recht freundlich.
ita,Ho fatto un elenco di cose che dovevo prendere.
deu,Sie hatte schlichtweg keine Wahlmöglichkeit.
deu,So was Köstliches hatte ich selten auf dem Teller.
spa,Marta es una excelente pianista.
fra,J'ai vu Tom dans le parc.
ita,Dove devo guardare?
ita,È stravagante.
eng,The armored vehicle launched a surface-to-surface missile at the enemy base.
ita,Taglia la torta con questo coltello.
ita,Ricordate le mie parole!
deu,"Theoretisch bin ich reich, praktisch aber nicht."
ita,Disse che era molto dispiaciuta.
eng,He only has one client.
deu,Zur Hölle damit!
fra,"C'est quoi, la philosophie ?"
ita,Guardò un film con lui.
spa,Susana tiene un carácter totalmente distinto al de sus hermanos.
deu,Tom fängt ein neues Buch an.
eng,I'm just trying to get you to do what you said you'd do.
spa,¿Cenáis en casa?
ita,Sempre pronto ad aiutare.
spa,"Si vos me enseñás tu idioma, yo te enseño el mío."
ita,Dan non aveva neanche intenzione di chiamare Linda.
ita,Vi piacque.
ita,Hai promesso che verrai.
fra,"Où est votre famille, Tom ?"
fra,Le jardin est clôturé.
deu,Was ist dein zweiter Vorname?
spa,Las noticias han confirmado mis sospechas.
deu,Sie sollten sich das mal ansehen.
deu,Geht ihr morgen mit uns ins Kino?
eng,Were Tom and Mary the ones who did this?
deu,Ich verstehe alles.
fra,J'y ai passé toute ma jeunesse.
fra,Le gouvernement doit comprendre que nous sommes en situation de crise.
eng,So has that ever happened to you before?
spa,Sugiero que primero nos cambiemos de ropa.
fra,Ne veux-tu pas être rédactrice ?
deu,Die Spannung des Wettbewerbs nimmt immer mehr zu.
deu,Er sehnte sich nach Liebe.
deu,Die beiden Vokale bilden einen schwer aussprechbaren Diphthong.
deu,Diese Hose ist schmutzig.
ita,Ziri e il caffè sono inseparabili.
eng,"Come on, don't act so coy, I know you're into it."
fra,Je ne comprends pas comment cela peut plaire.
ita,Ho trovato il ragazzo addormentato in un sonno profondo.
fra,Qui est ce grand chevalier ?
fra,Nous ne sommes pas vos ennemies.
spa,A pesar de toda su riqueza no es feliz.
spa,Te llamaré mañana a las ocho.
spa,Estoy buscando ese distrito postal.
fra,N'en ouvre plus !
spa,Es la única explicación.
deu,Tom hat heute mit Maria Schluss gemacht.
spa,Debería saberlo.
fra,Je dis « Pouce ».
fra,Le printemps nous rend espoir en l'avenir.
eng,Did you manage to convince Tom to help you?
ita,Nelle grandi città c'è troppo traffico.
ita,Che state facendo in questi giorni?
fra,Penchez le haut du corps en avant.
ita,I leucociti sono globuli.
ita,Non andate a costruire biblioteche in Finlandia.
deu,Ich war so verwirrt.
spa,"Como la suerte no es lo mío, ni juego al pachinko ni compro lotería."
fra,Il nouait ses lacets.
fra,Je prends parfois une douche le matin.
ita,Lei vuole mangiare del sushi stasera?
eng,In autumn all the leaves on the mountain change color.
deu,Das haben Sie jetzt davon!
spa,"Desafortunadamente, no tuve oportunidad de ver el castillo."
eng,Life is a lottery.
spa,Es bastante bonito.
eng,Tom and Mary said they aren't sure.
spa,¿Puedes darme colgando la ropa?
fra,Le ballon a rebondi sur la barre transversale.
fra,Thomas veut connaître le passé de Marie.
fra,J'attends votre décision avec une vive impatience.
ita,Vorresti sapere come morirai?
eng,Why do I have to fight?
fra,La femme qui est sortie est ingénieure.
fra,Ils se sont trompés.
ita,Io non posso controllarli.
fra,"Aujourd'hui, je ne travaille pas."
ita,La pronuncia dell'insegnante è quasi perfetta.
ita,Tu non mi hai mai detto che eri sposata.
eng,Tom and Mary said they were asked to help.
eng,You're always breathing down my neck.
ita,Io non ho voglia di studiare.
deu,Amerika ist führend in der Raumfahrttechnik.
eng,We insist.
fra,Va falloir s’y faire.
fra,Je n'ai fait que le strict minimum.
ita,Tu giochi a calcio o a rugby?
ita,Mehmed Talat è stato assassinato a Berlino nel 1921.
ita,Questo è l'ordine.
spa,¿Quién es tu médico?
eng,"All mushrooms are edible, but some only one time."
fra,La prosopagnosie désigne l'incapacité à reconnaître les visages familiers.
ita,Vado a costruire università in Irlanda del Nord.
deu,Ich brauche einen Muttersprachler.
fra,Tom est un meilleur joueur de saxophone que Marie.
deu,Meine Liebste arbeitet als Au-pair-Mädchen in Italien.
eng,How do you explain all this?
deu,Ich hab halb eins Mittag gegessen.
spa,No cometo errores.
eng,Don't talk about me while I'm gone.
ita,Volete uccidermi.
eng,Do as you want.
fra,Le timbre s'est décollé de l'enveloppe.
eng,I didn't know Tom would let you do that by yourself.
fra,Une autre alternative devrait pouvoir être envisagée.
ita,Non mi dica che è già stanco.
deu,Besuchen Sie uns mal.
spa,Lo necesitan.
spa,El hijo abusó de la confianza de su padre.
fra,Arrête-toi s'il te plaît !
spa,"El corazón alegre es buena medicina, pero el espíritu quebrantado seca los huecos."
spa,Es lo que estaba esperando.
fra,J'adore les carottes.
fra,Elles dormaient.
eng,I knew Tom would appreciate your help.
eng,Defenestration is a common method of murder in Russia.
deu,"Ich will, dass du bei Sonnenaufgang verschwunden bist."
ita,Noi odiamo Tom.
spa,Mi gato está durmiendo.
eng,I want to learn Japanese.
eng,Did you treat Tom well?
eng,Didn't you know Mary and Alice were Tom's sisters?
deu,"Es darf nur angreifen, wer bereit ist einzustecken."
ita,Sono terribile coi nomi.
eng,You need to be confident.
ita,A Tom non piace guidare sotto la pioggia.
spa,Creo que ésta es la moto de Tom.
ita,Studia storia all'università.
fra,Ziri est tombé dans la piscine.
ita,Venga a visitarmi.
deu,"„Ich kenne ihn gut.“ – „Ach, tatsächlich?“"
fra,C'est d'une importance fondamentale.
spa,No os paséis con el vino.
deu,Der ganze Hausstand tanzt nach der Pfeife der Hausfrau.
deu,Wir müssen das heute erledigen.
eng,Who knows who was unfair.
spa,"Si yo hubiera sabido su dirección, le habría mandado una carta."
eng,"I'm a bit serious today, but please bear with me."
deu,Magst du mit mir Schach spielen?
fra,Ils sont devenus de très bons amis.
fra,Je prends contact plus tard.
ita,Io non ho fatto nulla per Tom.
deu,Jetzt bin ich sehr traurig.
ita,Questo ti ha sorpreso?
spa,Derrochar así el dinero es obsceno.
spa,Estaba acostumbrado a hablar con extranjeros.
eng,Tom would want you to have this.
spa,¿Sabes a qué hora cierra ese supermercado?
spa,"Verde, amarillo y azul son los colores de la bandera brasileña."
ita,Io vi premierò.
spa,¿Cuántos riñones tiene una persona?
fra,Elle m'a flanqué à la porte.
spa,Apenas puedo recordar cómo lucía mi abuelo.
deu,Ich habe heute morgen mit dem Bundespräsidenten gesprochen.
spa,Los hijos predilectos de la madre Tierra son las lombrices.
fra,"Actuellement, mes affaires ne se portent pas très bien."
spa,¿Dónde está Australia?
deu,"Gerät man ins Zweifeln, erschwert das immer die Ausführung von Aufgaben."
fra,Elle doit venir ici.
ita,Non va a insegnare qualcosa in India?
deu,Er leerte sein Glas in einem Zug.
eng,Martino was attacked by the giant carnivorous plants.
eng,That is what the British people expect of their Queen.
fra,Elle m'a répondu qu'elle était désolée pour ce qui s'est passé.
fra,Je l'ai fait de la bonne manière.
spa,Siguió su consejo.
spa,Tom le dijo a Mary que ella tenía razón.
fra,Cet oiseau est une fauvette.
eng,She had a beautiful wife.
ita,Lui accoglierà gli invitati.
spa,Tuve que conducir yo mismo al hospital.
fra,Vous voilà !
eng,I have a surface-level knowledge of a lot of things.
spa,Estamos todos.
eng,Improvising isn't as difficult as you say it is.
eng,I set up the little tent.
spa,Tengo un horario flexible.
eng,That roller coaster has me feeling rather discombobulated.
deu,"Gibt es Hoffnung, dass das bald zu Ende ist?"
ita,È splendido.
ita,L'ha perdonato?
eng,You should've gotten dressed faster.
ita,Tom sta bevendo del vino.
eng,Tom wishes Tatoeba would stop stalking him.
deu,Ich bin ihretwegen noch immer sauer.
fra,"Tu n'es pas fatigué, si ?"
eng,Tom and Mary said they'd do it themselves.
deu,Tom ist bei allen beliebt.
ita,"Dopo la Seconda Guerra Mondiale, la storiografia italiana ha un grande sviluppo."
spa,Tú eres más alto que ella.
ita,Tutto nel Corano è ragionevole.
deu,Warum weiß Tom das nicht?
deu,"Ich bin gekommen, um euch mit nach Hause zu nehmen."
fra,Qui les a découverts ?
ita,Mia sorella di solito va al parco ogni weekend.
deu,Das Kind wird sechs.
deu,Die Hündin hat fünf Welpen bekommen.
eng,Tom saw it with his own two eyes.
ita,È morto ieri.
spa,Empezó a chillar y me marché.
fra,Soyez fière de ce que vous avez accompli.
ita,Galileo ha fatto cadere due palle di ferro dalla cima della torre.
spa,Deseo viajar a otros países.
fra,Les filles aiment bien les mauvais garçons.
deu,Diese Schuhe passen mir nicht gut.
eng,Even Tom lied to us.
eng,I've had this computer for a long time.
deu,Ich hätte es mir aufschreiben sollen.
spa,Es difícil de creer.
ita,Fai un paio di passi in avanti.
spa,Siento no haberte contestado antes.
spa,Mantenemos que él no es culpable.
eng,Rima and Skura bought that.
deu,Tom ist ein Indianer.
spa,"Lamentablemente, ella vive en el extranjero."
eng,"One of the most famous horse races in the world, the Melbourne Cup, will be held today."
deu,Magst du diese?
spa,Casi me atropella un auto.
fra,Cela va faire venir beaucoup de curieux.
eng,You're not the only one who cares about Tom.
eng,I could tell you were hungry.
spa,Libertad.
deu,Hier liegt seine Asche.
fra,Tom est chez son oncle.
fra,C'est la femme de mes rêves.
spa,"¡Por favor, apagadlo!"
eng,"Does he like music? ""Yes."""
deu,Gibt es Zimmer mit Toilette und Dusche?
spa,Empujó al auto en pana con toda su fuerza.
eng,Know where to hide.
ita,Lo potrebbe baciare.
deu,Er erstarrte.
ita,Ma sei scappata via?
spa,"Cuando el grande vence al chico, éste reúne respaldos y el grande fuga."
spa,Tomás oye mal.
spa,Ella vende conchas marinas.
spa,Su escritura es linda y legible.
ita,È quasi morto oggi.
eng,Tom believes he's right.
fra,Beaucoup d’hommes veulent maintenant devenir infirmiers.
ita,La stanza è un casino.
spa,Él debe haber perdido el tren.
eng,I don't like this plan.
spa,¿Qué te ha golpeado?
deu,"Ich bin es nicht gewohnt, Entscheidungen zu treffen."
ita,Tu hai il lunedì libero?
spa,"Apruebes o no el examen de chino, vamos al pub a tomar una cerveza."
deu,Du siehst deinem Bruder total ähnlich.
eng,Sami was driving through the roundabout.
deu,Die Bibliothek hat einen barocken Lesesaal.
fra,Ziri a un atelier de réparation en ville.
fra,C'est la première fois que j'entends cette histoire.
ita,Ammiro il modo in cui gestisci le sfide.
eng,This will turn Yanni's life around.
eng,What about this fascinates you?
deu,Mit Geld kann man sein Glück nicht kaufen -- aber man kann damit anderen Glück schenken.
deu,"Sie sagt, es gehe ihr heute schon etwas besser."
fra,Ce sont des histoires ridicules.
eng,They'll be watching you.
deu,Er feuerte Maria.
spa,No me gusta el color de esta casa.
fra,Ne vous connait-il pas ?
spa,Puedes ir adonde tú quieras.
spa,Tu reloj de pulsera está encima de la mesa.
spa,"¿Cuál te gusta mejor, té o café?"
eng,Some people say that Algiers was originally an island but that's not true.
ita,Questo tavolo è sporco?
fra,Vous devriez laisser cela secret.
ita,"Di che nazionalità erano le vostre cugine? ""Gallese."""
ita,Pensavo volesse qualcosa da bere.
deu,Das sind wirklich schlechte Nachrichten.
deu,Mit Bart siehst du älter aus.
ita,Dove le ha tatuate?
ita,Didone acquistò tutto il terreno che riuscì a circondare con la pelle di un toro.
ita,Tom è in grado di parlare in francese ora.
eng,I was under a lot of pressure then.
ita,Ha tre anni in meno di Mary.
ita,Non sono così stupido!
eng,Mary repaired her bicycle.
spa,Estoy aquí todas las noches.
eng,The guard handed Ziri his prison uniform.
eng,Tom's car was going southbound on Park Street when it was T-boned by a car that ran a red light.
spa,Tom quería adelgazar.
ita,Io mi porto proprio la sedia girevole con le rotelle.
eng,Carlos arrived at a dangerous-looking place.
eng,Which hot spring did you go to?
fra,Aille le gigot !
spa,El oficial al mando dijo que se quedarían.
eng,Have you ever eaten tempeh?
eng,Arms export was prohibited.
spa,No me gusta el pescado.
deu,Tom schien misstrauisch zu sein.
ita,Io spero di rivederti.
eng,She's upstairs in her bedroom.
deu,Was hat euch dazu bewogen hierherzukommen?
spa,Lourdes sintió por primera vez la reconfortante sensación de haber hecho lo que debía.
ita,Perché non siete andati con lui?
spa,¿Eres un niño prodigio?
fra,Pourquoi ne me dis-tu pas ce que tu fais ici ?
eng,The bomb could go off at an moment.
fra,Un enfant apprend à parler avant de savoir écrire.
spa,¿Me acompañás a la universidad?
spa,Mi hermano está viendo la tele.
fra,Je ne suis pas content de ce que j'avais fait.
spa,Me acabás de hacer acordar de alguien.
deu,Sie haben mir nicht geantwortet.
eng,He's a good climber.
deu,Wollt ihr Ketchup für die Pizza?
spa,Mi profesora de alemán es muy paciente.
spa,Sois demasiado perfectos.
fra,Pourquoi es-tu tellement en colère ?
deu,"Sie unterstützt dich, wenn sie deine Freundin ist."
ita,Tom mi rubò la biro.
fra,Sami semblait vulgaire.
ita,Oggi vai a letto prima.
deu,Die Zeit offenbart alles.
deu,Mir liegt das Wort auf der Zunge.
spa,Le dio una respuesta vaga.
deu,"Der CEO betonte, dass er häufig durch Europa reise und nichts zu verbergen habe."
spa,Con el DELE tendré más oportunidades de trabajo.
spa,¿Quién no ha estado ahí?
spa,Ten en mente que el lenguaje es tu amigo y no tu enemigo.
deu,"Die Traube wird schwarz, indem sie die andere Traube anschaut."
ita,Io vidi le sue foto in Giappone.
fra,Elle doit faire une ostéodensitométrie.
fra,Sami buvait de la bière.
fra,"Pour ma fête, j'ai reçu des cadeaux."
eng,"I was lucky the train was late. Otherwise, I would've missed it."
eng,He confused me for my twin brother.
eng,Our air is polluted.
deu,Endlich wachte ich auf.
spa,¿Has comprado ropa nueva últimamente?
ita,Pensano di essere dei geni.
spa,Me invitarían a la fiesta.
ita,Non va a costruire strade in Ucraina?
spa,Todo lo que puedes hacer es esperar.
ita,I vostri compiti sono finiti?
eng,Did you drink tea?
ita,Lo ammirava.
spa,La casa se prendió fuego.
eng,Ziri says he has marital problems.
deu,Sie haben mich wie ein kleines Kind behandelt.
eng,You're mistaken if you think Tom is wrong.
spa,Tom ganará esta partida.
eng,Kalman camped on his property in the middle of nowhere.
deu,Warum will sie mir nicht helfen?
fra,Nous avons détecté une fuite sur le tuyau.
spa,Me encantan los hospitales.
fra,Il attend depuis deux mois.
spa,Todavía no me ha contestado.
ita,Secondo me manca completamente.
spa,Tomás se enamoró de una chica linda.
spa,Éduqué a un huérfano.
fra,Sa capacité d'écrire du pied est étonnante.
fra,Certaines personnes n'ont absolument aucun scrupule.
fra,"Qu'importe que vous le croyez ou non, en tout cas, moi, j'y crois."
eng,"Okay, I give up."
spa,¿Qué se puede hacer con esa herramienta?
ita,La mia amica era marocchina?
ita,Siete il gruppo di spalla.
ita,Parliamo dei presidenti. Lei ne ha conosciuti molti.
deu,"Guten Abend, Schatz! Bin ich froh, endlich zu Hause zu sein!"
eng,Yanni and Skura are turning red.
fra,"C'est à vous que je parle, Ziri."
ita,Dov'erano gli ispettori edili?
eng,Did you get my postcards?
spa,La Segunda Guerra Mundial terminó el 1945.
ita,Mio padre gestisce un ristorante.
spa,Tomasa había construido aquella barraca con sus propias manos.
ita,Dice che è innamorata di lui.
fra,Elle avait envie de lui exprimer ses sentiments amoureux.
deu,Meine Fantasie spielt mir Streiche.
spa,Tom se divorció de Mary.
ita,"Ovunque lui vada, farà sicuramente amicizia con qualcuno."
deu,Er gefällt ihr und sie gefällt ihm.
deu,Ich sage euch die reine Wahrheit.
spa,Ella lava su falda.
ita,Tom è stato lì per tre ore.
ita,Abbiamo esaurito il cibo.
fra,L'Algérie dispose d'un filet social.
spa,Enciendo la lámpara.
ita,La mia educazione mi ha resa ciò che sono.
spa,Ella está justo ahí.
spa,Ya estoy aburrida.
spa,No me parece prudente.
spa,Estamos estancados en el medio de la pampa y no nos queda bencina.
eng,I don't think Tom would be jealous.
spa,¿Tendrás este en un talle más grande?
spa,Me acabo de comprar un ratoncito.
ita,Tom è andato in pensione in Florida.
spa,El público seguía las evoluciones de las acróbatas con encandilamiento pasmado.
ita,Desideravo amore.
ita,"Soprattutto, non perdere la speranza!"
spa,Es el hombre adecuado para el trabajo.
fra,Le roi fut déchu de ses pouvoirs.
deu,Diese Kirche hat schöne Fenster.
spa,Todo es locura en este mundo excepto el placer.
spa,¿Le gustan las naranjas?
deu,"Ich würde Tom gerne helfen, wenn ich kann."
deu,"Wir brauchen keine zehn Minuten, um alle Pfannkuchen zu vertilgen."
eng,Sami went to Walmart at six.
eng,You shouldn't sleep with him on the first date.
fra,Vois ce qu'il fait !
eng,I know that Tom didn't mean to do that.
deu,"Er forderte, dass ich sofort das Geld bezahle."
ita,Tom sta cuocendo del pane.
fra,Je te prie de corriger ma prononciation !
deu,"Willst du mir sagen, wer das ist?"
deu,Ich esse sehr gerne Melonen.
deu,Von dort aus wirst du nichts sehen können.
fra,"Il n'avait rien à dire, alors il est parti."
ita,Vanno ovunque.
eng,Why do you look familiar?
deu,Im Sport ist der Mannschaftsgeist entscheidend für den Erfolg.
eng,The main shops are in the city centre.
ita,Perché sei vestita come se fosse nel mezzo dell'estate quando fa così freddo?
ita,Ora manca poco.
deu,Ich habe keine Zweifel bezüglich seiner Ehrlichkeit.
eng,Do you live with Tom?
spa,Estaba viendo la televisión cuando llegó Tomás.
eng,The baby was named Peter after his grandfather.
deu,"Fürchtest du dich davor, dich zu fürchten?"
deu,Wonach haben sie euch gefragt?
spa,Se hirió el brazo levantando tanto peso.
ita,"Durante il concerto, il batterista suonava le percussioni con una paletta."
spa,Agrega sal al gusto.
fra,Ça m’a manqué.
deu,Tom hat von seinem Vater einen Roller geschenkt bekommen.
spa,Yanni probablemente tenga razón.
spa,Se suponía que habría silencio aquí.
deu,Tom legte seinen Bleistift hin.
deu,Ein einziger Mann mit Mut ist die Mehrheit.
eng,Have a nice evening with your Parisian friends!
eng,Tom said he probably wouldn't be in his office on October 20th.
eng,I have a major announcement to make.
deu,Er hatte einen seiner Socken auf links an.
deu,Sie ist kleiner als ich.
eng,Mr. Jackson is Tom's teacher.
eng,This is a picture of Tom and his wife.
fra,L'étude des processus de cristallisation dans les naines blanches révèle leur structure interne.
deu,Er hat mich von seiner Unschuld überzeugt.
fra,Mon fils a grandi et devient un homme.
spa,"Sí, por supuesto."
ita,Vi siete allontanate.
fra,Une banane verte n'est pas assez mûre pour être consommée.
deu,Nimm das sofort zurück!
spa,Ella durmió la mona.
eng,Sami's car was abandoned on the side of the road with a flat tire.
ita,Ci ricorda le nostre vulnerabilità.
spa,El plumaje de ese pavo real es asombroso.
deu,Tom ist auf der Suche nach einer einträglichen Arbeit.
eng,Fadil tried to dispose of the body.
fra,Je pense que c'est trop cher.
ita,"Di che nazionalità sono i loro parenti? ""Marocchina."""
deu,Das scheint eine wahre Geschichte zu sein.
spa,"No importa lo que él haga, él lo hace bien."
eng,He left Japan never to come back.
spa,Puedes verlas riendo y bailando por la noche.
deu,"Gefällt dir das Gedicht, das ich für dich geschrieben habe?"
eng,Why are you always so aggressive?
deu,Ich hatte unterwegs schon wieder eine Panne und warte auf den ADAC.
fra,Il a arraché quelques pages du livre.
deu,"Ich bin nicht so stark, wie du denkst."
fra,Je dois passer l'examen d'entrée aujourd'hui.
fra,L’infirmier aide une femme qui utilise un fauteuil roulant.
spa,El esclavo intentó huir.
deu,Ich arbeite in der Bank.
eng,Don't you see what you've done?
spa,Espera un segundo.
fra,Tu as notre soutien inconditionnel.
deu,Er sang ein Lied.
ita,Siamo arrivati giusto in tempo?
ita,Non beviamo latte.
spa,"No solo te ves como Tom, sino que también te oyes como él."
fra,On peut partir ensemble.
eng,The police gathered a lot of evidence from the crime scene.
eng,Tom is afraid he might do something that he'll regret.
spa,Mika no es menos encantadora que Keiko.
deu,"Maria will wissen, was sie mit dem ganzen Zeug tun soll, das ihr bei ihr gelassen habt."
fra,Elles regardent tes belles tulipes.
fra,J'avais quatre-vingts ans à la naissance de mon petit-fils.
ita,La distilleria ha vinto numerosi premi per la qualità dei suoi prodotti.
ita,Yanni ha trovato il suo telefono.
fra,Voici une recette de caramel de banane qui pourra remplacer avantageusement le Nutella.
eng,Ziri mixed the baking soda in some hot water.
ita,"Trattenete il fiato, per favore."
eng,She never saw her brother again.
ita,Il giudice ha chiesto alla giuria di raggiungere un verdetto.
fra,« J'adorerais aller au bal avec vous. » « Vraiment ? Vous le voudriez ? »
fra,J'adorerais essayer ça !
fra,Je ne peux pas te dire ce que nous avons fait hier soir.
ita,Mi dissero che non erano preparati.
fra,Il sait lire le chinois.
deu,"Das ist gut, oder?"
eng,You needn't have come.
fra,Marie décourageait les étudiants.
deu,"Bist du sicher, daß Tom und Maria wiederkommen?"
eng,The number of unemployed college graduates amounts to more than 4000.
deu,Wieviel Zeit wird das in Anspruch nehmen?
deu,"Ich hoffe, Sie sind mir nicht böse?"
ita,Quanto tempo sei stata via?
deu,Das ist eine Interpretation seitens der Presse.
spa,Ya no seguiré el camino contigo.
deu,Können Katzen wirklich im Dunkeln sehen?
ita,Abitiamo a Connemara.
spa,Tom no se dará cuenta.
spa,Caminamos otras cien yardas.
fra,Nous allons devoir vérifier cela.
ita,Il produttore di cosmetici ha lanciato una linea di maschere monodose per la cura della pelle.
deu,Kannst du irgendwelche anderen Hotels empfehlen?
spa,El precio real fue más bajo de lo que yo había pensado.
spa,Es fácil encontrar un ejemplo.
spa,Me dolía el corazón.
eng,Some religions are or were against development and freedom of thought.
spa,Esta comida tiene mucho ajo y poca sal.
deu,Es handelt sich um eine Tropenkrankheit.
deu,Schützt Tiere vor Misshandlung!
spa,Ella ya no es del todo joven.
deu,"Sie fanden es schwierig, ihren Lebensunterhalt zu bestreiten."
ita,Non voglio lasciarla.
spa,En la comida hemos sido más o menos casi treinta personas.
spa,Puede que Tom no quiera hacer eso.
ita,Verrà dopotutto.
spa,Le prometí guardar el secreto.
spa,Vamos a almorzar juntos.
deu,Ich schwimme sehr gern.
spa,Convendría reemplazar algunas de las viejas incubadoras.
spa,¡Qué Navidad tan feliz pasamos!
eng,That isn't your notebook. It's Tom's.
deu,"Sag mir, wem diese Bücher gehören!"
eng,I'll see them tomorrow night.
eng,The rover lumbered across the dusty red plain on Mars.
spa,Creo que deberíamos continuar esta conversación fuera.
spa,Revisa esos documentos.
eng,To travel is to change the clothes of the soul.
eng,Is the beach near this area?
eng,Save more.
spa,Nos bloquearon el cerebro.
ita,Tom non sa dove sono le sue chiavi.
ita,Gli faremo portare la nostra valigia al piano.
eng,Ziri has hives in the backyard.
eng,These horses are not for sale.
spa,A Linda le encanta el chocolate.
deu,Das haben wir nicht bestellt.
eng,"In addition to being the capital of the United Kingdom, London is also the capital of England."
deu,"Ich weiß, dass das nicht leicht ist."
eng,We should settle things once and for all.
fra,Cuzco est le nom du temple inca.
eng,They said that they felt bad about that.
fra,« À qui sont ces bottes ? » « Elles sont à Lidya. »
ita,Vi verremo a trovare.
deu,Deine Zunge ist schneller als dein Verstand.
eng,Mary told Tom she hoped she could do that.
deu,"Ich wusste nicht, dass Tom nicht schwimmen kann."
deu,Könnten Sie bitte einen Arzt anrufen?
ita,Tom non sa se Mary è felice o no.
spa,¿Puedo coger tu secador de pelo?
ita,Ma cosa ha fatto per meritarsi tutto questo?
deu,Die Blume schreit nach Wasser.
fra,Je vais te donner une chance additionnelle.
ita,Sei libero di usare questa stanza.
deu,Ich muss es vor zwei Uhr dreißig wissen.
deu,Er sieht uns nicht.
spa,Me quedé sin nafta.
fra,"Autant je suis heureux d'être content, autant elle est inquiète d'être anxieuse."
ita,Per studio vai a Roma.
deu,Dieses Gebiet ist äußerst abgelegen.
deu,Hast du dir den Hals gewaschen?
fra,Votre proposition arrive à point.
fra,Discutons-en ici !
eng,Tom and Mary said they were very irritated.
spa,Estudian el árabe.
deu,"Ich verstehe nicht, wie die Verbrecher ruhig schlafen können."
eng,Ziri left his partner.
fra,J'ai caché une cuisse.
eng,"I could've done it by myself, I think."
fra,Je suis curieux de savoir si Tom sait nager ou non.
spa,"Si hubiera cogido ese avión, ahora estaría muerto."
ita,"Di che nazionalità sono le vostre sorelle? ""Malese."""
deu,Wo ist das Brot hergestellt worden?
deu,Niemand mag es.
fra,J'admets qu'il y a quelques problèmes.
deu,"Er bekommt immer alles, was er will."
eng,One quickly recaptured him.
deu,Die Bergeshöhen schmückt frisches Frühlingsgrün.
fra,"On dit qu'Hercule, le fils d'Alcmène, était le plus fort de tous les hommes."
ita,Ho parlato con i miei genitori.
fra,Vous y êtes !
eng,This could be fun.
ita,Tu eri gelosa di me.
fra,Le crime d'adultère a été aboli en 1947.
fra,Elle écrit une lettre.
eng,You sound like Tom.
fra,Pouvez-vous vous en sortir sain et sauf ?
spa,Un huevo de codorniz pesa de media 10 gramos.
ita,Le sue maniere mi stanno facendo perdere il controllo.
eng,He alwasy shies away from confrontation.
fra,C'est comme ça que cela fonctionne.
ita,Si dibatte come un pesce fuor d'acqua.
ita,Tom ha rubato del cibo.
eng,He meant exactly what he said.
spa,"María es una mujer, no una niña."
fra,J'ignore si ceci est vrai.
spa,Lucrecia se pasa las tardes libres tricotando.
spa,¿Has conseguido solo dos puntos?
fra,Le temps passe beaucoup trop vite.
spa,¿Supiste que Mary mató a Tom?
deu,Ich huste ununterbrochen.
ita,Non vado a fare soldi in Danimarca?
fra,Tom revient en Australie chaque été.
ita,Non la affrontai.
spa,Ella habla más bien deprisa.
eng,What were you even doing in there?
ita,I soldati hanno iniziato a ritornare a casa.
ita,Io suggerirei una virgola.
deu,Du hättest das wirklich letzte Woche machen sollen.
deu,Tom hat seine Hand am heißen Ofen verbrannt.
ita,Sono sposato e ho tre figli.
ita,Quanto tempo sei restata?
fra,"Ce que je ne veux pas perdre, c'est l'amour."
spa,Están cansados de no hacer nada.
deu,"Erinnerst du dich noch, was dieser Minister vor einem Jahr gesagt hat?"
eng,Do you come from Moscow?
eng,I don't know what Tom meant.
spa,Saber si existe o no vida extraterrestre es de interés para todos.
spa,Dicen que es la persona más rica del mundo.
eng,He fathered children to three different women who all left him.
eng,Math is my strong point.
fra,Il se pourrait que vous soyez intéressés par ceci.
spa,Ningún jaguar es de color azul o verde.
fra,La direction informe ses clients que le téléviseur est équipé d'un système antivol.
ita,Le dissi di non utilizzare quelle.
deu,Dafür gibt es wahrscheinlich einen guten Grund.
fra,"Si tu n’es pas branché, c’est que tu n’es pas branché."
ita,Ma come hai fatto a capirlo?
ita,Ditele che io sono in Francia.
deu,"Ich glaube nicht, dass du damit irgendwelche Probleme haben wirst."
ita,Non voglio immischiarmene.
ita,E secondo te le tasse così non aumenterebbero?
fra,La police cherche Gabriel.
ita,Ecco!
fra,J'ai mangé une fraise pour le petit-déjeuner.
ita,Mi fa male la gola oggi.
ita,Il suo colore preferito non è il bordeaux?
ita,Non abbiamo guardato il film fino alla fine. È molto noioso.
fra,Juba coupera l'arbre.
eng,How far away is Tokyo?
fra,Il faut avoir une connaissance technique du français.
deu,"Das stimmt ja. Wär’s länger, wäre es nicht so kurz."
deu,Amerika ist doch kein Land!
deu,"Vielleicht ist es langsam Zeit, dass ich mal meine Frisur wechsele und meinen Stil ändere."
eng,I enjoy avocado toast for breakfast.
deu,Man muss seine Schuhe am Eingang ausziehen.
eng,Is carnelian a flower?
ita,Non so perché Tom sia andato via.
fra,Puis il est allé voir sa sœur.
deu,Mach dir keine Gedanken. Ich sage keinem etwas.
eng,There was only one case of chicken pox at the school.
ita,Vai in vacanza in Bosnia?
fra,J'ai pris l'autoroute.
deu,"Ich könnte auf Bier verzichten, aber warum sollte ich's tun?"
fra,Quand penses-tu revenir ?
deu,Das war beschämend.
spa,No es bueno engañar a los colegas.
ita,Vai a costruire mattatoi in Scozia?
deu,Tom fing an zu weinen.
spa,Los ciudadanos españoles se merecen un gobierno que no les mienta.
fra,J'essaye de fuir les gens plus intéressés qu'intéressants.
ita,Io sono una tale lingualunga.
ita,Disse che non voleva che cantassi.
ita,Non gli hai fatto niente.
fra,Ils souhaitent simplement qu'on améliore leurs conditions de vie.
ita,"Tom è abbastanza socievole, vero?"
deu,"Ich neige dazu, den Vorschlag anzunehmen."
deu,Er heult mit den Wölfen.
deu,Tom hat sich über dich beschwert.
eng,Was Tom the one that asked Mary to do that?
eng,I don't think that Tom has any idea where Mary is.
fra,Le rat rayé et la souris sont deux espèces différentes.
eng,You were unlucky.
fra,Il n'y a que des champs par ici.
spa,Me gusta la comida chatarra.
fra,Juba a pris sa retraite en octobre.
fra,Pourquoi ne manges-tu plus de viande ?
fra,Voulez-vous que je vous ramène chez vous ?
fra,Quelle est ta couleur de cheveux préférée ?
ita,"Si ferirà, vero?"
ita,Non mi trattate come un bambino.
ita,Vi state organizzando per andarci?
deu,"Wenn du dein Französisch verbessern willst, musst du versuchen, es so oft wie möglich zu sprechen."
fra,"Jack avait la flemme de les appeler, alors ils ont décidé de marcher sans lui."
eng,Tom and Mary didn't realize they weren't going to be able to do that.
ita,Chi ha inviato la lettera?
eng,Maybe Mary doesn't know she shouldn't do that.
ita,Dalle quello che vuole.
deu,Wird er es jemals machen?
fra,Il a alourdi les sacs de sable.
spa,¿Por casualidad estuviste presente cuando sucedió el accidente?
eng,London developed into the general market of Europe.
fra,Il laissa une place à une dame âgée.
fra,La Terre n'est pas une étoile mais une planète.
spa,¡Menuda pelea se formó en el bar! Se armó la de San Quintín.
eng,Tom is no longer in pain.
deu,Er sah seine Freundin nur sonntags.
deu,Tom schrie sich heiser.
spa,¿Pueden regarme las plantas y darle de comer al pez mientras yo esté fuera?
fra,Ses yeux débordaient de larmes.
deu,Von der Hügelkuppe aus kann man das Meer sehen.
deu,Der Zug hatte eine halbe Stunde Verspätung.
ita,Ho questo libro.
spa,Vendí mi carro la semana pasada.
eng,I got here at about 2:30.
ita,Le due si abbracciarono.
deu,Die neue Methode ist eine nähere Betrachtung wert.
deu,"Es gibt einiges, was wir besprechen müssen."
eng,Why is Dutch so funny?
ita,Tom vuole comprare un nuovo smartphone.
spa,Por fin sonrió Tom.
spa,Cuídate mejor.
ita,Non va a costruire ristoranti a Malta.
spa,Dile que aguarde un momento.
ita,A loro piace la loro scuola.
eng,Tom wanted to grab a bite to eat on his way home.
fra,Ce costume est trop beau pour moi.
fra,Tu n'as pas besoin de venir demain.
deu,Ich mache mir wirklich Sorgen um dich.
spa,Le cepillé el pelo.
fra,Deux frères partirent ensemble en voyage.
ita,Questa non è la mia auto.
ita,Non possono pensare a tutto.
spa,Siempre decís eso.
fra,Tous les travailleurs paresseux doivent être renvoyés.
ita,Perché lo stavi cercando?
eng,Let's get together and have a party.
ita,Mi piacciono i film western.
fra,Ils ont été élevés dans un même foyer.
deu,"Der Arzt richtete an den Patienten die Frage, ob es ihm gut gehe."
ita,Ha liberato il cane nel giardino.
spa,¿Por qué miras la tele con la cabeza inclinada?
ita,Mary mi ha detto che era timida.
fra,Descends ici.
eng,I was nervous as fuck.
ita,Mary ha detto che si sentiva intrappolata.
spa,Hay un jardín elegante detrás del palacio.
fra,"Vu comme c'est parti, on y arrivera sans doute pas."
spa,¿Me podría dar una cifra aproximada?
fra,Que m'avez-vous volé ?
deu,Dämpfen Sie Ihre Stimme!
ita,Hai un bel gruzzolo in banca.
eng,Tom has become a thief.
deu,Heimat kann man nicht vererben. Sie ist in meinem Kopf und sie ist in meiner Seele.
ita,Nessuno di loro prese parte alla riunione.
ita,"Di che nazionalità sono le tue dottoresse? ""Svizzera."""
fra,Ce n'était qu'une rumeur.
spa,"Aquí, lo único que podemos hacer es ver, oír y callar."
spa,"Para la mayoría de las personas, la sinusitis es un fastidio."
eng,Tom has to do that soon.
spa,Me ha llamado mi hermana desde Francia.
spa,¡Qué logro más notable!
eng,I spoke to Tom Monday evening.
deu,Aber was machen sie im vierten Stock?
spa,Yo lo pagaré.
ita,Non fare tante storie ed esci interrogato.
eng,It got better!
fra,Il ne faut pas se fier à ses données. Elles sont loin de la vérité.
fra,Vous n'avez pas besoin de vous y rendre.
spa,El curso de historia es interesante.
eng,I know Tom left early.
spa,¿Estás totalmente seguro de que eso no es inflamable?
spa,¿No te molesta?
spa,En tu cuerpo hay suficiente hierro como para hacer un clavo.
fra,Elle m'a accusée d'être une menteuse.
ita,E con questa mi ritiro!
deu,Er dreht fast durch vor Freude.
deu,Ich habe heute eine lange Liste von zu Erledigendem.
spa,¿Dónde aprendiste italiano?
ita,Devo prendere ciò che mi viene offerto.
fra,Tom ne voudrait pas me répondre.
ita,Se voi aveste schiacciato quel pulsante il motore si sarebbe fermato.
eng,Jessie's long hair was completely wet.
deu,Tom wuchs in einer Kleinstadt auf.
eng,There was a line for the bathroom.
spa,Compartamos el dinero.
eng,She listened patiently.
eng,I don't think I know that guy.
ita,Devo insegnarlo a Tom.
deu,Ist Thomas schon gekommen?
fra,Tom est mince.
fra,Ça m'est égal de savoir pourquoi Tom l'a fait. Mais je suis bien content qu'il l'ait fait.
deu,Bringen Sie einen Eimer Äpfel mit!
ita,Decise di farlo da solo.
ita,La tua composizione è buona come sempre.
eng,I told Tom that I was happy.
spa,Mi mejor amigo no es georgiano.
fra,Je le redis.
fra,Elle était en Kabylie.
deu,Startet gesund und munter in die neue Woche!
fra,L'air de Sydney est plus propre que celui de Tokyo.
deu,Sie diktiert einen Text.
eng,"Tom spent over three hours looking for his keys, but still couldn't find them."
fra,Il a appris le grec classique.
fra,Les plans de Tom aboutissaient enfin.
eng,Tom's hair is always greasy and dirty.
deu,Guten Abend und herzlich willkommen!
ita,Io sono a casa dei miei genitori.
ita,Volevo solo vedere come avresti reagito.
fra,"Tant que l'Islam reste non-réformé, nous ne pouvons ni ne voulons l'accepter en Europe."
fra,Je n'aime pas souffler sur un feu qui a déjà pris.
spa,Tom me ha dicho que vaya más despacio.
fra,J’aime Allah.
fra,Tu sais tout ça.
deu,Das ist gewiss.
spa,Él y yo compartimos pieza.
fra,La vérité ?
fra,"Je suis peut-être incommodante, mais tu es malaimable, et c'est pire."
fra,Il a perdu son honneur.
ita,Devi prestare attenzione all'insegnante.
deu,"Die Staaten sind Räuberbanden, wenn sie der Gerechtigkeit entbehren."
ita,Vuoi andare in Austria.
spa,La interpretación de los actores es muy buena.
ita,La prima acqua è quella che bagna.
eng,Layla fell in love with that hijab.
eng,Fadil is responsible for Layla's death.
spa,Se miran que son ricos.
eng,"Wake up, pukes!"
spa,Él vive solo en medio de la jungla.
fra,Nous sommes enfin parvenus au sommet.
deu,Hoffentlich regnet es nicht.
eng,I understood everything.
fra,Quand t'es-tu mise à écrire des chansons ?
fra,Cela ne te suffit pas ?
fra,"Si tu es fort, je suis fort."
ita,"Di che nazionalità erano i loro cugini? ""Bulgara."""
eng,They look like they're busy.
eng,My head is killing me.
fra,Je ne connais pas grand-chose à l'astronomie.
eng,Will you be home tomorrow afternoon?
fra,Elle a tout découvert ! Pauvre de moi !
deu,Bezahlt Tom Sie gut?
eng,At last! Adobe dumps this shitty Flash for mobiles.
deu,"Dies ist mein Problem, und ich werde es lösen."
ita,Non mi spezzate il cuore.
eng,Mary said it belonged to her.
eng,Let's talk business.
spa,¿Quién es el sub-gerente?
ita,Non si son spezzati come un grissino?
ita,Perché non ci ha detto che questo stava per succedere?
spa,El plazo se vence el primero de mayo.
spa,"Cada uno esforzándose, todos logrando."
fra,Je veux habiter en Italie.
spa,¿Alguien se opone a la nueva propuesta?
deu,Habt ihr jemanden schnarchen gehört?
eng,The doctor advised Tom to stay in bed and put him on sick leave for a week.
spa,Tom salió del hospital.
deu,Ich habe viel von dir gehört.
spa,Había un paquete de papeles en la mesa.
eng,I stepped aside so that he could pass.
spa,Decir es más fácil que hacer.
eng,We apologise in advance.
deu,Tom liebte es zu laufen.
eng,The teacher gave Ziri awesome grades on every test.
spa,¿Vienes con nosotras de paseo?
deu,Der Teich ist zu flach fürs Schwimmen.
eng,I want to make you think about a key point.
ita,La nasconderemo.
ita,Questo dipinto è un capolavoro dell'arte impressionista.
ita,Ceno ora.
deu,Tom und Maria brauchten beide Geld.
deu,"Maria sagte, die Ukraine sei heute ein zerrissenes Land."
spa,Toma sopa.
spa,¡Me dijo justamente lo contrario!
deu,"Er fragte mich, ob alle da seien."
eng,Tom told me he loves me.
ita,Devo iniziare a farmi delle domande.
fra,Dan n'a même pas réclamé.
ita,Marie ha sbagliato il treno.
eng,"I have some advice for you, Tom."
spa,Me muero por un trago frío.
spa,Tom me dijo que pronto se irá.
eng,Tom told everyone to sit down.
spa,No va a ser nada.
ita,Tom versò un bicchiere d'acqua a Mary.
ita,Sto facendo la lista di cose da comprare quando avrò uno stipendio.
ita,"Ho ascoltato il testimone, ma non sono del tutto convinto dalla sua versione dei fatti."
fra,Avez-vous une idée de prix de cette voiture ?
deu,"Kaum hatte ich angefangen zu arbeiten, begann es zu regnen."
ita,Con il solo talento non andrai lontano.
spa,Deme una mesa para dos cerca de la ventana.
fra,Est-ce que l'eau est tiède ?
spa,Él intentó cruzar el río a nado pero fracasó.
spa,¿Adónde ibas a la escuela?
deu,Sie ließ ihn lange warten.
deu,Tom und Maria eilten zusammen die Treppe hinauf.
deu,Wann kommt ihr zu uns?
ita,Non pensavo di essere capace di queste parole.
spa,Ella le tiene un gran miedo a las serpientes.
eng,It seems like Tom and Mary are in love.
spa,"Para muchas personas, los insectos ruidosos son una molestia, pero para otras son comida."
fra,Je préfère les matières simples.
fra,Protège Tom.
deu,Herr Smith verklagte sie auf Schadensersatz.
spa,"Por favor, escribidme una carta en cuanto lleguéis."
fra,Payez ce que vous voulez.
eng,Tom hasn't apologized to Mary yet.
eng,I think Tom could have done that without your help.
fra,Tatoeba travaille sans hâte et avec lenteur.
spa,El futuro no será de ellos.
fra,Ils n'ont pas raté leur train.
ita,Dan non si è nemmeno preso la briga di rispondere.
fra,J'ai oublié de verrouiller le stock.
ita,Cosa dovremmo dire alle altre?
ita,"Di che nazionalità erano le sue studentesse? ""Brasiliana."""
eng,The study of philosophy belongs to the humanities.
eng,Everyone speaks well of him.
spa,Yo tengo mucha más experiencia que Tom.
eng,"What did you think of the film? ""I thought it was brilliant. I really liked it."""
deu,Des Nachbarn Henne legt immer größere Eier.
spa,"Bueno, ¡no lo sé!"
spa,Los nombres de ellas se me han olvidado.
deu,Diese Rose ist wunderschön.
spa,Tom toca el cello con una de las orquestas locales.
eng,Tom was just as excited as Mary.
eng,Tom can go first.
fra,Il est brillant à l'école.
eng,Tom wanted to turn over a new leaf.
spa,Ella llegó al hospital a las dos de la madrugada y murió ocho minutos después.
fra,"Non, personne ne le connaît."
ita,Non vai a costruire scuole in Brasile.
deu,"Wusstest du nicht, dass Schildkröten Eier legen?"
ita,Vorrei parlare con lui.
deu,Warum sollten wir dir folgen?
ita,Che cosa vuoi da lui?
fra,Je ne vous aime pas et je ne vous ai jamais aimés.
eng,Where do the elves live?
fra,Tom est autorisé à manger tout ce qu'il veut.
fra,J'ai envoyé le paquet par avion.
spa,¿Has elegido un tema?
fra,La variole était inconnue des Amérindiens.
eng,They worked at a local shop.
eng,Is that all you can say?
spa,Tom no pudo tomar una decisión inmediata.
eng,Simply calling Trump a friend won’t cut it.
eng,Tom told me he thought that Mary was shocked.
eng,Tom ran downstairs to see what the matter was.
eng,Tom didn't want to get involved.
ita,Spinsi Tom nell'acqua.
eng,Instructional videos are a key component of many online courses.
ita,Mi disse che era un poeta.
spa,Nos dieron mucho que comer.
spa,Repósese.
spa,"Dijo luego Dios: ""No es bueno que el hombre esté solo. Voy a hacerle una ayuda adecuada."""
deu,Orangen sind nicht so günstig wie Bananen.
eng,Can we afford to take the chance?
deu,"Welches Buch ist älter, dieses oder jenes?"
deu,Das Wort „Planet“ geht zurück auf das altgriechische Wort für „Wanderer“.
eng,He said his hands were cold.
fra,Comment l'anthropologie du numérique étudie-t-elle les cultures virtuelles émergentes ?
deu,Auf den Köpfen der Pferde flatterten farbenprächtige Federbüsche.
fra,La plupart des gens qui habitent à Munich parlent couramment le bavarois.
deu,Tom hat mir frohe Weihnachten gewünscht.
deu,Tom ist der Gewinner.
ita,Andiamo a costruire autostrade in Irlanda del Nord.
deu,Ein einsamer Junge las bei einem schwachen Feuer.
deu,Darf ich Ihnen noch eine letzte Frage stellen?
eng,You'd do the same thing if you were me.
ita,Vai a costruire basi militari in Francia.
eng,You may come and go at will.
deu,"Es gibt darin einige Druckfehler, doch im Ganzen gesehen ist es ein gutes Buch."
ita,Non vanno a costruire mausolei in Irlanda del Nord?
fra,Cela vous dérangerait-il de fermer la porte ?
eng,You're not good at telling scary stories.
deu,Er glaubte mir nicht.
deu,Tom ist kein japanischer Staatsbürger.
deu,"Wenn ich in meiner Jugend fleißig gewesen wäre, dann wäre ich jetzt erfolgreich."
deu,Was halten Sie von der Firma?
spa,Haré lo que quiera.
eng,"A cup of tea and a biscuit, please."
deu,"Wie fandet ihr die Krawatte, die Tom trug?"
spa,Había una vez un gran castillo en la colina.
ita,Tom sa dov'è Mary?
fra,L'avant du bus n'était pas bondé.
spa,"Si hubiese tenido tiempo para hacerlo, lo habría hecho."
fra,Que vous parlez bien l'anglais !
eng,No one likes being called stupid.
fra,Les saumons remontent le courant pour frayer.
eng,Time doesn't stop.
eng,Road humps may be placed across the road to slow traffic.
eng,He hit a wall.
fra,"Plus nous apprenons, plus nous oublions."
spa,Se la habéis entreverado.
eng,James is still stuck here.
spa,Ella intenta estar al corriente de las últimas tendencias de la moda.
fra,Est-ce ta chatte ?
deu,Letzte Woche hat man euch hier gesehen.
fra,Je ne lui ai pas demandé son avis.
deu,Die Regierungskoalition rückt von der planmäßigen Umsetzung ihrer energiepolitischen Ziele ab.
spa,No sabemos a lo que nos enfrentamos.
eng,Diego was pacing outside the store.
ita,Tom è piuttosto sordo.
fra,Fie-toi à moi là-dessus !
deu,Gestern hatten wir schlechtes Wetter.
ita,Io sto vincendo.
deu,Dein Sohn ist ein Engel.
eng,"We will retire early tonight, and perhaps things may seem more cheerful in the morning."
fra,Est-ce la mienne ou la tienne ?
deu,"Sie rief ihn an und bat ihn, zu ihr zu kommen."
eng,Mary didn't complete her degree.
fra,Un poisson aime l'eau propre.
eng,Cheryl loves to blag about how important she is at work.
eng,I promise I'll talk to him.
ita,Non credo nella vostra religione.
fra,Pourquoi êtes-vous si distant ?
deu,Dieses Buch ist nur in einem Geschäft erhältlich.
spa,¡Guau! ¿Has visto la última historieta que le han publicado a Serafina? ¡Es mundial!
ita,In generale evito questo argomento.
fra,Nous avons un grand chien.
spa,"Si eres constante estudiando francés, acabarás hablándolo en un par de años."
eng,My friends won't talk to me.
ita,La vita è solamente una ciotola di ciliegie.
fra,Tu devrais goûter la figue sèche là maintenant.
eng,Adriano pointed towards Rima.
deu,Hat Tom gestern nicht mit dir gesprochen?
fra,Je rêve d'aller au Japon.
fra,Elle a trouvé la clé.
spa,¡Mira! ¡Un platillo volador!
deu,Maria saß im Schneidersitz auf dem Bett.
deu,In Wahrheit ist es besser zu lügen.
deu,Tom schlürfte noch einmal an seinem Kaffee.
eng,What do you think the hardest thing about parenting is?
ita,Tom ha trovato un'oasi.
spa,¿Te has hecho mechas en el pelo?
spa,¡Mira lo que me trajo ella para mi cumpleaños!
ita,Abitano in una casa circondata dal verde.
deu,Man hat uns vergessen.
eng,I was betrayed and treated barbarically.
eng,Mary said she doesn't think Tom should do that anymore.
spa,Él nunca se queda por mucho.
deu,Tom mischte die Karten.
deu,"Das Awarische, das die Awaren sprechen, gehört zur nordostkaukasischen Sprachfamilie."
fra,N’oublions pas Tom.
spa,"Ésta es mi letra, pero yo no he escrito esto."
eng,Tom and Mary swore that they'd do that.
eng,"Give me a coffee, please."
ita,Noi dovremmo agire rapidamente.
deu,"Einige der größten Deutschen, darunter Goethe, Beethoven, Mozart und Einstein, waren Linkshänder."
fra,Je me suis figurée que vous ne veniez pas.
fra,Nous chanterez-vous des chansons anglaises ?
ita,Quale sarebbe la natura delle frasi incluse in un'edizione concisa ed essenziale di Tatoeba?
spa,¿Hace alguna escala este vuelo?
spa,Me gustaría aprender a bailar.
eng,Are you sure Tom won't be here?
ita,Io ho letto un libro oggi.
ita,Quello è Natale!
spa,La vida está llena de decisiones difíciles.
spa,"Si hubieras estudiado más duro, habrías aprobado."
fra,Elle joue de toi comme un chat d'une souris.
ita,Rispetto la sua opinione.
spa,Las grasas trans son perjudiciales a la salud.
spa,El amor es como el sarampión. Todos tenemos que pasarlo.
deu,"Aber drei Millionen ist alles, was ich habe, sagte Dima. ""Nicht mehr und nicht weniger."""
spa,Nosotros disparamos a un ciervo.
eng,Tom doesn't want to be rich.
deu,Ich will im Leben etwas erreichen.
spa,Sé que me mentiste el otro día.
deu,"Hör auf, Unsinn zu reden, und konzentriere dich auf deine Arbeit!"
eng,Algeria is not a monarchy.
spa,Me arden los ojos.
spa,La última planta es un ático.
eng,We took plenty of photos to capture the moment.
ita,La ragazza che sta suonando il pianoforte è Akiko.
fra,Et si on allait voir un film ce soir ?
spa,«¿Cómo de grave está Tom?» «Se teme lo peor.»
fra,Mon oncle était déjà de santé fragile ; la méningite est venue alourdir cette épreuve.
ita,"Dove andremo fra un mese? ""In Russia."""
deu,Ich muss zur Schule laufen.
spa,Apaga la puta música.
eng,You've certainly been busy.
eng,Tom is going to lose his job.
eng,I want to talk with the manager about the schedule.
ita,Non siamo prudenti.
ita,Io penso che Tom sia uno squilibrato.
fra,Émilie ne me giflerait jamais.
ita,Me li dai tu i cinque euro!
deu,Sollte ich vor Ihnen Angst haben?
ita,Non sei indispensabile.
eng,The child was exceptionally intelligent.
deu,Ich will das andere.
spa,Me molesta la gente importuna.
deu,"Es ist überhaupt nicht selten, länger als neunzig Jahre zu leben."
eng,I'm not trying to impress him.
ita,Lei ha già finito di fare i compiti?
fra,Tom danse bien.
ita,Apriva.
ita,Avete fatto portare la cassa al primo piano.
fra,Nous avons vraiment beaucoup en commun.
eng,Do you know what Tom's favourite colour is?
eng,Please tell me where I should start.
spa,¿Quieres que te cante una canción mientras te acaricio?
deu,Ich sage das immer.
eng,Tom had the whole campsite to himself.
eng,I told Jane how to get to our school.
eng,The river was formerly navigable throughout its course by small craft.
deu,Er strebt stets nach Vollkommenheit.
deu,Tom ist anders.
spa,No voy a dejar que me avasallen.
deu,Tom nahm eine Abkürzung.
fra,Le turc est une langue turcique.
ita,È potente.
eng,Does Tom know how to do that?
ita,Io avrei dovuto tenere la bocca chiusa.
deu,Das ist mein Lieblingslebkuchenplätzchenrezept.
spa,Es usted muy amable.
eng,They're not as rude as they used to be.
spa,"Las obras empezaron el año pasado, pero el edificio va a estar listo el año que viene."
fra,Une personne intelligente ne dirait rien.
spa,El cantinero echó a Tom del bar.
deu,"Haben Sie daran gedacht, sich bei Tom zu bedanken?"
ita,Tu vendi uova al mercato.
eng,I'm ready to do anything.
fra,Qui est la dernière ?
eng,I'm fearless.
deu,Ich bin nun glücklich!
fra,Il n'est pas à mes mesures.
fra,Qui d'autre veux-tu dans ton équipe ?
ita,Io approvo il vostro piano.
spa,"De repente, mi computadora dejó de funcionar."
eng,Ziri doesn't want to ruin Rima's life.
spa,Creo que esta noche va a helar.
eng,I don't like the skirt you're wearing.
ita,Capiterà prima o poi!
deu,Er ist bei seinen Kollegen beliebt.
eng,This is a highly recommended restaurant.
fra,Allez-vous construire des autoroutes en Suède ?
fra,Elles ont été bien accueillies.
deu,Er kommt immer pünktlich zu einer Verabredung.
spa,Ustedes no la han amarrado
spa,¿Lo aprueban?
deu,"Je älter man wird, desto schwächer wird das Gedächtnis."
deu,Das ist dringend.
ita,Noi giocavamo spesso a scacchi.
eng,I'm having a kid.
fra,Il ne veut pas voir ça.
spa,Transcurrieron dos semanas.
spa,¿Cuál es tu metáfora favorita?
fra,Ils me l'ont traîné.
spa,Yo tengo un resfriado.
deu,"Mir gefällt nicht, was aus euch geworden ist."
fra,Cela faisait si longtemps qu'il cherchait un jeune à qui transmettre son expérience et son savoir.
spa,¿Crees que todavía me ama?
fra,Je devais aller à Boston.
fra,Pourquoi veux-tu savoir mon nom ?
deu,Enttäuschen Sie uns nicht!
spa,Está prohibido adelantar en un túnel.
deu,"Warum glaubst du, dass Tom dich gerne hat?"
ita,Sedevamo su una panchina vicino al lago.
eng,Someone gave Tom a car.
spa,Despegad inmediatamente.
spa,Las computadoras personales son de gran utilidad.
ita,Vedono un'altra barca che entra in porto.
ita,"Di che nazionalità erano i vostri insegnanti? ""Azera."""
spa,¿Entiendes todo?
deu,Wie kann Tom das nicht einsehen?
ita,Prenda la scatola.
ita,Sono entrambe brave insegnanti.
eng,Are we done?
fra,"Un dollar vaut plus ou moins 1,60 réaux."
ita,Sei molto curioso.
ita,Posso insegnarti a guidare.
ita,Tom aveva alcune domande.
spa,Estuvo en cuidados intensivos casi 2 meses.
fra,Elle et sa sœur vont venir nous rendre visite demain.
eng,I'm almost certain Tom will ask Mary to the prom.
deu,Das schaffe ich ohne dich.
fra,Il lui a acheté du chocolat.
fra,Combien d'argent avez-vous sur vous ?
fra,C'est l'occasion parfaite !
spa,Siempre soy el primero en llegar.
eng,Her fingers were trembling.
eng,His disease is contagious.
spa,Sólo la intención cuenta.
fra,À peine le temps change-t-il que je deviens malade.
deu,"Die Frau hatte getan, was sie tun musste."
spa,He aprendido inglés durante cinco años.
deu,Trink noch eine Tasse Kaffee.
deu,Grüß bitte deine Eltern.
deu,"Tom ist bereit, uns zu helfen."
fra,Dites-leur pourquoi.
spa,Tomás es neurólogo.
fra,Il tire la porte pour l'ouvrir.
spa,Sé todos los cuentos.
eng,I'm tired. I'm going to lie down.
deu,Warum hat sie das getan?
fra,L'ingénieur contrôle commande travaille sur les systèmes de contrôle.
deu,Meine Frau spricht oft mit den Pflanzen.
ita,Io non penso che a Tom piacerà questo posto.
eng,Everyone on the beach was drinking beer.
ita,Perché non ha chiamato la polizia?
deu,Geht es dir jetzt ein bisschen besser?
eng,The markings on the trees could have been made by animals.
deu,Die Verkäuferin trägt eine Kiste mit Birnen.
fra,Je vis avec ma maman maintenant.
fra,J'ai tellement faim.
ita,"Mary lo faceva molto, vero?"
deu,"Wenn ich es gewusst hätte, wäre ich nicht gekommen."
eng,I was an accountant before I became a teacher.
eng,Tobias should remove Isabella's comment and block her account.
fra,Combien la musique est-elle importante dans ta vie ?
eng,Do Tom and Mary cry a lot?
spa,Me gustaría vivir en Francia.
fra,Elle s'est régalée de deux œufs à la coque.
fra,Sont-ils tous là ?
spa,Robert es brasileño. Su padre es canadiense.
fra,Vous devez faire l'exercice en employant le style indirect.
fra,Je veux le faire par moi-même.
deu,"Du bist brav, oder?"
fra,Les cieux ne se trompent pas.
eng,Food processors tend to be shorter and wider than blenders.
ita,Qual è la posizione di Tatoeba sullo slang?
fra,N'était-ce pas jolie ?
ita,Tom ha messo il suo portafoglio sul tavolo.
spa,Ayer vi un gran insecto negro cruzando rápidamente la carretera. Resultó ser un grillo.
fra,Youba était aimé de tous.
spa,El rey Darío fue derrotado por Alejandro Magno.
eng,Ziri didn't say anything to the other.
ita,"Avevo pensato ad una soluzione alternativa, per sentirsi più liberi."
spa,Me dejaron solo.
deu,"Ich ziehe es vor, die Wahrheit zu wissen."
ita,Questa è vecchia.
fra,Je ne me suis jamais sentie ainsi vis à vis de quiconque auparavant.
fra,Je suis impatient d'être à la maison et de dormir dans mon propre lit.
eng,Are they waiting for us?
ita,Ho visto il certificato di nascita di Tom.
ita,Non vai a costruire università in Regno Unito?
eng,Skura came upstairs.
eng,My room must be a mess.
deu,"Man kann nicht gut erkennen, was es ist."
eng,I don't think Tom is a Canadian.
eng,Tom said he had a birthmark.
deu,"Es ist meine Aufgabe zu miauen, nicht deine."
eng,Tom knew that Mary was dead.
deu,Der Wind nimmt zu.
eng,I met them a few weeks ago.
fra,J'admire son éthique au travail.
deu,"Ich wüsste nicht, welcher Ort geeigneter wäre für ein Picknick."
fra,Ça fait trois ans depuis l'accident.
eng,Yanni will be held accountable.
fra,Chacun a soif d'amour.
deu,Hier sind mindestens 500 Studenten.
deu,Man darf nie die Hoffnung aufgeben.
eng,Tame birds dream of freedom. Wild birds fly!
ita,Ci sono stati diversi cambiamenti nei campi della cultura e dello spazio.
ita,Mangia solo per sopravvivere.
fra,Il changea son opinion au fil du temps.
ita,La sua spiegazione non era soddisfacente.
fra,Tom est asthmatique.
deu,Meine Mutter hat zwei Brüder.
eng,Tom needs to do a bit of shopping.
deu,"Ich weiß es, aber ich sage es nicht."
fra,Que cette soupe est salée !
eng,Maintain a healthy state of mind.
deu,Er schätzt die japanische Kultur.
eng,"Since our wedding, we've had nothing but problems."
fra,Sacré maquereau !
deu,Deine Berührung hat die Sanftheit eines Gedichts.
eng,I'm sure Tom won't want to go fishing with us.
spa,La escultura es un arte superior.
fra,Je me sens bien ici.
deu,"Ich hätte mich zwar einschalten können, aber ich zog es vor, es seinzulassen."
ita,Avete una famiglia o degli amici dove potreste fermarvi?
ita,Domani mattina farò questa cosa per prima.
fra,Je n'achète aucun livre.
ita,Ha piovuto questo pomeriggio.
deu,Ich habe keine Flugangst.
deu,Über meinem Schreibtisch hängt ein gerahmtes Foto meiner Familie.
eng,They immediately began arguing about many issues.
spa,El clima no era favorable para nosotros.
ita,"Se lasciassi questa città, perderei tutti i miei cari."
spa,La computadora es un invento relativamente reciente.
eng,What'll Tom do when he gets to Boston?
spa,No me involucres.
deu,Das ist kein gutes Beispiel.
ita,A Tom è stata amputata la gamba sinistra.
spa,"Cuando el marido de Mary murió, ella tuvo ganas de suicidarse."
spa,Esa no es mi intención.
eng,She decided to join Nuja in the ambulance.
spa,El cierre no quiere abrir.
spa,Tom no nos puede ver.
deu,Gewaltsucht wird von Ärzten unter dem Begriff „Tschetschenien-Syndrom“ untersucht.
deu,Wen zeichnen Sie?
ita,Faresti meglio a farlo presto.
fra,Elles se dissimulèrent dans l'ombre.
deu,Ein Teil dieser Überzeugung wurzelt in meiner eigenen Erfahrung.
deu,Selbstverständlich werde ich Ihnen jede erdenkliche Unterstützung gewähren.
deu,Der Adventskranz kommt eigentlich aus Hamburg.
spa,Ellos son nuestros invitados.
spa,Él pasa su tiempo libre en Internet.
eng,Tom is a neighbor of Mary's.
eng,She no longer loves him.
fra,"Hé, ne touchez à rien !"
ita,Sapete perché vi ho fermate?
deu,"Es wird einige Zeit brauchen, das Vertrauen zurückzugewinnen."
deu,Tom redet nicht gern über seine Arbeit.
ita,Manca un nesso logico alle parole di Tom.
deu,Sie kommt nicht immer zu spät.
ita,Venite presto domani.
ita,Tom è ancora ufficialmente in carica.
ita,Non andiamo a costruire strade in Niger?
ita,Io vorrei ordinare da bere adesso.
deu,Du siehst mit Schnurrbart besser aus.
fra,"Comme c'est souvent le cas avec les personnes âgées, mon grand-père se lève tôt."
eng,Some people believe they can become rich without having to work.
fra,Je demanderai à Tom d'attendre.
eng,I could not refuse.
fra,Ils veulent faire ce qui leur plait.
ita,George ha calcolato il costo del viaggio.
eng,He took her car keys away from her.
eng,Jonas turned off the fan for a minute and listened.
ita,Mi dice molto questo.
fra,"À l’extérieur du Tibet, la situation est différente."
fra,Tu as une idée de ce qu'il s'est passé ?
deu,Tom hat nur ein Geschwisterkind.
eng,Sami saw Layla pouring something in his drink.
ita,Non vai a costruire arene in Bulgaria?
deu,Er nahm aus Versehen den falschen Zug.
deu,"Ich halte es für wichtig, daß du die Frage beantwortest."
eng,My father spoils me.
eng,I feel a tingling in my hand.
ita,Non vai a costruire palestre in Albania?
fra,"Lorsque vous naviguez sur la toile, vous pouvez être pistés par des sites."
fra,Il est riche. Tu devrais essayer.
eng,I'm out here.
eng,I enjoy playing doubles with Tom.
spa,"¡Apenas vine lavé los platos, entonces cómo es que me pides que me vaya!"
fra,Le professeur a parlé de théories mathématiques.
spa,No tengo un toque de queda.
ita,Io ho letto il New York Times.
eng,Tom got busted.
fra,Je suis la personne la plus paresseuse que je connaisse.
spa,¿Irá contigo?
deu,Er tat Zitronensaft in seinen Tee.
deu,Wie viele Einladungen haben Sie verschickt?
deu,Die Ziege meckerte.
fra,C'est lui qui s'est distingué parmi eux.
deu,Wissen sie von uns?
eng,Tom and Mary are probably still difficult to get along with.
ita,Hanno sempre il sorriso sulle labbra.
deu,Ich werde wenig später zurückrufen.
spa,Me encanta todo lo que se hace Ángela en el pelo.
deu,"Genies beherrschen das Chaos, nur Dumme halten Ordnung."
eng,We're good students.
deu,"Wen glaubst du, reinlegen zu können? Hör auf, dich selber zu verarschen!"
deu,Sie hat mir zwei Stoffstücke geschenkt.
fra,Vilain chat !
ita,Ricordo di aver letto il libro.
deu,Das hat noch niemand gekonnt.
deu,Der Hafen ist zugefroren.
fra,Quelques personnes vinrent au cours.
ita,Abbiamo costruito una piccola casetta per l'anatroccolo nel nostro giardino.
fra,Il le lui a déposé au dessus de l'armoire.
eng,I didn't know you were that kind of person.
fra,Il a recherché son chat perdu toute la journée.
ita,Lo sta aiutando con la sua ricerca.
ita,Non andate a costruire birrerie in Svezia.
fra,Elles sont collées.
eng,Would you like another sandwich?
fra,Ignorez cela.
spa,¡No hay que poner el carro delante del caballo!
deu,"Das vegetarische Menü, bitte."
eng,Mennad doesn't care what other people say about him.
ita,Mi preferivi tutto sudato?
fra,Peux-tu commencer demain ?
deu,Gebt das Land zurück!
fra,"Dites-moi ce que vous mangez, je vous dirai qui vous êtes."
fra,Pourquoi ne t'occupes-tu pas de tes oignons ?
fra,Tu as réussi à me battre.
fra,M'a-t-on mentionnée dans l'article ?
ita,Non c'è alcuna scelta.
fra,Le cours des actions a baissé pendant cinq jours de suite.
eng,Tom and Mary both have bikes.
eng,How many calories do teenagers need?
fra,Tu l'as tué.
ita,C'erano scatole ovunque.
spa,¡Mucha suerte con tu doctorado!
eng,Mary put new locks on all her doors.
deu,"Die Heilige Schrift wurde von einem Pastor, lutherischen Priester, unterrichtet."
fra,Je leur téléphonerai.
deu,Tom hat nicht viel Vorstellungskraft.
fra,Il a été blessé durant l'accident.
eng,Traffic accidents frequently happen here.
spa,El papá de mi mamá es mi abuelo materno.
fra,Elle les lui a troué avec des clous.
spa,¿Por qué dijiste tal estupidez?
eng,Official approval is needed.
ita,Nessuno mi conosce come mi conosci tu.
eng,He is the head chef of the restaurant.
fra,Avez-vous raison ?
fra,Combien font quarante moins vingt ?
spa,Apunté su nombre y dirección.
spa,Él no estaba consciente del peligro.
fra,Elle nous fait une crise de la quarantaine.
spa,Ellas lo trataron como basura.
spa,Hay muchos monos en el parque.
ita,Ogni istituzione ha un proprio regime interno.
spa,Tom tiene reputación de nunca dejar a nadie más decir nada.
fra,Non ! Tout sauf ça !
deu,"Sie tut so, als wüsste sie alles."
spa,¿Qué te apetece comer?
spa,Alguien te está mirando.
fra,J'en suis content.
ita,Ha convinto l'insegnante.
eng,It was yesterday that she went.
spa,¿Por qué no se lo preguntas a él?
deu,Jeder darf etwas beitragen.
ita,Sono orgogliosa dei miei figli.
deu,Wie viel Geld hast du Tom gegeben?
deu,"Maria sagte, sie kenne dich nicht."
eng,Those who don't feel Algerian should just leave the country.
fra,Est-ce que leurs parents résident en Afrique ?
eng,I use as much Berber as I can.
ita,"Se vedete una persona sospetta, informate la polizia, per piacere."
fra,On ne discute pas avec la mort.
spa,"Dejasteis la ventana abierta mientras llovía; ahora, toda la habitación está mojada."
deu,Tom hatte sich als Vampir verkleidet.
spa,"Ahora mismo mi deseo es estar junto a ti para siempre, dijo el conejito negro."
deu,Gestern hat Tom zum ersten Mal vor Publikum gespielt.
spa,Tom ahora está en Nueva York.
eng,Ziri jumped on Rima furiously.
spa,El dinero es todo.
deu,"Ich habe ihn getroffen, wie er in die Stadt ging."
ita,Non vai a costruire templi in Lettonia.
deu,Tom wird oft auf Feiern eingeladen.
eng,"You come back soon, OK?"
spa,Contemplé el mar durante horas.
fra,Il m'a offert une montre de luxe en or.
ita,Tom non ha specificato cosa voleva.
spa,¿Ella me está engañando?
ita,Non posso muggire come una vacca. Io sono una giumenta!
ita,Hai lanciato del sale?
fra,Tu ne peux pas avoir le poste.
ita,La camera aveva un cattivo odore.
spa,Se consagró a los estudios lingüísticos.
ita,Mi sento responsabile per tutto.
ita,Avrò finito fra qualche minuto.
deu,"Tom wünscht, dass er Französisch so gut sprechen könnte wie Englisch."
eng,Can you imagine what our life would be like without electricity?
eng,I'm sure Tom won't want to do that today.
spa,"Guadalquivir, en árabe, significa río grande."
spa,Mi computador portátil dejó de funcionar.
deu,Letzte Nacht um drei ist sein Herz einfach stehengeblieben; dabei ging es ihm schon viel besser.
fra,C'est un écrivain et un poète.
spa,Ellos comenzaron a maldecir violentamente.
ita,Sami insegnò a Layla tutto quello che sapeva.
eng,"She wanted to say something to him, but didn't know what to say."
deu,"Es ist zwei Jahre her, dass sie mich verlassen hat."
spa,¿Qué coletero crees que debería ponerme?
spa,Tom puede jugar muy bien tenis.
spa,Siempre me mareo cuando vuelo.
ita,Tom non è ancora qui.
deu,"Die Hunde erinnerten sich an ihn und freuten sich, ihn zu sehen."
spa,Nuestros ojos nos engañan.
eng,I haven't had time to thank you properly.
eng,Tom said that he'd try to make it to our party tonight.
eng,This book is sold here.
eng,Tom doesn't have these problems.
deu,Im Winter fliegen die trockenen Blätter in der Luft herum.
eng,May I have a pair of contact lenses?
fra,As-tu peur d'elle ?
ita,"Era una grande autorità in astronomia, ovvero la scienza dei corpi celesti."
deu,Diese Menge erinnert mich an die Straßen von Tokio.
deu,Du hast wohl eine Landkarte zu meinen erogenen Zonen.
deu,Sie schert das Schaf.
ita,"Non hai notato niente? - ""No. E allora?""."
deu,Sein Regime wird bestimmt zusammenbrechen.
deu,Das Boot hat einen Ankerplatz im Hafen.
deu,Tom hält es.
fra,Tu dois faire montre de respect à tes invités.
ita,È troppo caldo! Il pupazzo di neve scomparirà presto!
spa,¿Le pertenece a tu padre?
deu,Ich knete den Teig durch.
spa,Los cristianos no eran bien vistos en aquel tiempo.
deu,Tom sagte Gutes über seinen Freund.
fra,Ils font rire tout le monde dans la tribu !
eng,I can't ever find time to read.
eng,Why was I never told?
eng,Please book me a room in a first-class hotel.
ita,"Di che nazionalità erano le tue insegnanti? ""Canadese."""
fra,Je téléphonerai à Tom demain.
ita,Ho cercato di fare in modo che Tom aiutasse Mary.
deu,"Ich verspreche dir, daß ich mich ändern werde."
fra,C'est difficile de vivre sans une maison.
deu,"An eurer Stelle würde ich bleiben, wo ich bin."
ita,Ha baciato bene?
fra,"Restez calmes, s'il vous plaît !"
fra,Je ne suis pas flic. Je le promets.
deu,Früher wurden Nachrichten mit Brieftauben verschickt.
spa,Los teletubbies me dan asco.
spa,Creo que ella está interesada en vos.
fra,Il répond anonymement à ce questionnaire.
eng,Mary said she knew Tom might not need to do that.
eng,Are you good at dancing?
fra,Je fis ce que chacun fit.
fra,Elles le leur ont fondu.
deu,Ich habe drei Monate in Australien gelebt.
eng,We're going to talk about the bombed the hospital on the show.
eng,Sami and Layla were yelling at each other.
spa,Los alumnos tuvieron que realizar cuatro pruebas en un mismo día.
ita,Tutti i miei sforzi sono stati vani.
spa,Bebé.
deu,Ich bin beim Betreten des Hauses über die Fußmatte gestolpert und hingefallen.
spa,"Si un hombre dice que no tiene miedo de morir, o está mintiendo o es un Gurkha."
eng,Tom and Mary said they plan to stay in Boston.
ita,Tom ha perso il portafoglio.
deu,Kennt jemand Toms Familiennamen?
eng,Taking care of my family's health is a constant concern on my mind.
eng,I think it wouldn't be easy to do that.
fra,Ils réfléchissent tous.
spa,¿Un día la gente solo se morirá de vieja?
ita,L'ho osservato.
deu,Sie starrte mich an.
ita,So che odia i funerali.
ita,"Occhio per occhio, dente per dente."
deu,Wir müssen auf Nummer sicher gehen. Ich werde alles noch einmal überprüfen lassen.
deu,Das Kind von Tom döste auf dem Sofa.
eng,Sami was surrounded by girls.
eng,I don't speak Taiwanese.
spa,Es difícil predecir cómo estará el tiempo mañana.
eng,"The man on the phone told me that if I don't pay the ransom, I'll never see my little Johnny again!"
eng,I don't think that I like Tom's suggestion.
fra,Je soupçonne sa femme de le tromper avec le facteur.
ita,Questo orologio subacqueo è un po' troppo caro.
spa,¿Cuándo haces los deberes?
ita,Mary non invitò Tom alla sua festa.
fra,Vous voulez boire quelque chose ?
ita,La conoscete di persona?
eng,Tom must love Mary.
deu,Kann ich Sie nach Ihrem Namen fragen?
ita,Io vado a pescare ogni settimana.
fra,Tu n'as pas changé d'avis.
deu,Der Beamte gestand mir seinen Fehler.
eng,I am acquainted with him.
spa,Llegará a Tokio a principios del mes que viene.
deu,Ich akzeptiere kein „Nein“ als Antwort.
ita,Una persona chiamata Miller vuole vedervi.
ita,Sei una traditrice.
deu,Ich wohne in der Nähe eines alten Buchladens.
ita,Tu sarai così felice qui.
eng,I heard about that murder.
deu,Wo muss Tom das machen?
ita,Sono sicura che Tom andrà.
fra,Dis-lui de venir ici tout de suite.
eng,These shoes cost me the paltry sum of ten euros.
deu,Wo ist dein Zwanziger? Ich gebe dir fünf Dollar dafür.
deu,"Er sagt, dass er nicht singen könne."
spa,Estoy felizmente casado.
eng,That's exactly what Tom said.
ita,Fili!
ita,Lui è più grande di tutti gli altri ragazzi.
fra,Elles ont tenté de s'échapper.
ita,Rimane un po' di vino nella bottiglia.
fra,Il est en train de viser.
deu,"Tom weiß, wer seinen Hund getötet hat, aber er will es uns einfach nicht sagen."
ita,Afferma di non averlo fatto.
spa,No les pido consejo.
ita,Tom non mi ha chiesto di fare nulla.
spa,Podrías recibirlo gratis.
ita,Questa canzone è nota a tutti.
deu,"Tom wollte nicht, dass wir das erführen."
spa,Huele a carne chamuscada.
ita,"Quando ho realizzato che stava piovendo, ho preso il mio ombrello."
spa,Tom convenció a Mary para que no se casase con John.
spa,Nicosia es la capital de Chipre
fra,Mettons notre maison en ordre.
deu,Er war ein Mann: nehmt alles nur in allem; ich werde nimmer seinesgleichen sehn.
ita,Io penso che dovremmo ridipingere questa stanza.
fra,Elle est difficile à voir.
ita,Le ragazze presenti subirono un trauma.
fra,Nous sommes rentrés à la maison.
eng,It must keep on raining.
eng,Tom said he didn't want to watch TV.
eng,Is that the whole picture?
fra,Faut croire.
spa,Agradezco lo que estás intentando hacer.
deu,Musst du unbedingt so früh staubsaugen?
eng,"Its principal exports are iron ore, rubber, diamonds, and gold."
spa,La obra utiliza el mismo juego de notas en los movimientos uno y cuatro.
fra,Je vais vous donner un conseil à ce sujet.
eng,Tom explained it to Mary.
fra,Tchin-tchin !
spa,Hay que saber quién vende.
deu,Um fünf Uhr ist immer viel los.
fra,"J’ai lu un livre sur les usages et coutumes à travers l’histoire, c’était vraiment captivant."
eng,His face was reddened by the sun.
deu,"Ich wusste auch nicht, dass du hierherkämest."
ita,Lascerà un messaggio?
spa,"Si no tienes nada que hacer, mira el techo de tu habitación."
deu,Das Tennisspielen hat uns Spaß gemacht.
deu,"Ich glaube nicht, dass das klappen wird."
fra,La cause de la mort n'a pas été indiquée.
eng,I was pretty late.
deu,Tom scheint jetzt beschäftigt zu sein.
spa,Es un libro de lectura difícil.
spa,Repliquemos.
ita,Perché avete portato il vostro ukulele?
eng,Algeria will never be divided by a bunch of extremist sociopaths.
ita,Il film ha perso tanto senza di lei!
deu,Meine Kinder essen am liebsten Spätzle mit Soße.
spa,El perro es listo.
eng,I try to explain.
fra,Je suis jaloux de lui ; tu l'aimes plus que moi.
spa,Eso es más que estúpido.
fra,Un cercueil est une boîte dans laquelle on met le corps d'un mort.
fra,Et pourquoi ferions-nous une chose pareille?
deu,Das Problem befindet sich im Motor.
deu,Tom hat mich zu einer Party bei sich zu Hause eingeladen.
ita,Mary nacque a Boston e crebbe lì.
spa,¿Cuál será la auténtica sabiduría?
spa,Todavía no le he dado el dinero a Tom.
eng,You can speak roughly forty different languages.
fra,J’ai été induite en erreur par ce test de grossesse.
deu,Tom schlief noch.
deu,"Tom braucht eine Ablenkung, um auf andere Gedanken zu kommen."
fra,Attrapez !
deu,Lass uns tanzen.
eng,"The flash wasn't working, so he couldn't take a picture in the dark."
deu,"Böses kommt geritten, geht aber weg mit Schritten."
eng,Tom's last girlfriend was Russian.
spa,Casi saqué todo el puntaje.
spa,Tom no tenía ganas de sentarse por dos horas en un cine.
ita,Tom fece un errore stupido.
fra,Elle n'a pas de raison de vous sermonner.
fra,"Tu fais une de ces têtes, mon vieux !"
ita,C'è qualcosa da lavare?
fra,Elle connaît très bien ta mère.
deu,Er arbeitet sonntags.
deu,"Unser Lehrer sagte uns, was wir lesen sollen."
spa,No ves que te está timando. ¡No hay peor ciego que el que no quiere ver!
ita,Larga la foglia stretta la via non dir la tua che basta la mia.
spa,Creo que no soy lo bastante alto para llegar a la última balda.
ita,Riesce a venire anche lui?
ita,Avete delle buone idee.
spa,Sujeta la vela.
ita,Io studio in biblioteca.
fra,Dieu sait la réponse.
eng,How do you spend your time now?
spa,Yo creía que tenías razón.
deu,Ich werde ihn sehen.
fra,"Dans la tempête, on ne choisit pas son port."
deu,Einen solchen Anblick haben wir selten gesehen!
ita,Tom ha aspettato di sentire delle notizie da Mary.
spa,¿Sufriste una descarga eléctrica?
spa,Tom fue directo a casa luego del trabajo.
spa,Ayer vi a Bill en la biblioteca.
fra,J'ai un voisin bizarre.
fra,Il y a eu un changement de plan.
eng,You threatened to leave.
eng,I lived alone on an island for three years.
deu,Ihr solltet wohl besser nicht so dicht am Lagerfeuer parken.
ita,Hai ricevuto i miei fiori?
ita,Cominciarono a leggere il Corano.
fra,Qui a piqué mon stylo ?
deu,Ich habe dir bereits die Wahrheit gesagt.
eng,"What do we reckon? Shall we head that way? ""Everyone else is heading the other way."""
fra,Tu as besoin de surmonter ta peur du noir.
eng,I couldn't find a clerk to wait on me.
spa,Estuve barriendo todos y cada uno de los recovecos de la sala.
spa,Quedate tranquila.
deu,Jerewan wurde im Jahre 782 vor unserer Zeitrechnung gegründet.
deu,Er isst ein Eis.
fra,Elle laissa tomber un papier et se pencha pour le ramasser.
spa,Hazme caso.
deu,"Maria denkt, sie sei ein Genie."
ita,Sta chiamando sua madre.
spa,La panadería está junto a la carnicería.
fra,Connaissez-vous de bons restaurants près d'ici ?
fra,Le sophisme du juste milieu est-il toujours fallacieux en éthique ?
eng,Spices and condiments should be arranged in an orderly manner.
spa,Dame a mí también un poco de azúcar.
spa,Compré un reloj y la caja venía vacía.
ita,"È meglio evitare, che se no gliene salta via un altro."
spa,Podés venir con nosotros.
fra,Il ne sait pas coder.
deu,"Wißt ihr, ob Tom zur Feier kommt?"
deu,"Sag mir, warum!"
spa,"¡Deja de moverte tanto! Haces que la barca cabecee, vamos a acabar volcando."
spa,Es una de las peores películas que he visto.
eng,Tom said Mary was likely to be last.
eng,The rain came to an end.
eng,She was stunned.
ita,Lui è un fumettista?
deu,"Ist es sehr wahrscheinlich, dass es dazu kommt?"
spa,¡Desayuno!
ita,Ha detto che è stato molto felice qui.
eng,Tom is no longer in danger.
deu,Bist du in Eile?
ita,Presto potrai farlo anche tu?
ita,Penso che non andremo per salute in Messico.
eng,I know you're not going to listen and that you'll make a mistake again.
ita,Dille che sono per strada.
ita,Lei capisce il suo mondo.
ita,Voi siete state drogate.
fra,C'est suffisamment vrai.
eng,She drinks nothing other than water.
spa,Es una pena la manera en que son tratados los ancianos.
ita,Bisognerebbe farlo veramente!
fra,Je me suis rendu à Tichy.
eng,Amelia was a twenty-four year old blonde.
spa,Gracias por recibirme.
eng,Which of your brothers is the eldest?
ita,Hai veramente scavato questa buca con quello?
ita,Il cane non le farà del male.
fra,C'est cette solution que nous avons choisie.
ita,Vorrei stare da solo.
fra,"Si tu n'as rien à faire, regarde le plafond de ta chambre."
deu,Die Erde hat die Gestalt einer Apfelsine.
fra,J'écris juste ce qui me passe par la tête.
fra,Tom a failli se marier.
eng,I know that Tom is a good student.
eng,Yanni was in the wrong place at the wrong time.
fra,Reviens me voir !
ita,Loro guardano la televisione?
eng,They were immigrants.
ita,Voleva che pulisse la sua stanza.
eng,I have work for Tom.
ita,Andiamo a costruire stadi in Marocco.
eng,This is not yours.
ita,Sto studiando tecnologia.
deu,Machen wir uns ohne weitere Umschweife gleich an Werk!
eng,I knew Tom was a child psychologist.
spa,Lo que para unos es religión para otros es mitología.
deu,Er wohnt im alten Fabrikgebäude.
fra,Un fils doit le respect à son père.
ita,Quanto ho da imparare?
deu,"Wir haben uns beeilt, um den Bus zu bekommen."
deu,Sei doch jetzt kein Spielverderber!
spa,¿Ha venido en autobús o en tren?
deu,In Schurken und Narren teilt sich die Welt.
fra,Vous ne m'avez toujours pas dit quel est votre numéro de téléphone.
deu,"Ich glaube, ich gehe zu Fuß zurück."
fra,Est-ce vraiment ce que tu veux ?
ita,Mi sento sempre avvilito.
deu,Maria hat Tom in den Allerwertesten getreten.
deu,Hast du schon Perlhuhnfleisch probiert?
spa,Una unión es una unidad de personas que meten ruido juntos o discuten entre ellos.
fra,Tom a-t-il été renvoyé ?
eng,Tom seems gullible.
spa,No conviene creerse el ombligo del mundo.
deu,Tom und Maria sind ein Herz und eine Seele.
eng,Ziri is going to finally ask Rima out.
ita,Ho bisogno di un programma che sia in grado di modificare questi tipi di file. Tu ne conosci?
spa,La niña siguió al conejo blanco.
spa,Confesaron que ustedes habían matado a Mary.
deu,Mit welchem Zug wird Herr Takase ankommen?
spa,Sus venas contienen agua.
fra,Est-ce un morceau de pain ou un morceau de gâteau ?
ita,Il tuo colore preferito è il marrone.
fra,"D'un seul coup, elle se mit à rire."
fra,Tout le monde sait que ce n'était pas ta faute.
deu,Das Publikum erhob sich applaudierend von den Plätzen.
ita,Vado a costruire banche in Italia.
eng,We don't need this much money.
eng,"You're unhappy, aren't you?"
fra,L'écureuil est grimpé dans l'arbre.
deu,Können Sie gut Messer schärfen?
ita,La sua casa è infestata.
spa,Mañana vamos a conocer la laguna.
eng,"I laughed so hard, my ribs hurt."
spa,Dan sólo tenía seis años de edad cuando fue raptado.
ita,Nella musica greca ci sono tracce evidenti della musica orientale.
deu,"Ich wusste nicht, dass Apfelbäume aus Samen wachsen."
deu,Tom machte einen schweren Fehler.
deu,Diese Schuhe bringen mich um!
ita,Gli restituì le chiavi.
spa,Llevo mil años amándote ya.
fra,Ils prendront le train de 8 h 30.
fra,Vous serez fusillé.
eng,There are too many people in this room.
ita,Dai che ti sei divertita!
ita,Io non esorcizzo nessuno.
spa,Yo antaño era más juguetona que ahora.
spa,La librería organizó un evento para el acto de presentación del libro.
deu,Naoko kann schnell laufen.
deu,In Dubai entsteht gerade der größte Flughafen der Welt.
spa,Me agripé hace dos días.
deu,"Du solltest dich nicht aufregen, sondern versuchen, sachlich zu bleiben."
deu,Tom steht wieder am Anfang.
eng,Can you guys come?
eng,She shouted as loud as she could.
fra,Je comprends votre dilemme.
deu,Welchen Komponisten mögen Sie am liebsten?
spa,Mi hermano me corrigió los errores de la redacción.
fra,C'est un bain de sang.
eng,Why are you upset with Tom?
spa,Él no tiene ningún derecho sobre la propiedad.
ita,Mary assaggiò l'insalata e decise che doveva mettere meno cipolla.
spa,Tom mostró su acuerdo sin vacilar.
spa,¿Te puedo convencer quedarte unos días más?
eng,Tom is pretty cool.
fra,Il faut être prêt à bien réagir aux risques.
fra,Vous êtes bien aimable.
deu,Er kann Grün und Blau nicht auseinanderhalten.
fra,"Lorsque vous traduisez, n’oubliez pas que vous apprenez davantage."
fra,J'ai vu un mendiant qui demandait la charité.
ita,"Ci amiamo, però non facciamo più l'amore."
deu,So wunderschön!
spa,"¿Sino, cómo vas a decir ""cama"" en rumano?"
spa,"No se nace mujer , se llega a serlo."
deu,"Ich denke darüber nach, bei ihm einzuziehen."
spa,Se destapó el asunto.
spa,Lo tengo como ignorante.
spa,Esta frase es gramaticalmente correcta.
ita,Hanno scritto la lettera loro stesse.
fra,C’est vrai qu’on guérit d’un rhume en le refilant à quelqu’un d’autre ?
fra,Je ne suis pas sûr de ce qui ne va pas avec la voiture.
fra,Elle n'était probablement pas seule.
fra,L'Algérie donne la priorité à la sécurité de l'emploi.
deu,Bleib ihm fern!
deu,Wir müssen mit Ihnen sprechen.
fra,Hier elle allait bien.
fra,Jésus naquit à Bethléem.
spa,Sus bíceps son muy grandes.
eng,Tom was surprised that anyone else was there.
ita,Sta cercando un dizionario.
deu,Ich hörte jemanden schreien.
deu,"Ich hoffe, dass Tom das nicht noch mal tun wird."
ita,Smettila immediatamente.
eng,That's the kind of joke you'd make.
eng,It’s her father’s diligence that allowed him to become such a renowned musician.
eng,Sami was talking about his girlfriend.
ita,Annaffiava i pomodori.
eng,I'll only talk to Tom.
spa,Tom definitivamente necesita ser un poco más sociable.
deu,Wir werden einander beschützen.
eng,"You have everything you want, don't you?"
eng,Ziri lit up his bike and took off.
ita,La cosa mela è meravigliosa.
ita,L'arabo non è così difficile.
eng,Tom made these.
ita,Non vanno a fare carriera in Somalia?
eng,"You didn't tell Mary why I wanted her to do that, did you?"
eng,"I have my goals, plans, and reasons for learning the Kazakh language."
deu,Lassen Sie Ihre Sachen nie unbeaufsichtigt liegen!
deu,Die Wunde heilt.
ita,Penso che non andrai per salute in Madagascar.
deu,"Ich könnte dir eines kaufen, wenn du möchtest."
eng,What did Tom ask about?
fra,Je suis désolé d'avoir dit ça.
spa,Recuerdo haberla visto una vez.
eng,They are surely at home because the light is on in the room.
ita,Egli decise di studiare legge.
eng,That's been tried.
ita,A un tratto la porta si aprì e un uomo entrò nella sala.
deu,"Mein Sohn hat sich zur Gewohnheit gemacht, früh aufzustehen."
fra,Le public n’adopte hier que comme une arme pour frapper sur maintenant.
spa,Tengo el triple de libros que él.
eng,"Tom isn't suggesting Mary could've done that, is he?"
deu,Frischen Sie Ihr Wissen auf!
fra,"Au final, mes contributions me servent un peu de journal intime."
eng,"Mary is very tired, and she's hungry."
fra,J'ai vécu dans la pauvreté.
spa,¿Me enseñas a jugar al ajedrez?
ita,Guardate questo fiore.
spa,Septiembre es el noveno mes del año.
eng,Southern Algeria is exposed to security threats.
spa,Sin duda es el mejor para el puesto.
fra,Tom est très riche.
ita,Mary si ricorda di voi.
spa,"Esta fue tu idea, ¿no?"
eng,We had to do that.
deu,Dieses Problem ist vollständig gelöst.
spa,Cállate mientras comemos.
spa,Quédate aquí con nosotras.
eng,I'm determined to solve this puzzle before I go home today.
eng,He says he agrees with her.
deu,Für heute Abend sind heftige Regenfälle vorhergesagt.
eng,He's standing on the table.
fra,"Médire, c'est rappeler sans nécessité les fautes commises par les autres."
deu,Ich habe Bilder.
deu,Er hat gute Aussichten auf Erfolg.
spa,Mira éstos.
spa,Me gusta ir a ver juegos de béisbol.
spa,Los ordenadores se usan para enviar mensajes por e-mail.
spa,¿Le has mentido alguna vez a tu madre?
ita,Non la riesco a pagare.
eng,Donald came with a pitchfork in his hands.
deu,"Da ich Hunger hatte, ging ich in die Küche, um mir etwas zu essen zu holen."
deu,Die Schule ist fünf Kilometer von mir zu Hause entfernt.
fra,Tu as revêtu tes habits neufs et tu es partie te promener.
ita,Noi ci crediamo.
ita,Non va a costruire arene in Brasile.
spa,Ellos le dispararon a Mary.
deu,Bist du je mit deinen Kindern zum Strand gegangen?
ita,Va a costruire allevamenti in Austria.
eng,The boy was admitted to the school.
ita,È un sito indecente!
spa,Vuestras bocas están secas por la sed.
ita,Ridaremo un colpo di mocio.
deu,"Enttäusche mich nicht, Tom!"
eng,I love my family.
eng,We'll succeed.
eng,I don't see why I should be there.
eng,Sami loved the entire trip.
deu,Spielt ihr gerne Volleyball?
spa,Necesito una bolsa de papel para guardarlo.
spa,Dile que estoy haciendo la cena.
deu,"Es ist nicht leicht, Gold zu finden."
fra,Nous avons rendu visite à notre grand-mère.
ita,Va a costruire case in Germania?
eng,He went down to the village.
eng,Tom isn't the one that did that wrong.
eng,Is the door open or closed?
eng,Tom painted the window sills white.
eng,That party is very anti-Islam.
eng,Ziri said he heard voices there.
ita,Come avete gestito la situazione?
fra,Ce style de chapeau est à la mode en ce moment.
fra,Je suis certain de pouvoir faire mieux.
eng,They were the only ones present there.
spa,¿A quién pertenece este paraguas?
fra,J'ai aimé apprendre le français.
spa,Tom está empacando.
spa,¡Lo pagarás caro!
ita,Mary ha detto che stava cercando un impiego a Boston.
fra,J'avais hâte de vous rencontrer.
deu,"Ich nehme an, das ist nicht gut."
ita,Posso lasciare la mia bici qua?
deu,Das würde mich überraschen.
eng,Tom will only be in Australia for three days.
spa,Las hojas caen en otoño.
spa,El uranio tiene que ser enriquecido antes de que pueda ser utilizado en armas nucleares.
fra,Vous avez dit que vous étiez ici hier.
eng,You look like you've been living under a rock your whole life.
deu,Ich kann mich nicht auf englisch verständlich machen.
spa,¿Cuánto rato te quedas?
fra,Vous êtes les dernières en mathématiques.
fra,« À quoi penses-tu ? » « À rien... »
ita,Me l'hai già detto.
deu,Er hat eine Medaille gewonnen.
eng,A short billion is equal to a thousand millions.
deu,Er war auf einer Geschäftsreise.
ita,"All'estremo, su Tatoeba ""Sì"" potrebbe venire collegato a ""No"" attraverso diverse traduzioni."
fra,Elle n'a pas encore planté des oliviers dans son champ.
deu,"Sie hätten Toms Gesichtsausdruck sehen sollen, als ich ihm sagte, was geschehen war."
spa,¿Te resulta familiar?
eng,I made them an offer.
spa,Has de permanecer despierto.
ita,Io apprezzo la vostra discrezione.
fra,Rima a refusé d'avoir un avortement.
fra,Tom n'est pas un très bon compositeur.
eng,I am unwilling to cause problems for myself.
deu,Wer hat das Brot gegessen?
eng,Tom says he's going to find out what needs to be done.
fra,J'ai travaillé main dans la main avec lui.
eng,I really liked watching you dance.
ita,Io non mi sono ancora concentrata.
eng,Diego would see Melissa no matter what time he was working.
fra,Le paquet est arrivé il y a trois heures.
fra,J'ai presque été écrasé par une voiture.
eng,She still lacks an evolved perception for the beauty of language.
fra,Tu dois rester là-bas.
fra,Je n'arrive toujours pas à croire que je l'ai fait.
eng,Tom and Mary are almost finished.
fra,Notre devoir est de nourrir l'espoir.
deu,Schreibpapier bitte.
spa,No estoy nada nervioso.
fra,Le raisonnement et la philosophie ne nourrissent pas son homme.
spa,Unos muchachos tímidos eran sometidos a las burlas de sus compañeros.
eng,Do you know your name?
deu,Auch ich bin mir da ganz sicher.
deu,"Ich weiß nicht, wovon Sie sprechen."
fra,C'est du plus profond de mon cœur que je te dis que je t'aime.
ita,"Dove andrai fra un mese? ""In Irlanda."""
ita,Dio ha sentito le mie preghiere.
eng,The other team took us lightly.
ita,L'insegnante legge il libro.
deu,Du bist ein schrecklicher Tänzer.
deu,Karotten sind gut für die Augen.
ita,Andate a costruire allevamenti in Islanda?
ita,Tom sembra molto sconvolto.
fra,Elles militent pour le kabyle.
fra,"Oh, il neige !"
ita,Tom non è arrivato in tempo.
ita,Sono praticamente al verde.
eng,Tom was born in the winter.
ita,Non capivano la domanda.
fra,Il est difficile d'être humain.
eng,It was pretty obvious that Tom was the one who did that.
fra,Sa voiture est entrée en collision avec un train.
spa,Recibimos libros nuevos todos los meses aquí en la escuela.
eng,Tom said that I should've stayed and helped Mary.
spa,Estoy aprendiendo húngaro y polaco en Duolingo.
deu,Tom hat einen Freund angerufen.
deu,Ich muss gehen.
ita,Il latte di Yanni sa di capra.
eng,I'm after you on the list.
deu,"Ruhm ist das, was du scheinst, der Charakter ist das, was du bist."
deu,Layla hatte es nicht eilig.
ita,Io vorrei lavorare in Australia.
eng,I know Tom won't leave without me.
spa,Ella encontró el monedero debajo del escritorio.
fra,C'est plat comme une crêpe.
ita,Avete il passaporto sudafricano.
ita,Sto bevendo birra adesso.
eng,I want to leave my farm to my grandchildren.
fra,Vous vous sentez bien ?
fra,N'oubliez pas d'éteindre le gaz en sortant.
fra,Nous sommes ainsi faits.
spa,María se gasta mucho dinero en ropa.
deu,Sie hatten mit allem recht.
deu,Seit wann sprichst du denn Ukrainisch?
spa,No puedo deciros dónde vive Tom.
ita,Tu hai mai pulito la tua cucina?
eng,Tom sold everything that he owned and moved to Australia.
deu,Kannst du mir irgendeinen Beleg für deine Aussage zeigen.
fra,Le petit-déjeuner est un buffet à volonté.
fra,Qu'aimeriez-vous faire dimanche?
deu,In meinem Auto ist kein Platz für eine weitere Person.
spa,Dos niños salieron corriendo de la habitación.
deu,Sei nicht unverschämt!
ita,Il 90-95% della popolazione non capiva il latino.
eng,Nobody would guess that it was a fake.
